COUNT;Direzione Vento;Radiazione Globale;Temperatura;Umidita Relativa;Velocita Vento;Ammoniaca;Benzene;Monossido di Carbonio;Biossido di Azoto;Ossidi di Azoto;Ozono;PM10;PM2.5;Biossido di Zolfo
4,0;240,73626086956543;76,99895470383285;0,83441483198146;73,974826147427;1,535703245749614;;3,3;0,9246376811594196;51,57119565217391;96,44510869565214;14,552173913043475;67,33333333333333;60,5;2,3826086956521744
4,0;266,2953993055554;68,94687500000002;3,2986111111111085;69,86750000000008;1,6816358024691351;;4,4;1,2055555555555555;62,85625;142,14427083333328;12,762499999999998;79,33333333333333;68,0;4,2375
0,0;159,35928819444425;60,90104166666666;4,4969907407407375;72,9604166666667;1,3775462962962957;;2,45;1,5569444444444442;81,89843749999996;243,5682291666665;11,900000000000004;45,0;38,5;4,299999999999999
0,0;182,47656250000009;82,44201388888895;9,4613425925926;50,43749999999997;3,734182098765433;;2,1;1,1069444444444445;57,468750000000036;121,28020833333332;28,456944444444453;28,33333333333333;20,5;5,283333333333334
0,0;209,78736933797916;83,93076923076922;7,3395809080325884;37,502785515320326;1,7462848297213602;;3,0;1,1152777777777778;72,91562500000002;172,08333333333337;24,52916666666666;53,0;44,5;4,408333333333333
3,0;150,79329268292688;77,34195804195805;4,326218097447796;58,22896935933143;1,9389318885448912;;4,050000000000002;1,2718309859154928;72,63089005235601;162,15706806282725;18,99166666666666;88,33333333333331;76,0;4,066666666666666
1,0;212,73967013888873;50,97222222222222;5,085995370370376;73,11388888888885;1,0195987654321;;3,7;1,3552941176470583;81,91822916666669;230,65625;11,248611111111114;76,33333333333333;63,5;2,308333333333333
2,0;246,85243055555557;72,30277777777776;6,78506944444444;71,03499999999997;1,6148919753086406;;4,2;1,3187499999999994;75,1505208333333;193,05520833333324;22,034722222222207;83,33333333333333;69,0;1,4916666666666665
3,0;225,2245644599305;62,144055944055935;5,719324796274727;73,25668523676886;1,578482972136224;;2,233333333333334;1,6958333333333329;87,02968749999997;265,57291666666663;18,158333333333328;49,66666666666666;40,5;1,3500000000000003
3,0;213,84252173913052;65,55644599303137;10,036152954808806;67,23685674547984;3,000695517774345;;2,066666666666667;1,205208333333334;59,09270833333331;104,49583333333337;23,34583333333333;64,66666666666667;57,5;3,0291666666666663
1,0;189,0338541666663;68,2576388888889;8,396064814814821;57,02624999999999;4,566126543209877;;3,0666666666666664;1,1978947368421056;44,261780104712045;77,73246073298431;39,91388888888887;34,666666666666664;23,5;1,7500000000000002
5,0;248,1717013888888;89,50381944444445;8,834722222222227;36,93861111111109;2,0163580246913555;;4,433333333333334;1,6208333333333331;81,14611111111115;213,91666666666674;32,48333333333334;70,66666666666667;55,5;1,7541666666666664
2,0;131,41406249999994;18,761458333333326;6,184375;57,541527777777745;1,3192129629629654;;4,9;1,696875;96,80595238095242;304,67142857142846;16,6625;88,5;66,0;2,075
5,0;240,33078260869587;15,046689895470381;6,548667439165702;70,75716272600839;1,3476816074188562;;4,4;1,7197916666666668;92,84107142857141;317,27023809523797;19,098611111111108;73,66666666666667;62,5;3,5875
4,0;102,33428819444435;18,04097222222222;4,620023148148146;84,82166666666652;1,751929012345678;;3,1666666666666665;1,6677083333333331;78,50595238095234;246,18809523809537;18,675000000000004;69,66666666666667;58,0;2,5083333333333333
3,0;110,39582608695663;11,135191637630664;6,304307334109428;94,65368567454746;2,0796754250386438;;2,433333333333333;1,3968749999999992;63,31833333333329;161,43444444444447;16,373611111111117;30,66666666666667;24,5;2,529166666666667
4,0;192,00410122164038;45,76771929824561;8,192093023255826;90,32914923291504;2,370077519379844;;2,5666666666666664;1,171875;55,06627906976747;103,83023255813956;21,891666666666683;32,666666666666664;28,0;2,8
2,0;237,44184027777797;59,49236111111111;5,699652777777776;83,39833333333333;1,3197530864197535;;4,866666666666666;1,2291666666666672;61,53928571428575;109,47810650887571;18,89722222222221;55,66666666666666;44,5;
2,0;217,6783854166664;39,90972222222224;4,460995370370369;84,3808333333335;1,047993827160496;;3,975000000000001;1,6916666666666669;75,80624999999995;270,0305084745763;15,976388888888884;64,0;47,0;2,4875000000000003
4,0;161,01892361111106;74,61666666666666;5,47476851851852;78,52930555555557;1,5966820987654315;;3,1666666666666665;1,4770833333333329;71,50104166666661;210,8057291666668;18,151388888888885;40,66666666666666;35,5;3,470833333333333
1,0;166,92126736111118;8,851041666666667;3,75891203703703;91,38077474892393;1,8287808641975305;;3,2;1,5281250000000004;73,66145833333331;198,9625;14,638888888888893;30,0;28,5;3,5500000000000003
1,0;229,41371527777758;12,901041666666668;4,2104166666666725;95,19151343705799;1,5030092592592594;9,1;4,125;1,3416666666666666;57,32864583333332;140,1640625;12,197222222222221;45,33333333333334;36,5;3,541666666666666
2,0;220,22612847222214;79,56562500000003;5,888773148148153;87,45736111111124;1,553009259259258;8,2;4,733333333333333;1,6270833333333323;70,3880208333333;218,4885416666667;15,445833333333333;61,33333333333334;50,5;5,291666666666667
2,0;224,83342013888873;90,35763888888887;5,652546296296293;80,0645833333334;1,0749228395061752;3,0;1,9;1,9729166666666664;85,87135416666666;323,84374999999994;20,838888888888885;16,0;11,0;5,95
4,0;226,7385416666668;101,97569444444444;6,844212962962966;35,989861111111104;2,3295524691357996;3,8;2,233333333333333;1,2468749999999995;65,91302083333339;140,15468749999994;27,343055555555555;27,33333333333333;21,5;4,183333333333334
2,0;211,8149305555555;96,15625;5,689699074074073;48,875138888888884;1,5259259259259266;9,3;4,5;1,3385416666666667;73,77291666666666;145,6906250000001;21,97083333333334;73,0;58,0;3,125
4,0;189,3672743055556;52,78333333333333;3,272800925925922;65,28375;1,1242283950617284;6,7;3,966666666666667;1,9375000000000009;99,76210526315792;321,7821052631578;19,140277777777786;60,66666666666666;48,0;3,35
3,0;192,2413194444444;94,20763888888888;3,4141203703703664;61,959305555555545;1,4341820987654297;6,5;6,066666666666666;1,7614583333333345;86,88125000000002;265,95625000000007;17,204166666666666;64,0;51,0;2,9875000000000007
2,0;127,09739583333337;21,279166666666672;3,03128621089224;66,9238888888889;1,818827160493826;5,9;2,3000000000000003;1,84375;92,42812499999992;289,5572916666665;19,98055555555555;35,666666666666664;32,0;4,291666666666667
2,0;239,39869791666663;91,90555555555555;3,3674768518518485;72,9465277777777;2,6625771604938233;5,8;3,0666666666666664;1,3677083333333335;68,2822916666667;135,09214659685853;19,6875;42,0;33,5;6,570833333333334
5,0;121,59453124999996;99,84236111111109;2,9016203703703694;62,526666666666706;1,960185185185184;6,2;2,8666666666666667;1,5854166666666678;77,10677083333337;194,49427083333333;23,052777777777766;49,33333333333334;43,5;5,904166666666668
1,0;263,2425087108016;115,59825174825173;3,6247099767981448;60,52618384401106;1,894736842105266;5,2;3,5;1,6093750000000009;66,83854166666667;147,33333333333331;24,04166666666665;45,0;32,5;6,095833333333335
2,0;225,1243923611113;117,39479166666666;4,301736111111107;48,38319444444448;1,5568672839506164;6,1;3,1;1,7802083333333334;85,91666666666669;246,97708333333333;19,11944444444444;61,0;48,0;5,433333333333334
3,0;111,65199652777781;22,20104166666667;3,3082175925925945;66,02277777777779;2,195447530864198;6,9;2,95;1,634375;77,50624999999998;187,24114583333332;16,505555555555556;55,0;40,5;3,8625
3,0;224,36996527777785;38,973611111111104;5,376851851851843;56,59625000000005;1,7600308641975289;6,7;2,3;1,545833333333334;78,71666666666668;182,99843749999997;16,266666666666666;19,33333333333333;13,5;4,779166666666668
1,0;164,79574652777785;5,451388888888888;2,474074074074082;84,90152777777774;1,649845679012346;7,7;3,05;1,4385416666666668;65,428125;132,68906250000006;17,338888888888892;20,0;18,5;3,058333333333333
3,0;201,34696180555574;19,662847222222226;1,6892361111111138;96,94624447717231;1,1888888888888858;5,9;1,9666666666666668;1,6166666666666671;78,92499999999998;216,1145833333335;11,894444444444444;24,66666666666667;21,0;2,916666666666666
3,0;191,22369791666648;56,803819444444436;2,831712962962964;89,93010432190773;1,6000771604938278;4,7;2,1;1,442708333333333;62,6036458333333;99,35520833333337;27,34166666666668;37,0;35,5;0,9458333333333332
2,0;206,84791666666652;100,803125;3,2354166666666635;70,04388888888882;2,9158950617283854;4,9;2,766666666666667;1,4395833333333332;53,75208333333333;88,87447916666667;25,894444444444453;56,0;47,5;1,8291666666666664
6,0;174,19722222222245;123,24479166666669;3,886111111111106;62,27333333333332;2,0775462962962954;6,1;3,65;1,6604166666666662;77,5645833333333;165,38802083333331;23,530555555555548;92,33333333333331;78,5;1,7374999999999998
1,0;119,59826388888894;128,0177083333333;4,649652777777781;63,97666666666668;1,5290123456790108;8,8;4,5;1,8635416666666669;98,24843749999997;224,19427083333323;11,442857142857143;111,66666666666669;92,0;1,825
2,0;197,2680555555554;120,26701388888887;5,670370370370373;65,88916666666661;1,2378086419753065;8,8;5,366666666666667;2,111458333333334;107,09479166666672;273,3265625000001;10,695833333333333;131,33333333333334;123,5;2,5
2,0;108,78611111111105;112,21493055555555;4,747337962962966;76,42805555555566;1,7486882716049366;9,5;3,9666666666666655;2,2590361445783134;109,87374301675979;301,06871508379885;22,359154929577464;141,33333333333334;134,5;1,8166666666666669
1,0;177,52656249999984;37,01319444444445;5,846064814814807;79,00138888888907;1,195987654320987;7,6;2,625;1,8105882352941167;91,01270718232044;207,3138121546962;8,997959183673471;60,33333333333334;50,0;2,516666666666667
1,0;74,62361111111113;12,273958333333335;4,257754629629623;94,81222222222205;1,9365740740740756;6,6;2,5;1,4770833333333335;69,4536458333333;123,12656250000002;15,15211267605634;24,0;20,0;1,8583333333333327
4,0;166,4410590277781;11,77708333333333;4,2663194444444414;95,91736111111109;1,5000771604938252;7,3;3,2;1,4854166666666666;60,76562499999998;113,5135416666667;13,377777777777775;36,333333333333336;23,5;2,2
2,0;226,16258680555526;41,46458333333335;7,445717592592598;83,47472222222235;1,5779320987654315;6,6;2,825;1,7395833333333333;84,44583333333333;219,8036458333333;15,44444444444444;51,66666666666666;41,5;2,5708333333333333
4,0;168,14913043478282;121,802787456446;9,017265353418317;63,7894297635605;1,55950540958269;4,8;2,45;1,5760416666666666;78,18802083333338;170,41458333333333;25,390277777777786;58,0;46,0;3,1708333333333343
3,0;112,1506076388888;136,73263888888889;6,7452546296296285;62,794861111111146;1,921296296296296;6,3;3,8;1,4718750000000007;73,13333333333331;119,92135416666662;32,0013888888889;84,0;69,0;0,9909090909090912
5,0;188,24253472222225;135,66805555555555;6,209953703703699;69,66819444444441;1,3038580246913576;6,4;3,95;1,795833333333334;90,31822916666664;203,3958333333336;22,79583333333333;76,33333333333333;63,5;2,125
3,0;201,31808695652177;132,09721254355404;6,869988412514486;70,97482614742694;1,4350077279752702;5,1;1,6333333333333335;1,8322916666666669;85,4395833333333;222,1536458333332;32,79999999999998;57,0;52,0;3,3166666666666664
4,0;96,71718464351014;14,166319444444447;5,899254658385097;85,9707646176908;2,8570987654321023;5,0;1,1;1,4145833333333346;58,29635416666661;82,10572916666662;31,777777777777786;14,666666666666664;12,5;2,891666666666667
6,0;196,9298611111113;76,30486111111112;6,7965277777777695;85,63072916666627;2,40949074074074;5,4;3,5666666666666664;1,3322916666666662;44,83645833333333;63,082291666666706;42,56666666666669;43,33333333333334;34,0;3,916666666666666
4,0;208,49168173598565;95,24409722222221;7,251533742331293;73,89423929098946;1,2030092592592592;4,7;2,7;1,8937500000000005;84,4520833333333;216,33593749999991;13,823611111111116;27,5;20,5;4,516666666666667
4,0;159,01571180555558;18,24930555555556;7,587615740740741;68,03222222222215;2,3875771604938287;3,2;1,5;1,7385416666666669;80,5953125;196,69322916666653;21,502777777777773;16,5;9,0;4,404166666666667
3,0;184,5946180555556;141,49201388888892;9,38703703703704;47,01180555555558;2,1102623456790126;5,0;2,333333333333333;1,423958333333334;62,99218749999998;119,83541666666677;33,1861111111111;27,66666666666667;20,5;3,2875
2,0;146,1234375000001;102,37152777777777;8,032523148148139;55,48750000000002;1,8578703703703696;6,5;2,533333333333333;1,5843750000000003;75,13229166666672;151,5354166666667;21,345833333333328;52,0;39,0;2,704166666666667
1,0;210,68975694444438;67,67604166666668;8,32326388888889;60,707222222222214;1,371450617283948;7,0;2,8000000000000003;1,6749999999999998;80,4130208333333;172,24635416666672;13,74583333333333;64,66666666666667;51,0;3,795833333333334
10,0;156,7348090277779;86,52048611111111;8,62905092592594;63,22097222222222;1,1777777777777785;8,1;3,5666666666666664;1,7416666666666665;76,82135416666667;165,66927083333314;19,209722222222226;60,33333333333334;47,5;3,3875000000000006
5,0;230,7246515679441;139,51958041958045;9,005336426914152;64,14512534818945;1,6160990712074301;8,8;1,8;1,9125000000000008;74,00885416666667;201,15625000000003;30,68194444444445;39,333333333333336;31,0;3,5916666666666663
4,0;216,5849826388889;58,778125;9,748032407407392;75,88486111111098;1,9169753086419767;6,4;1,7666666666666668;1,6114583333333332;70,33906250000003;113,08749999999996;23,347222222222232;35,333333333333336;28,5;3,4875000000000003
6,0;151,9532118055557;174,69930555555553;10,423148148148153;54,501944444444455;2,5419753086419745;8,0;2,1666666666666665;1,5739583333333331;66,50312500000001;126,17708333333326;28,99027777777778;53,0;43,0;2,8083333333333336
5,0;174,72552083333343;115,21666666666664;8,61840277777778;75,42736111111115;2,0677469135802435;2,3;0,9;1,7229166666666664;62,2010416666667;133,04375;23,40416666666665;13,666666666666664;10,0;2,4666666666666663
2,0;190,9673611111112;191,46423611111112;9,493055555555552;36,003070175438594;4,897685185185185;1,8;1,7666666666666668;1,4072916666666673;45,88177083333333;75,74375000000002;42,93333333333333;26,0;19,0;1,6916666666666662
3,0;166,3378472222224;186,19097222222226;8,541550925925915;30,753888888888923;1,909645061728397;3,1;1,35;1,5375000000000012;71,32343750000005;129,38125000000005;21,68888888888889;27,33333333333333;20,0;1,3625
2,0;136,36145833333342;181,35451388888885;8,433449074074067;40,516111111111115;2,058873456790128;6,1;1,9250000000000005;1,4687500000000002;59,88906249999997;91,43281249999997;35,838775510204094;47,66666666666666;39,0;0,725
3,0;140,93420138888882;182,55729166666663;8,357986111111106;48,363194444444474;1,7706018518518534;6,8;2,125;1,614583333333334;65,97500000000001;109,54270833333334;37,318750000000016;53,5;40,0;1,3374999999999997
4,0;122,01032986111096;141,13715277777771;7,795138888888882;52,94416666666666;1,8539351851851855;12,4;2,975;1,7333333333333336;72,4072916666667;123,90885416666669;33,90624999999999;81,0;60,5;1,3315789473684212
5,0;215,65329861111098;180,7423611111111;9,828587962962962;52,27624999999996;1,3417438271604911;15,7;3,4000000000000004;1,8302083333333323;84,53124999999999;163,33854166666669;24,8625;99,66666666666669;78,0;
10,0;186,34852430555543;178,60347222222222;12,683912037037055;51,38013888888892;2,0497685185185204;13,4;1,7;1,7395833333333317;92,26874999999997;183,25937499999992;34,12833333333332;46,0;34,5;3,63913043478261
3,0;139,9627604166669;195,2496527777777;10,880555555555553;42,07902777777782;2,0241512345679022;12,5;2,233333333333333;1,0677083333333337;62,12447916666661;100,1296875;41,87638888888888;53,5;39,0;1,5041666666666664
4,0;149,64678819444433;186,65243055555558;10,442361111111106;43,20208333333329;1,9727623456790109;15,3;1,5;1,2812499999999996;76,65312500000003;145,41197916666667;31,24305555555555;43,33333333333334;32,0;3,325
4,0;81,53098958333334;97,49270833333333;9,814368482039402;44,20138888888889;2,5386574074074058;15,8;1,4333333333333331;1,085416666666667;53,64531250000001;75,66562500000003;51,523611111111116;41,333333333333336;32,0;1,554166666666667
3,0;96,62309027777786;137,01388888888889;9,868634259259263;52,44902777777778;4,570447530864207;14,9;1,9;1,085416666666667;38,46979166666665;52,204687499999984;65,36666666666667;35,0;29,5;0,8791666666666665
4,0;163,19730902777772;27,43506944444445;7,62395833333333;88,06875000000021;2,2180555555555546;13,7;2,533333333333333;1,2687499999999998;61,90052083333334;93,32499999999992;36,226388888888884;34,0;27,5;0,3458333333333334
3,0;271,8835069444446;55,515972222222224;9,776157407407393;84,00208333333336;1,4799382716049343;10,8;2,966666666666667;1,4343749999999995;78,62291666666668;132,83958333333322;19,24722222222222;56,66666666666666;47,0;0,8916666666666667
5,0;148,26041666666674;170,2871527777778;10,816685979142523;71,18888888888895;1,5228395061728406;9,8;2,425;1,5229166666666671;71,8453125;157,40208333333334;25,05833333333333;86,33333333333331;69,5;2,2166666666666663
5,0;141,14288194444433;173,11527777777778;12,013310185185196;62,372361111111076;1,61658950617284;7,1;1,85;1,463541666666667;73,78906250000004;131,52447916666668;33,86666666666667;59,66666666666666;45,0;2,566666666666667
2,0;121,41501736111091;147,66458333333333;12,486111111111107;49,61124999999997;1,7307098765432103;12,8;1,475;1,3020833333333328;67,94712041884817;98,06387434554966;44,050704225352106;53,33333333333334;43,0;2,2826086956521734
2,0;109,37469565217393;95,8048780487805;11,513789107763618;55,39819193324064;1,999536321483772;11,9;1,275;1,2322916666666666;51,29374999999998;68,79062499999999;57,25972222222222;33,666666666666664;30,5;2,9
2,0;176,932204861111;46,984375;8,943634259259266;84,89388888888894;2,3808641975308618;11,2;2,3000000000000003;1,2718749999999994;44,5614583333333;62,27135416666667;49,57916666666666;49,5;47,0;2,7374999999999994
11,0;146,50295138888902;199,68229166666663;11,278240740740753;64,10555555555551;1,6929012345679018;10,7;2,05;1,4947916666666667;64,7919786096257;126,50052083333338;35,60138888888889;70,0;59,0;3,9625
10,0;105,53628472222228;78,8135416666667;12,039351851851855;65,18333333333327;2,185262345679011;10,7;1,525;1,4968750000000002;71,325;109,48020833333328;34,21527777777778;35,666666666666664;32,5;4,795833333333333
1,0;214,5141493055557;38,845486111111114;10,240740740740756;87,52541666666642;2,4350308641975316;10,2;1,5666666666666664;1,3843749999999988;60,1708333333333;94,27239583333336;32,29722222222223;28,33333333333333;27,0;5,370833333333334
1,0;198,7877391304347;93,83379790940769;11,990023201856141;85,04617524339359;1,5967542503863963;3,0;1,05;1,2979166666666668;50,43385416666669;85,8458333333333;26,79166666666667;16,333333333333332;16,5;5,8916666666666675
1,0;284,0234374999993;248,59826388888888;14,737500000000026;42,87208333333334;4,639120370370375;3,0;1,3250000000000002;1,215625;46,94739583333334;75,59583333333332;45,50416666666669;22,0;21,0;5,529166666666666
8,0;177,22447916666678;238,12881944444447;14,08125;37,329166666666644;1,8795524691358003;5,2;1,3;1,231249999999999;56,26302083333329;88,27604166666669;44,44027777777778;31,33333333333333;29,0;5,558333333333334
4,0;120,72352430555547;174,69652777777776;13,8548611111111;43,72125000000001;1,7354938271604912;9,1;1,225;1,2749999999999988;55,88593750000001;80,23697916666667;44,63750000000002;21,33333333333333;12,0;5,966666666666666
1,0;244,559375;213,509375;15,703703703703717;49,72611111111107;2,803472222222224;6,7;1,0;1,2291666666666663;48,22395833333334;85,74114583333333;49,31666666666667;22,0;14,0;7,208333333333332
7,0;234,0085069444445;238,10798611111113;17,48946759259257;40,500694444444434;3,728395061728393;0,5;0,525;1,2249999999999994;48,27291666666667;74,1927083333333;55,72083333333333;10,5;6,5;4,5375000000000005
5,0;276,8813913043473;260,0160278745645;14,87624565469292;15,990542420027811;7,253709428129822;0,8;0,85;1,0749999999999995;30,54136125654452;44,662303664921495;83,3125;14,666666666666664;10,0;0,3583333333333333
2,0;231,0443576388889;251,51909722222226;13,983449074074054;25,54124999999999;2,6489197530864192;2,8;1,2;1,1708333333333325;49,50729166666668;79,64374999999995;54,30000000000001;22,66666666666667;16,5;2,7625
3,0;112,65486111111125;222,2854166666667;13,211226851851858;41,684722222222256;3,5210648148148187;4,2;0,6000000000000001;1,187499999999998;41,90260416666668;57,607812500000016;60,619444444444454;17,333333333333332;13,5;0,8458333333333333
3,0;99,89320557491286;124,43846153846157;10,274155995343422;53,326044568245074;3,101702786377709;5,3;0,6749999999999999;1,176041666666665;33,65885416666664;44,5984375;71,5138888888889;16,0;13,5;1,2458333333333331
0,0;119,71306620209063;81,27342657342659;8,513457076566132;71,82576601671295;2,480030959752325;2,8;0,575;1,2322916666666657;24,39585798816568;34,56568047337279;62,29305555555556;12,0;13,5;0,9499999999999998
3,0;188,60651041666668;255,20173611111113;9,782638888888876;45,56499999999998;3,1412037037036997;0,7;0,875;1,134374999999998;28,99947643979059;38,94712041884815;66,9111111111111;18,666666666666668;13,0;0,21666666666666665
8,0;193,3978298611107;260,640625;11,4449074074074;21,082222222222214;2,989043209876538;3,4;1,6;1,198958333333333;48,47656249999995;70,8260416666667;58,26250000000002;35,666666666666664;29,0;0,0
3,0;187,58107638888885;255,46701388888889;12,902083333333335;30,097222222222204;1,8314043209876532;6,8;1,55;1,4031250000000008;71,49843750000002;129,21562500000007;40,89999999999999;51,66666666666666;46,5;1,7823529411764705
5,0;137,3913913043479;244,34041811846689;15,001274623406728;32,213908205841435;1,8037867078825287;10,3;1,5333333333333332;1,4104166666666669;73,8431818181818;121,00965909090908;47,8875;50,66666666666666;45,0;0,6347826086956521
4,0;140,968576388889;232,44444444444446;15,808796296296293;39,04777777777779;2,0456018518518486;10,5;1,0;1,3687500000000006;68,15773809523809;95,11190476190474;58,89722222222221;31,33333333333333;22,5;0,6916666666666668
6,0;242,0974826388889;235,29409722222226;15,122453703703707;48,320972222222174;2,7269290123456766;8,7;0,975;1,2604166666666672;46,85714285714282;60,641666666666644;76,41805555555554;39,333333333333336;29,5;1,2458333333333336
3,0;161,66258680555563;234,08784722222225;16,464583333333355;49,37583333333332;1,4310956790123446;9,6;1,7333333333333334;1,3385416666666663;48,90059523809524;63,719642857142865;81,09722222222219;51,0;38,0;0,525
4,0;235,4014756944442;248,9388888888889;18,886574074074066;46,85527777777775;2,1112654320987634;6,3;1,7333333333333332;1,4604166666666671;71,20416666666662;110,90952380952385;54,72916666666667;45,0;35,0;0,975
4,0;165,43610366398576;224,77247386759583;19,795767835550173;34,82294853963837;1,831684698608962;8,2;1,5666666666666669;1,4217391304347824;71,15121951219511;114,12987804878051;56,03055555555554;47,66666666666666;37,5;1,0750000000000002
3,0;139,76364444444442;245,33090277777782;19,23453237410072;37,783194444444455;2,017978395061729;7,7;1,1333333333333333;1,3615384615384616;67,99382716049378;93,08024691358023;65,52676056338026;34,0;24,0;1,9043478260869564
4,0;246,98397839784008;165,28437500000004;17,456495098039216;42,98277777777771;2,0479938271604907;8,5;1,0666666666666669;1,2788888888888892;50,89137931034482;65,72528735632183;75,70694444444446;24,66666666666667;17,5;3,158333333333333
3,0;201,7059895833333;61,914236111111094;14,090393518518505;77,7497222222223;1,7343364197530815;8,6;1,2333333333333334;1,325;57,16979166666669;77,2567708333333;51,97777777777779;31,33333333333333;27,0;1,6125
0,0;169,26875000000004;165,6128919860627;14,119393939393936;74,64832869080773;3,1094427244582064;2,3;0,6666666666666666;1,4632183908045973;42,833155080213935;67,30160427807486;44,35416666666666;17,333333333333332;18,0;1,9625
2,0;118,32711267605612;252,20972222222224;11,870247933884285;52,12152777777782;2,8652777777777816;4,4;1,6;1,3999999999999997;29,307407407407442;38,94497354497354;71,8347222222222;33,0;30,0;0,7375000000000002
2,0;191,18722073279739;272,6468749999999;13,963932448733432;47,44041666666672;1,494675925925923;6,1;2,1;1,6500000000000008;64,78288770053474;105,38235294117644;44,851388888888906;41,0;31,5;1,3625
4,0;173,8629694323145;271,95451388888887;17,524882629107974;42,52444444444443;1,5542438271604913;6,7;1,55;1,596385542168675;75,52670157068061;122,37329842931943;42,57777777777777;34,0;26,0;2,083333333333333
4,0;191,74392361111094;273,80590277777765;19,040046296296307;42,029027777777756;2,344058641975308;5,1;0,775;1,3833333333333335;63,04065934065933;97,53406593406594;61,88611111111115;21,33333333333333;19,0;3,7583333333333333
4,0;246,05677083333302;267,54340277777777;17,532060185185184;46,90333333333332;3,418750000000004;6,2;0,9;1,194791666666667;33,51249999999998;43,45416666666667;90,30277777777776;32,333333333333336;24,0;3,7291666666666665
3,0;177,8322048611113;268,8218749999999;17,352199074074072;49,640416666666695;2,692824074074073;7,0;0,7749999999999999;1,2473684210526326;41,375449101796406;53,59880239520959;91,70694444444449;34,666666666666664;28,0;2,6749999999999994
2,0;133,06249999999997;84,0451388888889;15,206191588785044;67,0186111111112;2,2863425925925904;8,9;0,9;1,2354166666666675;39,42206896551722;50,217931034482795;74,98333333333333;34,666666666666664;31,0;1,8291666666666668
4,0;179,47161458333346;88,99444444444444;15,697106481481473;77,03833333333333;1,2250000000000003;6,6;0,7666666666666666;1,3072916666666674;41,945138888888884;56,575694444444466;43,21666666666668;19,666666666666668;16,0;2,575
4,0;84,47083333333333;32,230902777777764;13,514583333333327;96,50263888888891;3,6385030864197527;5,0;1,0333333333333334;1,4447916666666671;48,945138888888856;74,78888888888888;36,93611111111111;18,33333333333333;13,0;3,0625000000000004
5,0;266,63217391304363;223,7132404181185;16,46825028968715;64,58581363004144;3,327047913446676;5,4;0,8333333333333334;1,362500000000001;43,570138888888856;73,58402777777779;40,01805555555557;21,33333333333333;22,0;3,6458333333333335
2,0;107,09166666666664;184,43472222222218;15,568981481481481;59,99180555555552;2,7236882716049378;5,8;0,975;1,121875;45,975694444444464;73,77083333333336;45,30416666666667;20,33333333333333;24,0;2,3666666666666667
4,0;171,3346354166666;208,1871527777778;15,475115740740732;71,03847222222205;2,173842592592595;5,2;0,8999999999999999;1,132631578947369;41,58391608391611;61,08601398601397;55,50277777777778;24,0;16,0;2,5333333333333337
4,0;134,83165217391314;20,35296167247386;13,651216685979149;80,00375521557713;1,579057187017001;6,3;0,825;1,1218750000000004;46,59583333333333;64,35347222222221;51,53194444444446;22,33333333333333;15,5;3,141666666666667
2,0;221,4679687499999;264,9381944444445;17,53807870370369;75,09388888888894;2,033796296296297;7,0;1,3;1,0989583333333337;31,004166666666645;45,63055555555556;53,09583333333334;32,0;20,0;3,4875000000000003
2,0;177,41362847222214;64,27152777777779;17,342178447276932;76,90861111111106;1,4590277777777767;7,0;1,7333333333333334;1,0958333333333337;37,11458333333334;53,71805555555557;49,26666666666666;28,0;17,0;3,158333333333333
3,0;165,35303819444448;119,3652777777777;19,038310185185203;69,67124999999993;1,2255401234567906;7,2;1,6666666666666667;1,2770833333333325;58,87708333333332;92,5388888888889;28,82777777777777;51,0;38,0;3,6666666666666665
8,0;125,56883680555563;161,928125;19,789930555555586;71,15847222222223;1,6689814814814814;8,0;1,9666666666666668;1,3343750000000003;52,742361111111144;83,09444444444443;42,65833333333335;60,0;41,0;3,6458333333333335
6,0;164,451736111111;172,98263888888889;20,843800695249133;67,85208333333338;1,8317901234567904;6,9;1,225;1,1437499999999996;59,08819444444444;94,3847222222223;43,29166666666667;41,0;30,5;6,083333333333332
1,0;147,92447916666669;231,41111111111115;20,49201388888891;62,699999999999974;1,9630401234567905;7,4;1,45;0,7697916666666672;45,16597222222222;69,72777777777783;60,356944444444466;37,66666666666666;27,5;4,004166666666666
1,0;131,5668695652173;203,6675958188153;19,965701042873714;64,63810848400551;2,2422720247295187;6,2;1,075;0,8625000000000004;62,125;93,12430555555555;50,42638888888888;18,33333333333333;14,0;3,979166666666668
3,0;237,8826388888891;248,0951388888888;20,567361111111108;52,72777777777786;1,6915123456790135;3,8;0,9;0,7156250000000006;48,6465277777778;71,6222222222222;42,78055555555553;14,333333333333336;9,5;4,062500000000001
0,0;181,4935763888889;296,04895833333325;22,053009259259266;36,91347222222221;1,9591820987654307;6,9;1,8333333333333333;0,7010416666666669;46,63888888888886;66,35594405594402;72,78888888888889;29,33333333333333;20,0;3,5291666666666663
2,0;163,94401041666663;272,7993055555555;22,0209733487833;44,799861111111106;1,8310956790123432;8,8;1,4333333333333331;0,8867469879518075;66,85642857142852;96,48857142857143;62,02361111111111;31,66666666666667;21,0;3,525
3,0;145,89236111111117;268,21666666666664;22,65358796296297;46,36222222222222;2,0317129629629624;9,8;1,3;0,8111111111111111;54,809090909090884;71,61699346405227;80,11388888888888;33,0;22,0;3,4000000000000004
5,0;199,672916666667;222,77118055555562;22,665972222222234;49,339166666666664;2,1983024691358017;7,8;0,6749999999999999;0,7555555555555554;46,19700598802396;60,61488095238092;82,00694444444447;32,0;19,5;5,170833333333333
5,0;233,68072916666668;284,86354166666666;22,313773148148112;55,62680555555551;2,5746913580246917;7,3;0,625;0,6988235294117645;32,38444444444446;42,229444444444454;84,75694444444446;26,66666666666667;15,0;6,095833333333332
5,0;152,02170138888874;154,12708333333333;18,407754629629625;69,22277777777778;5,480787037037042;7,9;0,725;0,7135416666666669;35,510937500000026;46,71302083333333;75,48055555555558;12,666666666666664;6,0;5,770833333333332
3,0;224,1642361111111;291,146875;19,432407407407414;70,1763888888888;2,083333333333332;8,6;0,725;0,6802083333333337;26,034374999999965;36,16354166666667;62,827777777777776;18,33333333333333;9,5;4,249999999999999
3,0;160,0456521739131;281,5135888501742;22,760718424101967;56,98108484005557;1,5683153013910345;7,4;1,125;0,7291666666666671;31,80468750000001;41,95833333333332;73,7763888888889;29,66666666666667;22,0;4,179166666666667
0,0;105,2492173913043;291,9710801393729;22,84739281575897;52,31418636995825;2,6608964451313737;8,5;0,8749999999999999;0,8093750000000001;41,94588235294117;59,07;72,1736111111111;25,66666666666667;19,0;5,070833333333334
4,0;216,6636521739133;197,3513888888889;21,393503480278444;55,90696378830082;2,299148606811147;7,2;0,7999999999999999;0,7126315789473687;36,64166666666666;47,32619047619048;77,60972222222226;12,333333333333336;8,5;6,020833333333332
1,0;225,4185763888886;132,71805555555557;16,20219907407407;74,55027777777785;3,3477623456790115;3,9;0,825;0,775;41,61488095238095;61,8309523809524;52,0361111111111;11,666666666666664;5,5;6,0458333333333325
5,0;197,52621527777774;149,25381944444447;13,843634259259264;64,62791666666672;2,6001543209876496;4,7;0,825;0,7156250000000003;41,45833333333333;62,12083333333333;52,28333333333335;16,333333333333332;16,0;5,358333333333333
4,0;209,55772569444488;170,57881944444443;15,617129629629655;62,46750000000002;2,169058641975309;5,5;0,925;0,7572916666666673;37,86904761904762;50,47321428571429;53,33749999999997;14,666666666666664;11,0;5,112500000000002
0,0;135,23206713780922;159,60539568345325;15,74982415005862;66,23295774647897;2,4247648902821344;5,3;0,65;0,7572916666666676;38,04880952380953;54,98035714285716;46,80694444444444;8,333333333333334;9,0;5,3875
3,0;234,9975609756097;262,9402097902098;18,11566125290024;55,3087743732591;1,8241486068111457;6,7;1,0499999999999998;0,7041666666666676;27,486904761904768;36,02440476190476;70,90138888888889;16,333333333333332;13,5;5,141666666666667
4,0;200,46189236111087;301,9836805555556;20,033564814814838;51,286805555555524;2,1858796296296306;8,7;0,925;0,8093750000000005;45,387709497206714;64,15586592178775;62,736111111111114;19,33333333333333;15,5;6,058333333333334
5,0;152,82521739130445;195,91254355400696;18,28921113689097;66,74061196105694;2,6227202472952102;6,6;1,025;0,7802083333333337;39,76562500000002;56,4333333333333;62,143055555555584;14,333333333333336;11,0;4,545833333333333
1,0;168,8477430555555;310,3704861111112;18,769328703703682;57,27513888888877;2,3233024691358017;8,0;0,9;0,7781250000000005;41,55416666666665;60,92499999999998;59,26666666666666;21,66666666666667;18,5;1,4541666666666668
4,0;147,67265625000013;313,53020833333335;19,573549883990726;49,374861111111095;2,752314814814816;9,9;0,85;0,7864583333333338;39,96822916666667;54,115625;78,11388888888891;27,33333333333333;20,5;1,4166666666666663
7,0;166,801996527778;284,6041666666667;20,539467592592608;47,77194444444447;1,9984567901234576;11,7;0,425;0,7572916666666673;41,88697916666669;55,90677083333332;81,00138888888887;20,0;14,5;2,7750000000000004
2,0;244,50382608695668;270,3996515679443;20,88991888760139;59,31933240611965;2,800463678516226;9,4;0,5;0,6864583333333342;24,82604166666667;31,694791666666685;89,6583333333333;23,33333333333333;13,5;2,045833333333334
2,0;158,5308159722222;174,07708333333332;20,56851851851852;60,32583333333336;1,6424382716049375;9,7;0,6499999999999999;0,7125000000000009;29,338541666666657;36,90520833333333;87,26527777777773;28,66666666666667;22,0;1,8500000000000003
2,0;144,03165217391305;250,7616724738676;22,594206257242217;58,0664812239221;1,7178516228748055;6,4;0,6;0,7395833333333339;34,26145833333333;44,4890625;81,40555555555554;19,0;14,0;1,883333333333333
3,0;212,94322916666678;313,10520833333334;24,21782407407409;43,9784722222222;1,748225308641976;9,4;0,975;0,6729166666666675;30,28072916666667;38,590625;78,56666666666669;27,66666666666667;15,5;2,141666666666667
4,0;214,7467013888887;302,6305555555556;25,57766203703703;45,370694444444425;1,7030092592592567;11,0;1,625;0,8156250000000007;45,644502617801045;60,89635416666666;76,6277777777778;40,5;28,5;1,991666666666667
6,0;162,14469565217374;295,2432055749128;27,39443800695253;47,02878998609182;1,5589644513137535;12,4;1,35;0,9781249999999998;70,65156250000003;90,83229166666668;87,62083333333334;43,0;24,0;1,6375000000000002
5,0;143,8768229166666;280,59062500000005;28,20798611111111;45,43069444444448;1,7152777777777777;13,2;0,925;0,942708333333333;64,36770833333333;78,34791666666666;102,62499999999994;40,0;27,5;2,1125
4,0;124,10130208333344;278,6795138888889;28,62835648148148;45,69180555555562;2,1679012345679;9,8;0,5499999999999999;0,9114583333333334;47,66162790697675;56,276744186046564;101,76730769230772;18,5;12,5;2,35
2,0;181,81215277777767;301,5225694444445;27,80173611111111;44,2993055555556;2,158564814814814;9,0;0,675;0,7781250000000007;32,174404761904746;38,12023809523809;98,32708333333332;18,0;11,0;2,204166666666667
4,0;150,1060763888891;272,9465277777778;24,742708333333365;54,10916666666663;2,6319444444444424;8,1;0,7999999999999999;0,8218750000000005;41,06011904761905;52,6065476190476;81,60208333333333;20,0;12,0;2,0625000000000004
2,0;215,2735243055554;228,76666666666668;23,839814814814826;54,71763888888889;1,9861882716049395;8,6;0,8250000000000001;0,8031250000000009;39,50658682634732;49,69166666666666;72,43124999999998;27,0;20,0;2,626086956521738
6,0;185,6734375000002;237,20902777777766;23,34826388888888;63,332499999999854;2,506944444444441;7,1;1,225;0,8739583333333342;40,550837988826814;51,86703910614528;89,74576271186442;37,66666666666666;25,5;1,870833333333333
3,0;158,35779569892466;310,8611111111112;25,294591346153847;51,62478632478635;1,7415079365079384;7,5;1,1;0,8208333333333339;52,46806282722513;75,12011834319524;77,87222222222222;37,0;30,5;2,733333333333333
5,0;190,80347222222213;185,3673611111111;23,542824074074073;57,85097222222224;2,2780864197530835;9,5;0,9;0,7500000000000004;56,26718749999997;71,15026178010473;68,68333333333334;37,0;30,0;3,4166666666666665
3,0;209,9901639344263;134,93869731800763;22,317804878048797;74,75353535353523;1,7436392914653769;8,8;0,7333333333333334;0,68125;39,18697916666667;52,254687499999974;51,58888888888888;23,66666666666667;13,5;2,5875
2,0;123,48637152777786;47,20104166666667;19,58900462962961;85,43791666666652;2,1111111111111094;7,7;0,9333333333333332;0,6583333333333331;36,57291666666665;51,69166666666664;41,190277777777794;24,0;18,0;3,0416666666666674
4,0;183,69347826086963;239,8282229965156;21,298146002317495;74,90681502086204;1,970170015455954;7,5;1,1;0,635416666666667;32,79010416666667;46,810937500000016;52,61666666666666;20,0;7,5;3,0458333333333343
1,0;210,41180555555584;81,35694444444448;19,326273148148168;83,38847222222195;1,8993827160493808;6,2;1,0666666666666669;0,7072916666666669;42,96927083333335;64,92760416666664;39,83194444444445;17,5;11,0;3,0500000000000007
6,0;166,55772569444446;279,80590277777765;21,333912037037024;64,82152777777773;2,109799382716049;6,2;1,2666666666666666;0,6416666666666666;38,40628272251306;55,81413612565445;59,101388888888906;28,0;19,5;3,020833333333333
6,0;134,30225694444434;271,45208333333335;22,67592592592591;56,588194444444454;1,96597222222222;7,3;1,3333333333333333;0,7125;43,39270833333331;60,27916666666667;72,00138888888887;35,333333333333336;26,5;3,3125
4,0;155,59739583333348;278,6190972222222;24,0202546296296;54,35777777777784;2,3618055555555593;4,9;0,6666666666666666;0,6687499999999998;45,56145833333332;58,88229166666664;78,2291666666667;14,666666666666664;12,5;4,875
2,0;140,67013888888894;323,9038194444445;22,19270833333335;52,7088888888889;3,0493055555555566;5,6;0,5;0,5593749999999996;29,03281250000001;37,950000000000024;85,40555555555551;14,333333333333336;9,5;3,399999999999999
2,0;150,89913194444455;294,5000000000001;21,976388888888888;51,946527777777774;2,1763117283950617;7,2;1,0;0,5114583333333336;27,098437499999992;33,35416666666667;84,04861111111113;19,666666666666668;11,5;3,1541666666666663
3,0;123,83454861111099;257,3489583333333;22,04467592592595;54,32263888888888;2,5845679012345717;8,3;0,9333333333333332;0,645833333333333;41,826562499999966;55,571875;73,4972222222222;21,66666666666667;13,0;3,6833333333333336
2,0;201,29669565217392;204,8355400696864;23,5626882966396;53,0293463143255;2,4458268933539395;5,1;0,7666666666666667;0,6374999999999998;39,206770833333294;55,05052083333331;57,1375;11,0;4,0;5,070833333333332
4,0;118,75034722222222;322,67083333333335;20,51691772885282;50,614861111111175;3,5852623456790136;6,1;1,1;0,5718749999999999;31,093749999999986;41,86354166666667;79,90138888888889;17,333333333333332;10,0;3,2041666666666675
1,0;129,00251736111125;294,9013888888888;22,47083333333333;43,822222222222216;2,1162037037037007;8,1;1,2;0,6208333333333335;42,20937500000001;56,29531250000003;74,50416666666669;25,0;13,5;3,045833333333334
3,0;145,91831597222216;308,70104166666675;24,06076388888891;46,517638888888904;2,0637345679012298;8,7;0,9333333333333332;0,7114583333333336;50,98125;64,82395833333332;88,3833333333333;27,0;15,0;3,649999999999999
2,0;161,7118923611109;291,03576388888894;25,65787037037034;46,69083333333334;2,1700617283950634;7,6;0,6000000000000001;0,69375;43,05520833333332;52,110937499999984;107,25;17,333333333333332;10,0;4,5875
3,0;146,37369791666674;301,21458333333345;25,66030092592588;47,69708333333333;2,226157407407406;8,0;1,0;0,6239583333333335;29,197041420118342;35,35088757396449;115,69444444444441;21,0;9,5;4,291666666666667
4,0;100,45669565217385;262,2059233449477;25,854345307068357;47,06411682892907;2,7571097372488405;8,6;1,0333333333333334;0,7333333333333333;42,76250000000001;54,02321428571428;94,75000000000004;23,33333333333333;12,0;4,366666666666666
9,0;105,48945993031359;302,1519163763065;26,311730545876898;45,29595536959557;2,529899302865996;9,2;1,0333333333333334;0,7395833333333334;41,90508474576272;54,05649717514126;93,8222222222222;32,333333333333336;18,5;4,525
5,0;118,73399999999997;306,5160278745645;27,717960602549216;44,56495132127952;2,071097372488408;8,9;1,0333333333333332;0,7666666666666669;47,08333333333334;58,153645833333314;103,32361111111112;33,0;18,0;4,520833333333333
0,0;151,80965217391295;291,8543554006969;28,85162412993041;42,91974965229487;2,166924265842352;10,6;0,9;0,7760416666666671;46,11822916666666;55,69322916666672;103,67222222222222;34,0;18,0;4,841666666666667
2,0;125,31979166666677;275,63958333333335;29,32465277777781;44,36833333333333;2,7340277777777757;10,1;0,6;0,7979166666666675;46,65260416666666;56,389062500000016;105,91944444444445;28,33333333333333;15,0;4,4875
4,0;151,34999999999988;295,1579861111112;29,015563298490125;47,68736111111106;2,213425925925925;11,3;0,4666666666666666;0,7500000000000006;35,33475935828878;43,90320855614973;105,27638888888893;35,666666666666664;18,5;4,658333333333334
2,0;139,55407986111118;285,4576388888888;30,316898148148184;49,18486111111112;1,989583333333334;9,1;1,0;0,7916666666666669;37,875000000000014;44,58571428571428;106,76290322580644;45,0;25,5;5,254166666666666
4,0;196,00808695652157;265,78506944444445;31,09604651162794;48,46267409470754;1,9519349845201224;;0,85;0,9145833333333332;45,792771084337346;58,24759036144577;85,84999999999998;42,0;25,0;5,540909090909091
6,0;155,05551694178968;275,11354166666666;31,433062645011578;49,55146036161333;2,525502318392585;;0,5;0,8812500000000002;38,80555555555558;48,08194444444444;93,85625;31,0;17,5;
3,0;237,83697916666665;201,3875;28,92048611111109;54,78916666666668;2,9947530864197525;5,0;0,7999999999999999;0,7552083333333338;27,43815789473684;34,86776315789475;79,76071428571426;22,0;9,0;
4,0;122,19401041666664;288,3892361111112;27,182407407407414;46,6854166666667;3,4492283950617324;3,6;0,7666666666666666;0,7520833333333332;35,658333333333346;46,76904761904761;81,35416666666667;17,666666666666668;6,0;
6,0;123,2878472222221;306,0149305555556;26,196296296296282;39,47333333333337;2,5353395061728357;6,1;0,7666666666666666;0,7147368421052632;37,64371257485031;48,83832335329341;85,98611111111109;24,33333333333333;10,0;0,3565217391304348
2,0;170,1979166666666;302,88541666666663;26,992592592592587;41,35083333333333;2,304861111111111;7,6;0,6;0,7479166666666672;38,769642857142884;46,27738095238093;104,4541666666667;28,33333333333333;16,0;1,875
3,0;173,7660869565216;289,54564459930316;28,61610660486672;43,90472878998613;2,105950540958266;9,2;0,9666666666666668;0,7500000000000008;29,783333333333324;34,35000000000001;124,9027777777778;33,666666666666664;16,5;5,620833333333333
1,0;223,0157118055557;235,30000000000004;28,92592592592591;47,05805555555559;2,460725308641968;6,9;0,9;0,8114583333333342;41,63452380952381;50,27797619047621;94,76388888888887;30,66666666666667;14,0;4,2875
1,0;142,65260416666686;295,18645833333335;29,42372685185185;45,69541666666667;2,330478395061727;9,3;1,0333333333333334;0,819791666666667;40,49464285714286;49,30773809523809;108,54444444444448;36,333333333333336;21,0;3,0500000000000003
5,0;121,94201388888894;272,39305555555563;29,95625;47,804861111111144;2,223919753086414;10,5;0,7999999999999999;0,8864583333333337;47,35178571428575;56,5952380952381;104,13999999999996;36,0;19,5;3,412500000000001
2,0;155,95763888888897;259,96875;30,332060185185266;48,577222222222204;2,5526234567901245;6,3;1,0666666666666669;0,8906250000000008;42,09107142857143;51,023809523809526;102,91388888888888;28,0;14,0;3,5291666666666663
4,0;229,48090277777797;273,55902777777777;30,95451388888885;36,83791666666663;2,0729938271604897;6,4;0,75;0,8062500000000011;43,305952380952355;54,355357142857116;89,12638888888891;23,66666666666667;12,5;3,5416666666666674
2,0;191,77838541666665;280,60972222222216;30,606597222222252;40,105;2,1138117283950626;6,2;0,45;0,7750000000000009;36,803125;43,82447916666666;95,39722222222224;22,33333333333333;12,0;3,741666666666666
3,0;216,84861111111138;283,2892361111111;29,375578703703713;45,61208333333335;2,511728395061727;6,6;0,575;0,7104166666666679;23,64375;29,23593749999999;81,96250000000002;27,0;14,5;4,879166666666666
2,0;227,80989583333326;280,98854166666666;30,173032407407412;47,70208333333329;2,3605709876543184;4,7;1,0;0,7885416666666677;27,21397849462366;34,02956989247312;88,74545454545454;29,66666666666667;17,5;5,404166666666669
4,0;202,74817708333316;282,1888888888888;31,48449074074073;40,18874999999996;1,8530092592592584;5,2;1,0333333333333334;0,8770833333333337;45,26451612903228;55,966129032258046;91,8939393939394;34,333333333333336;19,5;6,841666666666668
3,0;161,32517361111118;280,66041666666666;32,03958333333328;40,75666666666665;2,314043209876539;4,5;0,8;0,9125;53,91755319148941;63,239361702127674;106,16716417910446;20,5;11,5;6,254166666666666
2,0;226,3147697654216;285,6687500000001;30,9976798143852;39,502086230876216;2,314219474497681;7,0;0,7000000000000001;0,7510416666666674;32,83511904761906;40,330357142857146;89,37368421052632;31,0;18,0;6,029166666666666
2,0;144,62196180555554;269,5996527777778;29,35972222222223;46,20055555555553;3,0581018518518537;8,7;0,4;0,8020833333333343;38,21190476190475;46,17738095238095;105,95416666666668;21,0;13,0;5,491666666666667
0,0;178,2714782608696;244,73588850174218;26,52470997679813;61,52517385257296;2,8642967542503834;7,1;0,4666666666666666;0,6513513513513512;24,180136986301363;29,87397260273973;89,99374999999998;14,0;6,0;4,754166666666666
1,0;148,45190972222224;245,03124999999997;26,545254629629625;43,476111111111095;3,1242283950617264;8,7;0,6333333333333333;0,5888888888888891;25,55694444444444;30,784027777777794;83,65624999999997;25,0;14,0;4,754166666666666
4,0;209,65321180555526;273,14479166666666;27,47969661610267;50,458750000000016;2,359645061728391;8,3;0,825;0,7243902439024396;28,24415584415584;36,024675324675314;91,27083333333336;31,0;15,0;5,962500000000001
0,0;156,08060869565207;249,18472222222218;26,82537659327927;54,59040333796935;2,745981452859348;6,7;0,65;0,7989361702127667;30,239156626506013;40,84397590361446;85,70833333333331;25,0;10,5;5,845833333333334
4,0;247,277391304348;240,84564459930317;26,380648899188905;54,09972183588318;2,4679289026275106;6,7;0,8333333333333334;0,7687500000000004;29,473809523809532;37,707142857142856;88,02291666666666;21,5;13,0;6,666666666666665
3,0;107,58854166666677;203,8451388888889;25,21192129629632;58,55208333333336;3,175077160493827;5,2;0,8333333333333334;0,8125000000000006;32,75535714285714;43,27916666666667;75,58333333333333;12,5;6,5;5,804166666666666
4,0;90,06310763888888;234,3361111111111;23,70219907407405;52,223611111111076;3,866666666666671;7,9;0,7000000000000001;0,7747368421052638;29,69833333333332;41,34166666666667;75,92459016393444;19,0;9,5;4,55
9,0;161,08408695652184;61,54425087108015;20,05341830822713;68,69944367176632;2,370324574961359;8,0;0,5333333333333333;0,7979166666666672;36,26406250000001;47,21250000000001;60,43194444444447;18,33333333333333;12,0;4,3625
1,0;191,69123263888864;283,34236111111113;23,03055555555556;65,52736111111085;1,7840277777777798;9,1;0,9666666666666668;0,7364583333333341;25,565624999999994;33,126041666666694;66,94722222222224;25,66666666666667;16,0;4,7
1,0;151,40156249999995;273,57256944444447;26,17881944444445;55,258472222222245;1,5456018518518504;9,5;1,0000000000000002;0,8593750000000009;44,49791666666665;55,74375000000003;86,47500000000002;28,66666666666667;17,5;4,833333333333333
3,0;192,98932291666668;200,6121527777777;27,483217592592567;54,17236111111108;1,6519290123456782;8,8;0,9333333333333332;0,8520833333333339;46,76822916666668;55,32552083333336;94,79166666666669;31,66666666666667;19,0;4,070833333333334
3,0;125,39453125000013;268,40833333333336;28,64872685185183;51,90666666666669;1,78989197530864;7,4;1,25;0,8708333333333341;47,36197916666666;57,33697916666668;96,53055555555555;32,0;19,5;1,6875000000000009
2,0;155,12365217391306;264,9881533101045;30,07995365005795;45,81738525730179;1,5904173106646038;;1,0;0,8927083333333335;53,30260416666666;63,39739583333334;102,4722222222222;39,66666666666666;25,0;1,975
1,0;157,76579861111108;262,08055555555563;30,8679398148148;43,687638888888905;1,7753086419753106;;1,2;0,8734042553191494;53,45901639344261;61,45081081081082;105,12608695652176;35,666666666666664;23,0;3,0058823529411764
2,0;140,27057291666642;258,13333333333344;30,479976851851845;43,07625;2,2508487654320968;;0,5;0,7791666666666665;39,17976190476189;44,39011627906978;101,8222222222222;22,66666666666667;11,0;
2,0;183,06076388888863;194,26979166666672;28,364467592592568;48,21347222222222;2,3341820987654316;;0,5;0,7083333333333339;27,78636363636363;32,181132075471695;94,13472222222224;19,0;15,5;
1,0;239,1957465277776;113,27986111111113;22,035416666666674;82,13583333333334;2,6967592592592595;8,7;0,9;0,8197916666666679;28,918709677419372;37,4423076923077;72,40612244897956;28,0;17,0;
4,0;218,04080560420326;262,48194444444437;26,64285714285717;55,52225352112665;1,5762830482115069;6,8;1,0666666666666669;0,8781250000000007;38,7156626506024;51,91024096385542;73,71525423728812;35,666666666666664;26,5;
2,0;226,66389860139813;255,1538194444444;28,47792056074768;44,37949438202248;1,5470496894409915;7,4;0,9666666666666668;0,9312500000000014;51,72738095238096;67,0714285714286;79,97638888888888;35,666666666666664;27,0;
1,0;197,33937007874016;238,91666666666663;29,638596491228018;41,619831223628715;1,4800310800310799;8,5;0,7666666666666666;0,8333333333333344;49,60297619047618;59,31547619047621;98,19583333333333;34,666666666666664;24,0;2,933333333333333
0,0;229,77533156498689;86,33263888888891;25,14673784104391;56,34678111587986;2,026823529411763;8,4;0,4666666666666666;0,8604166666666679;41,78809523809524;50,16488095238096;75,16111111111105;18,0;11,5;3,4416666666666664
4,0;205,3011324041813;122,93066202090593;22,500116144018577;67,7878661087866;1,6898606811145516;6,4;0,26666666666666666;0,7583333333333336;24,13214285714286;30,87083333333333;49,65416666666666;10,666666666666666;6,5;2,8624999999999994
0,0;217,09062500000016;202,12430555555562;20,510532407407386;71,30763888888886;2,1061728395061703;5,5;0,4000000000000001;0,6729166666666674;18,60714285714285;24,162499999999994;53,261111111111106;14,666666666666664;7,5;2,8166666666666664
4,0;238,36332453825844;242,1771929824561;22,906470588235297;58,15819209039549;2,3870413739266194;6,7;0,4333333333333333;0,6864583333333337;22,260119047619053;29,867261904761914;61,020833333333314;14,666666666666664;7,0;3,579166666666666
1,0;187,60761154855638;184,3048611111111;21,941052631578927;65,24050632911407;2,013675213675213;6,0;0,43333333333333335;0,7239583333333339;26,43011363636364;34,15568181818184;65,20555555555556;11,333333333333336;7,5;2,9
4,0;153,80734265734267;202,29409722222215;20,924299065420552;67,26011235955053;2,0347826086956498;5,2;0,6000000000000001;0,7500000000000004;24,70732984293193;32,30575916230367;65,83521126760564;13,666666666666664;9,0;2,643478260869565
4,0;200,05100087032216;256,0569444444444;23,027874564459925;55,226638772663854;1,6598607888631103;6,4;0,5333333333333333;0,7781250000000003;30,251041666666666;40,43437500000001;61,726388888888906;14,333333333333336;9,5;2,5916666666666663
2,0;116,4904720279718;206,675;22,262266355140184;61,15730337078644;2,68439440993789;6,7;0,5;0,8062500000000005;25,032291666666683;32,22604166666667;73,19166666666666;19,33333333333333;13,5;2,025
3,0;105,34089316987738;227,04320557491286;23,106081871345037;49,501547116737;2,2036547433903557;9,2;0,4666666666666666;0,7593750000000004;24,73020833333333;30,99479166666667;78,79305555555554;18,0;13,0;2,6833333333333336
4,0;97,9736888111888;49,78680555555556;19,680140186915885;64,130617977528;2,3650621118012416;10,7;0,6333333333333333;0,7854166666666674;28,52135416666668;36,121875;69,90833333333333;29,66666666666667;21,0;3,0208333333333326
1,0;120,8267716535433;51,32743055555557;19,122684085510677;91,66624472573818;2,219502719502721;10,3;0,7000000000000001;0,8625000000000002;30,29427083333332;43,4625;42,99583333333334;30,0;17,0;3,308333333333333
0,0;194,5218914185641;154,54843205574912;21,995595238095227;76,99268635724323;1,5476671850699841;9,9;1,0;0,8260416666666672;26,67968750000001;37,811458333333356;47,544444444444466;22,66666666666667;16,5;3,604166666666666
1,0;182,73052173913055;223,3898954703833;23,248364485981327;64,51265646731575;1,5047140649149924;9,2;1,2666666666666668;0,8604166666666669;37,05364583333334;54,5265625;53,8263888888889;27,66666666666667;18,0;3,558333333333333
2,0;215,31994680851057;234,3327526132404;24,47609988109395;59,393400286944036;1,34512578616352;9,1;1,5333333333333332;0,9364583333333336;48,766145833333304;65,68645833333333;65,24444444444444;30,0;18,5;4,116666666666666
4,0;227,04090505767516;229,67291666666665;25,717401668653146;55,653812949640255;1,3084185680566491;9,0;1,1333333333333333;0,934375;54,74791666666669;72,64114583333334;67,10833333333335;33,0;21,0;4,7875
2,0;190,3734908136484;230,51284722222218;26,94947368421052;56,54388185654011;1,4218337218337236;7,1;1,2333333333333334;0,9614583333333334;51,44791666666671;65,82187499999996;82,72500000000002;28,33333333333333;19,0;4,445833333333334
0,0;219,81780104712058;232,0163194444445;27,25326340326339;51,97100840336136;1,29279069767442;5,8;1,3999999999999997;0,9739583333333336;50,87500000000001;63,64010416666665;81,20694444444446;26,66666666666667;21,0;4,633333333333334
5,0;207,49392605633807;232,84583333333336;27,25058962264153;42,01008522727275;1,6410156249999983;7,9;1,2333333333333334;0,8958333333333336;56,228124999999984;74,36718750000001;64,94027777777778;30,33333333333333;19,0;5,6291666666666655
2,0;199,600347826087;190,14285714285717;24,977867902665118;50,56634214186375;1,9642194744976784;8,4;1,0333333333333332;0,8875000000000006;46,24947916666667;60,1114583333333;70,68124999999998;28,66666666666667;17,0;6,941666666666666
4,0;221,19667250437826;181,16829268292682;24,26152046783623;59,76399437412096;1,6441679626749626;6,8;0,9;0,8427083333333342;35,89531249999999;49,32604166666669;63,23541666666667;21,33333333333333;13,0;7,3291666666666675
3,0;211,30384951881032;126,08506944444441;23,066900584795352;55,25133614627284;1,8290598290598272;9,7;0,8333333333333334;0,8406250000000006;38,50052083333333;51,61302083333334;64,81578947368422;19,0;10,5;6,208333333333332
5,0;206,6340277777777;166,47604166666662;22,454629629629625;55,78152777777775;1,7008487654321;8,6;0,525;0,8291666666666675;40,83298429319372;53,47277486910996;62,66229508196722;8,333333333333334;6,5;6,6083333333333325
1,0;202,79479166666678;170,309375;19,818750000000012;59,097499999999854;3,157561728395061;8,2;0,675;0,8156250000000008;34,60156249999998;45,38125;63,41041666666669;9,666666666666666;7,0;5,691666666666666
2,0;156,9436631944446;238,1142361111111;19,43379629629629;43,43749999999999;1,8658179012345648;7,2;1,175;0,7166666666666676;37,50156250000001;47,80312499999997;61,61041666666668;17,666666666666668;12,0;4,679166666666667
2,0;122,60902777777764;228,63020833333331;19,619328703703697;46,29305555555558;1,8220679012345675;7,5;1,225;0,8614583333333335;56,15625;81,61197916666669;49,16875000000001;21,0;14,5;4,945833333333334
1,0;104,64852173913044;183,702787456446;20,318771726535328;46,66119610570237;2,1353168469860915;6,8;1,175;0,8468750000000004;51,47239583333332;73,1265625;52,51458333333332;22,66666666666667;13,5;4,995833333333334
2,0;100,73029513888895;217,72118055555558;19,741435185185196;46,19888888888888;2,368749999999996;7,4;1,1666666666666667;0,8468750000000002;53,28958333333336;75,12656250000002;52,49791666666667;24,66666666666667;18,0;5,695833333333334
2,0;93,2316840277778;182,2329861111111;19,778703703703727;42,849166666666676;2,329243827160495;10,2;1,2333333333333334;0,8270833333333342;47,02083333333332;64,17239583333334;60,91666666666666;26,0;17,0;5,283333333333333
5,0;118,23984374999992;131,6833333333333;18,978935185185197;51,7875;2,1622685185185198;12,7;1,3666666666666665;0,8333333333333338;46,22708333333336;61,47239583333334;60,86041666666666;34,0;22,0;5,141666666666667
6,0;207,27456597222238;119,32847222222229;20,684490740740745;54,7880555555556;1,52469135802469;13,4;0,9333333333333336;0,8833333333333334;55,179166666666696;72,19895833333328;47,37499999999999;29,66666666666667;20,0;6,083333333333335
3,0;156,6971354166666;54,96388888888888;18,471527777777766;79,77541666666654;2,1861882716049355;11,7;1,3;0,8427083333333331;38,45572916666666;49,17708333333335;45,54166666666668;24,33333333333333;15,0;5,229166666666667
4,0;126,72144097222248;123,96736111111113;20,003935185185192;82,6416666666667;2,5592592592592642;9,1;1,7;0,9864583333333335;40,86406249999997;58,946874999999984;40,43125;23,66666666666667;12,5;6,095833333333332
3,0;157,22278260869567;135,3152777777778;21,260348837209293;60,6998611111111;1,8701388888888864;11,3;2,333333333333333;1,1145833333333337;51,16041666666664;80,72031250000002;31,625000000000004;31,33333333333333;9,5;7,2458333333333345
3,0;190,72812500000006;47,29340277777778;19,213789107763585;80,13986111111093;1,3366512345678994;11,5;2,2666666666666666;1,2343749999999998;65,01979166666668;124,87968750000003;10,547916666666666;41,0;19,0;7,716666666666669
6,0;146,3918402777777;120,65729166666668;22,031018518518547;74,07277777777784;2,504398148148145;9,5;1,9;1,2031249999999998;48,71937172774865;106,60104712041887;27,14210526315789;25,5;15,0;8,4
3,0;192,66467013888897;186,56944444444446;22,175115740740747;59,76249999999998;1,8918981481481496;7,9;1,05;1,1010416666666671;49,80208333333332;90,21510416666663;32,698611111111106;23,33333333333333;14,5;7,5124999999999975
3,0;234,2655381944447;200,76840277777774;20,410532407407427;56,132916666666695;2,01844135802469;6,3;0,9000000000000001;0,880208333333333;40,099479166666654;58,17135416666667;45,765277777777776;16,0;11,0;7,8916666666666675
4,0;216,7443576388894;205,66041666666663;20,470254629629625;46,445277777777775;1,561651234567902;8,0;1,6749999999999998;0,822916666666667;40,57187500000001;53,58177083333334;46,909722222222214;26,0;15,0;6,645833333333332
5,0;128,48365217391316;193,109756097561;19,587819025522013;53,530598052851154;1,7551004636785126;8,5;1,375;1,0437500000000004;61,82760416666665;98,0625;37,80972222222224;30,66666666666667;17,5;7,137500000000002
4,0;98,55954861111113;88,1545138888889;18,71979166666668;54,939027777777746;2,564197530864201;9,4;1,325;0,9343749999999996;50,845026178010464;71,36701570680627;48,84647887323944;17,333333333333332;11,5;7,234782608695655
3,0;166,42638888888882;18,15451388888889;13,608101851851885;81,29527777777774;4,409645061728392;9,1;2,2;0,8781249999999999;50,69479166666668;80,74635416666666;37,76111111111111;18,33333333333333;11,5;7,15
4,0;181,47317708333333;200,89409722222217;15,730208333333335;66,06583333333312;1,3162808641975312;11,4;2,25;0,9656250000000004;57,38645833333332;121,57395833333334;20,155555555555548;26,66666666666667;15,5;6,9125000000000005
8,0;154,47960069444437;192,03576388888888;18,324074074074076;56,4655555555556;1,3624228395061722;11,9;1,325;0,9999999999999996;69,39114583333334;131,70624999999998;18,56388888888889;28,33333333333333;17,0;7,179166666666667
2,0;99,05112847222216;180,92777777777775;19,03055555555557;57,679583333333284;1,821604938271605;10,5;0,9;0,8083333333333335;51,78645833333334;76,89791666666662;42,038888888888884;22,66666666666667;13,5;6,895833333333332
3,0;88,29956521739125;111,26097560975614;18,065816917728828;64,31557719054238;2,6125193199381758;6,9;1,05;0,7333333333333334;36,47083333333331;52,31406250000001;44,22083333333333;23,0;10,5;5,320833333333334
5,0;92,58350694444441;126,72222222222223;17,338657407407393;49,26194444444447;2,7117283950617304;8,1;1,4500000000000002;0,7427083333333334;41,032984293193714;61,53821989528795;43,64366197183098;25,0;11,5;5,386956521739132
1,0;158,61710069444453;88,41215277777776;15,615162037037035;50,4438888888889;1,4423611111111103;8,5;1,5;0,8416666666666669;54,0022099447514;88,36574585635357;31,213114754098363;26,0;17,5;6,229166666666668
4,0;146,29826388888884;133,7208333333333;15,657291666666666;48,86180555555556;2,3360339506172827;8,5;1,25;0,8354166666666668;53,34915254237289;91,77175141242935;34,74736842105263;22,33333333333333;16,0;7,354166666666668
3,0;180,1242608695654;66,77317073170731;13,95260718424104;50,90598052851181;1,637944358578051;12,9;1,925;0,7989583333333332;49,90000000000003;76,78645833333331;27,856944444444466;29,66666666666667;19,5;5,804166666666666
9,0;189,7279513888888;24,550694444444453;14,103819444444456;72,01083333333327;1,6620370370370352;13,0;1,4;0,9489583333333332;59,89843749999997;111,12812500000004;7,118055555555554;26,33333333333333;21,5;6,4375
4,0;106,89531250000002;72,62013888888889;15,053837209302314;89,81166666666654;1,594753086419754;12,9;1,2000000000000002;0,9270833333333336;45,47552083333335;74,40364583333334;11,931944444444444;28,66666666666667;21,5;5,7958333333333325
2,0;183,07612847222225;78,97777777777776;16,309143518518514;86,97069444444445;1,969675925925928;12,3;2,033333333333333;0,9468750000000004;37,41041666666665;55,37447916666665;32,33472222222221;29,66666666666667;20,0;6,091666666666666
4,0;184,3322916666668;141,9902777777778;16,88437499999999;75,89402777777781;1,0426697530864184;11,7;1,7;1,0364583333333333;55,55468750000003;106,27968749999992;18,891666666666666;36,66666666666666;29,0;7,233333333333335
4,0;164,2854166666666;30,99409722222222;16,086111111111073;91,96458333333315;1,087422839506173;10,9;1,7999999999999998;0,9739583333333336;58,95833333333334;89,63541666666669;15,068055555555556;40,333333333333336;29,5;7,429166666666667
6,0;193,5044309296267;159,48576388888887;17,168945538818082;82,49527121001391;1,6460231660231646;9,2;1,85;1,038541666666667;50,04895833333333;87,07656250000002;18,595833333333328;23,0;9,5;8,612500000000002
3,0;137,67144097222237;145,61041666666662;18,468634259259282;68,01888888888892;1,537808641975309;8,8;1,775;1,070833333333333;55,76770833333331;104,05885416666666;23,59444444444444;30,0;23,0;9,275
8,0;115,56371527777776;119,97013888888884;17,36828703703701;72,13041666666662;1,6881172839506182;8,1;1,125;1,061458333333333;55,32812500000002;104,12135416666668;15,620833333333325;18,666666666666668;15,5;7,858333333333335
6,0;196,22239583333302;135,2944444444444;16,74837962962964;74,0794444444444;1,6030864197530856;8,8;1,75;0,8656249999999995;41,8234375;66,70312500000004;24,36666666666666;30,0;21,5;8,6
7,0;180,43819444444432;138,0256944444445;16,541087962962962;68,54013888888895;1,0177469135802486;9,4;1,925;1,0697916666666667;51,340625;94,22604166666667;24,29444444444445;38,0;27,5;9,475
5,0;165,99668989547047;120,87867132867136;16,63387470997679;72,5066852367688;1,337383900928794;8,3;1,3;1,0864583333333333;54,98125000000001;97,75677083333322;17,815277777777773;22,33333333333333;18,0;8,7
5,0;103,13481675392664;9,218531468531467;14,148255813953506;96,86270949720671;1,9747866563227283;7,0;1,4;1,0104166666666667;46,4494791666667;76,73437500000001;21,077777777777765;16,0;10,0;8,079166666666667
2,0;123,63741319444424;74,578125;14,712847222222175;92,2397222222222;1,9160493827160463;5,5;1,375;1,0291666666666663;41,73802083333332;79,1755208333333;15,105633802816898;15,666666666666664;13,0;9,087499999999997
2,0;99,35347222222231;47,386111111111106;12,90613425925923;87,35125000000002;3,3964506172839486;;1,275;1,0166666666666664;44,69166666666664;73,58385416666663;21,484722222222214;19,0;11,5;9,045833333333334
3,0;155,25633680555552;115,83784722222224;11,397916666666678;79,35513888888883;1,848070987654321;;1,6;0,9802083333333336;46,1951807228916;75,55301204819273;27,591176470588234;31,0;24,0;8,425
7,0;146,8106770833332;100,81979166666665;11,301620370370367;78,06180555555554;1,209876543209876;;1,4;1,1052083333333331;52,6327380952381;93,85654761904759;19,86388888888889;37,66666666666666;31,5;8,237499999999999
1,0;163,47161458333332;26,284027777777766;11,7357638888889;90,21624999999977;0,8999999999999999;;2,475;1,1625000000000003;49,46011904761907;73,02916666666668;17,640277777777776;48,33333333333334;38,0;7,841666666666666
4,0;218,3824652777783;140,67986111111108;12,280419580419581;80,49583333333338;1,4373456790123462;;2,45;1,4562499999999998;57,40275862068967;119,26363636363628;12,493055555555555;31,0;23,5;9,7625
3,0;134,43984375000002;122,55069444444443;12,658912037037046;71,18263888888887;1,374614197530863;;2,975;1,523958333333333;63,579999999999984;139,06645161290322;15,391666666666667;37,333333333333336;31,0;9,416666666666666
6,0;168,34921874999995;118,44131944444445;11,607870370370382;69,62180555555554;1,3035493827160511;6,0;2,8500000000000005;1,5302083333333325;63,812658227848104;148,6316455696203;17,58194444444444;36,333333333333336;26,5;10,05
2,0;153,32482638888882;137,21319444444444;11,258449074074074;65,58888888888893;1,4331790123456776;8,2;3,9;1,5708333333333329;65,93749999999997;152,29345238095237;17,218055555555555;58,0;45,0;10,1
2,0;131,08723958333314;127,57604166666664;12,334722222222199;67,94680555555557;1,2164351851851856;9,8;4,0;1,8791666666666664;80,46590909090908;227,22556818181812;13,62916666666667;78,0;62,0;7,254166666666669
1,0;217,19774305555526;115,50694444444444;12,562500000000016;73,1420833333334;0,9987654320987662;11,3;3,925;1,7979166666666664;73,56718750000003;218,4630208333334;10,994444444444447;82,0;70,0;4,141666666666667
6,0;199,92760416666687;83,17638888888891;13,280208333333313;78,55236111111105;0,8167438271604947;9,9;4,875;1,7031249999999998;68,85885416666665;164,04895833333327;9,690277777777775;96,5;74,0;3,6666666666666665
5,0;209,5297743055554;113,553125;11,965625;86,1723611111112;1,0418209876543223;8,6;5,1000000000000005;1,9802083333333331;71,78750000000002;229,9598958333332;5,698611111111113;77,0;58,0;4,029166666666667
5,0;209,469791666667;81,45798611111113;10,947045191193528;84,2983333333336;0,9420524691358028;9,8;2,625;1,839583333333333;70,34479166666665;254,8802083333333;4,608333333333332;49,5;36,0;4,55
4,0;147,420138888889;18,25763888888889;11,940972222222225;93,07138888888878;2,1716820987654346;9,9;2,1;1,084375;59,99427083333333;134,2088541666667;10,305555555555552;27,0;20,0;3,7458333333333336
2,0;189,73628472222225;34,07326388888889;12,739583333333373;94,47666666666672;1,1117283950617292;10,5;3,75;0,9687499999999996;46,06354166666668;113,77187500000002;8,681944444444444;44,5;30,0;3,9125
7,0;184,1394097222224;117,6197916666666;14,085416666666667;83,6815277777778;0,9767746913580254;7,7;2,925;1,5781249999999998;66,0010416666667;224,2255208333333;6,348611111111113;40,66666666666666;29,5;4,033333333333334
6,0;141,21310763888889;121,87951388888891;13,33587962962963;72,58805555555551;1,18472222222222;7,2;2,5250000000000004;1,3895833333333332;62,8484375;173,88802083333337;17,518055555555556;40,333333333333336;32,5;3,275
4,0;175,24278260869565;123,02229965156795;12,250057937427584;67,97746870653678;1,1869397217928903;7,4;3,0;1,263541666666666;62,24999999999998;149,45416666666668;21,663888888888877;47,5;;3,2416666666666667
3,0;192,1473958333334;117,62048611111116;11,317824074074075;68,95736111111107;1,0239969135802485;9,0;4,1;1,3447916666666668;73,78958333333334;186,65572916666667;8,516666666666666;72,0;60,0;3,1
4,0;222,8475694444444;49,388888888888886;10,198726851851873;79,27319444444451;1,3336419753086413;9,1;3,0;1,510416666666666;76,96302083333335;273,2052083333333;4,359722222222223;49,0;43,0;5,129166666666666
3,0;242,53888888888903;112,75451388888891;12,464351851851836;72,65194444444437;1,455864197530863;11,4;4,925000000000002;1,3031250000000003;61,41197916666669;160,34947916666667;10,872222222222225;59,66666666666666;38,0;6,433333333333334
7,0;229,43663194444446;106,88645833333334;12,681134259259274;73,5129166666667;0,9060956790123472;11,8;5,05;1,8874999999999995;85,49739583333333;325,4604166666666;9,31111111111111;74,0;55,5;8,641666666666667
2,0;239,69904513888903;106,58333333333334;13,44293981481483;74,74902777777791;0,9279320987654328;11,7;5,375;1,9375;89,5916666666667;346,35104166666673;10,162499999999996;75,33333333333333;59,0;8,350000000000003
3,0;227,42421874999957;104,99583333333337;13,624537037037046;74,52416666666682;0,8351851851851856;11,9;4,95;2,03125;90,90208333333337;380,7432291666665;8,480555555555558;72,0;53,0;8,879166666666668
5,0;230,95894097222225;101,20972222222224;14,0369212962963;73,50930555555568;0,7296296296296312;11,3;3,125;2,015625;89,17812500000002;312,3151041666667;8,573611111111111;46,0;32,5;7,591666666666668
5,0;260,53506944444473;103,48680555555555;13,960648148148135;76,18041666666672;1,9233796296296284;10,6;4,2;1,4385416666666673;62,92708333333329;171,18854166666668;14,366666666666667;57,33333333333334;38,0;6,5
7,0;214,0315104166665;98,30555555555556;14,00601851851852;76,11083333333347;0,8980709876543216;11,7;5,175;1,670833333333334;76,08958333333331;224,946875;9,494444444444447;64,33333333333333;44,5;7,270833333333335
1,0;228,8086805555556;99,10555555555555;13,663310185185187;80,09263888888901;1,1493827160493817;10,4;4,733333333333333;1,9749999999999992;86,78281250000002;354,20885416666664;8,765277777777781;68,0;56,0;9,483333333333333
2,0;235,361545138889;87,74756944444442;12,725347222222213;78,31916666666682;0,9057098765432108;10,7;5,65;1,6923076923076938;80,55602094240834;276,96020942408353;5,81388888888889;95,0;73,5;8,816666666666668
8,0;204,04444444444462;91,04305555555557;11,915740740740738;80,47041666666681;1,08719135802469;8,5;2,375;2,1135135135135137;92,45736842105266;373,84635416666674;6,194444444444446;49,66666666666666;37,5;9,991666666666667
3,0;137,70850694444434;8,228472222222223;9,985995370370372;96,54291666666666;1,2179012345679006;8,5;2,05;1,2375000000000005;49,55416666666665;92,98333333333336;3,658333333333332;58,0;52,0;6,016666666666668
6,0;253,0635416666663;44,34166666666666;9,947856315179594;89,98152777777777;1,6421296296296302;8,9;2,95;1,205555555555556;48,45416666666669;76,79322916666662;6,062499999999997;60,33333333333334;49,0;6,929166666666667
10,0;122,74791666666664;30,30520833333333;9,366087962962952;92,37291666666671;1,2205246913580272;9,8;3,225;1,2412499999999995;52,52663043478263;124,4940217391304;3,870833333333333;64,66666666666667;47,5;7,374999999999997
2,0;202,8180555555554;52,41909722222221;9,055092592592583;95,78986111111112;1,2684413580246896;9,8;3,325;1,084375;57,27380952380951;160,13869047619045;3,822222222222221;57,0;47,0;8,104166666666666
2,0;176,08706597222215;34,599652777777784;8,939120370370361;95,25819444444453;1,5902006172839502;10,8;2,475;1,189583333333333;57,46666666666666;160,64345238095243;3,6126760563380285;44,0;31,5;8,266666666666664
6,0;216,68125000000006;15,194791666666667;10,729398148148166;95,04680555555571;1,2702160493827142;11,7;2,575;1,1187500000000004;49,755952380952394;115,49833333333338;3,966666666666668;51,0;38,5;4,7956521739130435
8,0;240,30920138888882;23,629166666666652;11,550694444444431;87,56805555555553;1,3997685185185167;10,3;2,075;1,2708333333333333;55,94166666666669;141,12662721893489;5,701388888888888;41,333333333333336;31,5;4,325
3,0;179,91692708333346;27,591666666666665;10,10729166666666;90,40472222222229;2,1728395061728416;5,8;0,7666666666666666;1,1375;46,36785714285713;105,61190476190477;8,745833333333337;17,0;13,5;7,0791666666666675
6,0;205,75486111111127;97,89409722222223;7,953124999999992;62,50736111111107;3,0157407407407404;7,4;1,65;0,8656250000000002;39,799999999999976;60,30558659217875;21,16388888888889;21,5;16,5;4,991666666666666
3,0;132,16137152777776;15,282291666666666;5,6033564814814785;76,77583333333341;2,0454475308641977;8,4;2,95;1,0937499999999996;61,53630952380953;113,0758426966292;9,575;38,66666666666666;33,5;2,433333333333333
0,0;166,87934027777774;88,44479166666666;4,8430555555555515;69,80361111111111;1,3124999999999971;9,1;3,05;1,390625;67,62500000000001;188,51718750000006;7,848611111111111;60,0;54,0;3,208333333333333
3,0;173,12708333333333;43,764236111111096;4,0711805555555545;75,52708333333341;1,1259259259259276;9,7;3,975;1,2052083333333334;67,22083333333333;206,53906250000009;4,4569444444444475;78,33333333333333;66,5;4,941666666666666
3,0;214,6329861111111;82,5659722222222;4,303125000000003;75,85791666666665;1,2599537037037036;9,8;4,325;1,4854166666666666;68,95476190476194;244,69375;5,176388888888892;62,33333333333334;50,5;6,7333333333333325
7,0;165,8977430555555;82,79548611111113;5,381597222222218;66,26152777777783;1,1454475308641958;10,9;4,05;1,8494736842105264;88,59940119760479;356,12094240837683;6,2347222222222225;62,33333333333334;50,5;7,779166666666668
8,0;210,6031250000002;46,865625;3,6568925233644833;70,2640277777778;1,08364197530864;11,0;4,0;1,6000000000000003;78,2398809523809;274,3473958333332;4,643055555555557;77,0;67,0;6,583333333333332
4,0;201,82852173913057;63,97317073170734;4,368018539976826;73,16105702364385;1,1033230293663054;12,4;4,35;1,6145833333333333;76,71964285714284;226,1729166666668;6,136734693877551;69,66666666666667;52,5;5,116666666666667
5,0;235,10477430555542;77,50486111111113;6,99270833333333;70,4258333333334;1,5569444444444438;12,4;4,0;1,825;82,34047619047621;270,2739583333334;6,583098591549296;82,66666666666667;71,0;7,466666666666669
3,0;192,2900869565215;79,47665505226479;7,373117033603715;74,54714881780258;1,9180834621329208;12,5;4,45;1,6781249999999996;75,64659685863873;236,08124999999995;5,913043478260871;110,66666666666669;83,0;5,758333333333333
9,0;176,42156521739133;57,94006968641115;6,054461181923528;85,14196428571421;1,2467542503863978;11,9;4,9750000000000005;1,8052083333333333;81,58124999999997;273,7161458333333;5,097959183673469;94,66666666666669;64,0;4,187500000000001
3,0;215,11223958333332;46,795486111111096;4,8150462962963045;94,77552083333401;1,163966049382715;11,6;5,0;1,9010416666666663;76,29270833333331;289,7251308900523;5,04375;81,33333333333333;65,0;3,879166666666668
3,0;196,46814236111086;44,1;3,6810185185185214;95,12881944444536;1,4817129629629606;11,7;2,8500000000000005;1,9072916666666664;78,2182291666667;299,4484374999999;5,0875;71,66666666666667;59,5;4,129166666666666
4,0;188,0122395833332;46,62326388888886;6,355671296296309;91,81406250000006;1,6530864197530877;12,3;2,75;1,4666666666666668;57,19166666666666;144,20624999999995;4,585416666666668;77,66666666666667;50,5;2,733333333333334
5,0;205,38385416666677;8,173611111111112;6,329282407407413;95,4975694444442;1,0661265432098759;11,5;3,1;1,4229166666666666;53,321874999999984;112,51406249999997;4,410416666666666;79,33333333333333;69,0;2,6375
6,0;166,9627604166666;12,516319444444445;6,861226851851858;91,89305555555546;1,0427469135802483;12,6;4,0;1,5239583333333326;51,70052083333332;133,60885416666667;4,220833333333335;92,0;79,5;2,8416666666666672
3,0;247,3533854166663;60,180555555555536;6,775058275058267;89,25796661608555;1,2698302469135794;11,4;3,35;1,8458333333333337;58,645833333333314;171,29531250000005;5,152083333333334;73,66666666666667;62,0;4,345833333333334
10,0;215,64288194444438;39,427430555555546;5,641435185185184;95,78583333333408;1,233333333333333;11,0;3,7;1,6645833333333335;56,17239583333333;150,26302083333326;4,533333333333333;55,33333333333334;44,5;3,566666666666668
1,0;240,18055555555569;67,38611111111109;3,974421296296296;91,65847222222305;1,2812499999999971;11,7;4,3;1,815625;60,76310160427808;216,63709677419374;5,008333333333333;60,33333333333334;50,0;
3,0;242,8881944444444;66,18680555555557;3,0836805555555573;88,50847222222286;1,2157407407407397;11,7;4,3;1,8312499999999992;62,85208333333333;252,50104166666665;5,168749999999998;67,0;60,0;3,85
1,0;164,02769097222202;64,69826388888889;4,92847222222222;82,9768055555558;1,3060185185185176;12,7;3,65;1,9578947368421056;65,27738095238094;256,84464285714284;5,241666666666667;73,0;66,5;5,3500000000000005
2,0;185,17065972222244;26,97013888888889;6,889120370370362;77,6191666666667;1,1583333333333323;13,2;3,85;1,925000000000001;62,254761904761935;193,4267857142856;5,083333333333334;82,0;70,0;5,133333333333335
3,0;157,6575652173911;27,992682926829268;6,624387397899652;79,98191933240622;1,1622102009273565;17,5;4,7;1,9510416666666683;66,06904761904764;226,85119047619045;4,952083333333333;99,66666666666669;84,5;5,229166666666667
3,0;201,50782608695647;48,95540069686412;7,068366164542301;81,38984700973576;1,0329211746522422;18,8;4,8;2,175;76,11964285714286;298,48214285714283;5,433333333333333;101,66666666666669;86,0;6,2333333333333325
7,0;190,87386759581864;43,22552447552447;8,203944315545254;77,5238161559889;1,1496904024767811;22,0;5,4;2,2208333333333345;90,089880952381;322,78273809523813;6,227083333333334;99,33333333333331;82,0;6,0749999999999975
5,0;223,70642361111112;60,1048611111111;7,310879629629632;75,95333333333339;0,8969907407407413;20,8;5,933333333333334;2,4218750000000004;95,40993788819875;394,96625766871176;5,975000000000002;98,66666666666669;82,5;6,983333333333335
4,0;230,7107638888889;52,58888888888888;6,850697674418599;79,78277777777784;1,1300925925925929;19,5;5,433333333333334;2,614583333333333;100,08170731707315;471,6803571428573;5,9;80,5;69,0;7,225000000000001
3,0;226,14913194444438;59,84618055555554;7,293131548311988;79,78430555555566;0,9355709876543212;18,5;5,199999999999998;2,441666666666666;85,46488095238094;343,9910714285716;5,791666666666668;86,33333333333331;73,5;6,908333333333332
3,0;211,4252604166669;61,260069444444454;7,529282407407407;79,26750000000017;0,85547839506173;17,1;4,533333333333334;2,399999999999999;77,67559523809527;296,647619047619;5,93125;87,66666666666669;74,5;6,895833333333332
6,0;159,5253472222221;4,99201388888889;7,964542294322117;92,72375000000002;1,1145833333333357;17,6;4,2;2,3687499999999995;71,2333333333333;281,07738095238096;4,891666666666667;77,66666666666667;62,5;5,6916666666666655
2,0;228,6460069444445;27,485069444444445;8,529629629629634;87,44944444444451;1,1529320987654326;16,8;4,066666666666666;2,1718750000000004;61,058928571428545;243,61249999999995;4,679166666666666;72,5;62,0;5,991666666666667
5,0;137,91634782608708;19,51324041811847;8,26778679026652;89,08358831710707;1,3460587326120574;16,6;2,5666666666666664;2,2479166666666663;61,90119047619047;265,66130952380956;4,364583333333334;59,66666666666666;51,0;5,979166666666668
2,0;179,65953237410068;19,735820895522387;7,508343265792611;91,21742857142858;1,8000796178343927;17,0;2,533333333333333;1,7624999999999993;50,7;127,94761904761904;3,994827586206896;60,33333333333334;51,5;5,245833333333334
6,0;246,7531249999999;31,915277777777767;6,3334490740740765;91,70555555555576;1,4164351851851855;14,3;3,4;1,7083333333333317;48,425595238095255;109,63511904761906;3,934722222222223;56,0;47,5;5,104166666666667
4,0;215,64147826086966;54,21567944250879;4,338470451911937;93,01307371349094;1,0467542503863982;12,3;4,4;1,9531250000000016;48,352976190476205;164,13571428571424;4,18888888888889;60,0;50,0;5,416666666666668
3,0;180,34861111111093;49,21249999999997;2,6842592592592567;93,29833333333329;1,017283950617285;13,3;3,9666666666666655;1,9239583333333337;50,52261904761907;178,6351190476191;4,261111111111112;64,33333333333333;53,0;5,441666666666666
8,0;235,81223958333317;62,84201388888889;2,161805555555556;92,70986111111101;1,2019290123456774;12,2;5,033333333333334;1,9322916666666647;56,89760479041912;202,96287425149703;4,497183098591551;79,66666666666667;69,0;5,891666666666668
8,0;204,55529513888882;60,903125;2,8343749999999988;88,55444444444444;1,0161265432098758;13,1;3,4;2,4312500000000004;65,17023809523813;300,96369047619066;4,404166666666665;51,66666666666666;42,5;6,5791666666666675
5,0;128,0569444444444;67,62881944444446;6,822685185185187;71,8127777777778;1,4791666666666663;9,4;1,7;2,3041666666666663;66,0285714285714;236,21011904761897;7,5972222222222205;34,0;27,5;6,7
6,0;120,36704347826077;16,362717770034845;5,050637311703366;68,68484005563289;1,4094281298299844;11,5;2,7;1,541666666666667;47,31666666666667;79,41488095238095;9,362499999999997;76,66666666666667;69,0;5,583333333333332
