DAY;MONTH;YEAR;Valore;Valore;Valore;Valore;Valore;Valore;COUNT;;;;;;;
1;1;2015;96,4451087;142,1442708;243,5682292;121,2802083;172,0833333;162,1570681;4;;0;1;2;;4;5
2;1;2015;142,1442708;243,5682292;121,2802083;172,0833333;162,1570681;230,65625;4;;0,146525115;0,104124363;0,081706841;0,049532522;0,045619389;0,046421939
3;1;2015;243,5682292;121,2802083;172,0833333;162,1570681;230,65625;193,0552083;0;;;;;;;
4;1;2015;121,2802083;172,0833333;162,1570681;230,65625;193,0552083;265,5729167;0;;;;;;;
5;1;2015;172,0833333;162,1570681;230,65625;193,0552083;265,5729167;104,4958333;0;;;;;;;
6;1;2015;162,1570681;230,65625;193,0552083;265,5729167;104,4958333;77,73246073;3;;;;;;;
7;1;2015;230,65625;193,0552083;265,5729167;104,4958333;77,73246073;213,9166667;1;;;;;;;
8;1;2015;193,0552083;265,5729167;104,4958333;77,73246073;213,9166667;304,6714286;2;;;;;;;
9;1;2015;265,5729167;104,4958333;77,73246073;213,9166667;304,6714286;317,2702381;3;;;;;;;
10;1;2015;104,4958333;77,73246073;213,9166667;304,6714286;317,2702381;246,1880952;3;;;;;;;
11;1;2015;77,73246073;213,9166667;304,6714286;317,2702381;246,1880952;161,4344444;1;;;;;;;
12;1;2015;213,9166667;304,6714286;317,2702381;246,1880952;161,4344444;103,8302326;5;;;;;;;
13;1;2015;304,6714286;317,2702381;246,1880952;161,4344444;103,8302326;109,4781065;2;;;;;;;
14;1;2015;317,2702381;246,1880952;161,4344444;103,8302326;109,4781065;270,0305085;5;;;;;;;
15;1;2015;246,1880952;161,4344444;103,8302326;109,4781065;270,0305085;210,8057292;4;;;;;;;
16;1;2015;161,4344444;103,8302326;109,4781065;270,0305085;210,8057292;198,9625;3;;;;;;;
17;1;2015;103,8302326;109,4781065;270,0305085;210,8057292;198,9625;140,1640625;4;;;;;;;
18;1;2015;109,4781065;270,0305085;210,8057292;198,9625;140,1640625;218,4885417;2;;;;;;;
19;1;2015;270,0305085;210,8057292;198,9625;140,1640625;218,4885417;323,84375;2;;;;;;;
20;1;2015;210,8057292;198,9625;140,1640625;218,4885417;323,84375;140,1546875;4;;;;;;;
21;1;2015;198,9625;140,1640625;218,4885417;323,84375;140,1546875;145,690625;1;;;;;;;
22;1;2015;140,1640625;218,4885417;323,84375;140,1546875;145,690625;321,7821053;1;;;;;;;
23;1;2015;218,4885417;323,84375;140,1546875;145,690625;321,7821053;265,95625;2;;;;;;;
24;1;2015;323,84375;140,1546875;145,690625;321,7821053;265,95625;289,5572917;2;;;;;;;
25;1;2015;140,1546875;145,690625;321,7821053;265,95625;289,5572917;135,0921466;4;;;;;;;
26;1;2015;145,690625;321,7821053;265,95625;289,5572917;135,0921466;194,4942708;2;;;;;;;
27;1;2015;321,7821053;265,95625;289,5572917;135,0921466;194,4942708;147,3333333;4;;;;;;;
28;1;2015;265,95625;289,5572917;135,0921466;194,4942708;147,3333333;246,9770833;3;;;;;;;
29;1;2015;289,5572917;135,0921466;194,4942708;147,3333333;246,9770833;187,2411458;2;;;;;;;
30;1;2015;135,0921466;194,4942708;147,3333333;246,9770833;187,2411458;182,9984375;2;;;;;;;
31;1;2015;194,4942708;147,3333333;246,9770833;187,2411458;182,9984375;132,6890625;5;;;;;;;
1;2;2015;147,3333333;246,9770833;187,2411458;182,9984375;132,6890625;216,1145833;1;;;;;;;
2;2;2015;246,9770833;187,2411458;182,9984375;132,6890625;216,1145833;99,35520833;2;;;;;;;
3;2;2015;187,2411458;182,9984375;132,6890625;216,1145833;99,35520833;88,87447917;3;;;;;;;
4;2;2015;182,9984375;132,6890625;216,1145833;99,35520833;88,87447917;165,3880208;3;;;;;;;
5;2;2015;132,6890625;216,1145833;99,35520833;88,87447917;165,3880208;224,1942708;1;;;;;;;
6;2;2015;216,1145833;99,35520833;88,87447917;165,3880208;224,1942708;273,3265625;3;;;;;;;
7;2;2015;99,35520833;88,87447917;165,3880208;224,1942708;273,3265625;301,0687151;3;;;;;;;
8;2;2015;88,87447917;165,3880208;224,1942708;273,3265625;301,0687151;207,3138122;2;;;;;;;
9;2;2015;165,3880208;224,1942708;273,3265625;301,0687151;207,3138122;123,1265625;6;;;;;;;
10;2;2015;224,1942708;273,3265625;301,0687151;207,3138122;123,1265625;113,5135417;1;;;;;;;
11;2;2015;273,3265625;301,0687151;207,3138122;123,1265625;113,5135417;219,8036458;2;;;;;;;
12;2;2015;301,0687151;207,3138122;123,1265625;113,5135417;219,8036458;170,4145833;2;;;;;;;
13;2;2015;207,3138122;123,1265625;113,5135417;219,8036458;170,4145833;119,9213542;1;;;;;;;
14;2;2015;123,1265625;113,5135417;219,8036458;170,4145833;119,9213542;203,3958333;1;;;;;;;
15;2;2015;113,5135417;219,8036458;170,4145833;119,9213542;203,3958333;222,1536458;4;;;;;;;
16;2;2015;219,8036458;170,4145833;119,9213542;203,3958333;222,1536458;82,10572917;2;;;;;;;
17;2;2015;170,4145833;119,9213542;203,3958333;222,1536458;82,10572917;63,08229167;4;;;;;;;
18;2;2015;119,9213542;203,3958333;222,1536458;82,10572917;63,08229167;216,3359375;3;;;;;;;
19;2;2015;203,3958333;222,1536458;82,10572917;63,08229167;216,3359375;196,6932292;5;;;;;;;
20;2;2015;222,1536458;82,10572917;63,08229167;216,3359375;196,6932292;119,8354167;3;;;;;;;
21;2;2015;82,10572917;63,08229167;216,3359375;196,6932292;119,8354167;151,5354167;4;;;;;;;
22;2;2015;63,08229167;216,3359375;196,6932292;119,8354167;151,5354167;172,2463542;6;;;;;;;
23;2;2015;216,3359375;196,6932292;119,8354167;151,5354167;172,2463542;165,6692708;4;;;;;;;
24;2;2015;196,6932292;119,8354167;151,5354167;172,2463542;165,6692708;201,15625;4;;;;;;;
25;2;2015;119,8354167;151,5354167;172,2463542;165,6692708;201,15625;113,0875;3;;;;;;;
26;2;2015;151,5354167;172,2463542;165,6692708;201,15625;113,0875;126,1770833;2;;;;;;;
27;2;2015;172,2463542;165,6692708;201,15625;113,0875;126,1770833;133,04375;1;;;;;;;
28;2;2015;165,6692708;201,15625;113,0875;126,1770833;133,04375;75,74375;10;;;;;;;
1;3;2015;201,15625;113,0875;126,1770833;133,04375;75,74375;129,38125;5;;;;;;;
2;3;2015;113,0875;126,1770833;133,04375;75,74375;129,38125;91,4328125;4;;;;;;;
3;3;2015;126,1770833;133,04375;75,74375;129,38125;91,4328125;109,5427083;6;;;;;;;
4;3;2015;133,04375;75,74375;129,38125;91,4328125;109,5427083;123,9088542;5;;;;;;;
5;3;2015;75,74375;129,38125;91,4328125;109,5427083;123,9088542;163,3385417;2;;;;;;;
6;3;2015;129,38125;91,4328125;109,5427083;123,9088542;163,3385417;183,259375;3;;;;;;;
7;3;2015;91,4328125;109,5427083;123,9088542;163,3385417;183,259375;100,1296875;2;;;;;;;
8;3;2015;109,5427083;123,9088542;163,3385417;183,259375;100,1296875;145,4119792;3;;;;;;;
9;3;2015;123,9088542;163,3385417;183,259375;100,1296875;145,4119792;75,665625;4;;;;;;;
10;3;2015;163,3385417;183,259375;100,1296875;145,4119792;75,665625;52,2046875;5;;;;;;;
11;3;2015;183,259375;100,1296875;145,4119792;75,665625;52,2046875;93,325;10;;;;;;;
12;3;2015;100,1296875;145,4119792;75,665625;52,2046875;93,325;132,8395833;3;;;;;;;
13;3;2015;145,4119792;75,665625;52,2046875;93,325;132,8395833;157,4020833;4;;;;;;;
14;3;2015;75,665625;52,2046875;93,325;132,8395833;157,4020833;131,5244792;4;;;;;;;
15;3;2015;52,2046875;93,325;132,8395833;157,4020833;131,5244792;98,06387435;3;;;;;;;
16;3;2015;93,325;132,8395833;157,4020833;131,5244792;98,06387435;68,790625;4;;;;;;;
17;3;2015;132,8395833;157,4020833;131,5244792;98,06387435;68,790625;62,27135417;3;;;;;;;
18;3;2015;157,4020833;131,5244792;98,06387435;68,790625;62,27135417;126,5005208;5;;;;;;;
19;3;2015;131,5244792;98,06387435;68,790625;62,27135417;126,5005208;109,4802083;5;;;;;;;
20;3;2015;98,06387435;68,790625;62,27135417;126,5005208;109,4802083;94,27239583;2;;;;;;;
21;3;2015;68,790625;62,27135417;126,5005208;109,4802083;94,27239583;85,84583333;2;;;;;;;
22;3;2015;62,27135417;126,5005208;109,4802083;94,27239583;85,84583333;75,59583333;2;;;;;;;
23;3;2015;126,5005208;109,4802083;94,27239583;85,84583333;75,59583333;88,27604167;11;;;;;;;
24;3;2015;109,4802083;94,27239583;85,84583333;75,59583333;88,27604167;80,23697917;10;;;;;;;
25;3;2015;94,27239583;85,84583333;75,59583333;88,27604167;80,23697917;85,74114583;1;;;;;;;
26;3;2015;85,84583333;75,59583333;88,27604167;80,23697917;85,74114583;74,19270833;1;;;;;;;
27;3;2015;75,59583333;88,27604167;80,23697917;85,74114583;74,19270833;44,66230366;1;;;;;;;
28;3;2015;88,27604167;80,23697917;85,74114583;74,19270833;44,66230366;79,64375;8;;;;;;;
29;3;2015;80,23697917;85,74114583;74,19270833;44,66230366;79,64375;57,6078125;4;;;;;;;
30;3;2015;85,74114583;74,19270833;44,66230366;79,64375;57,6078125;44,5984375;1;;;;;;;
31;3;2015;74,19270833;44,66230366;79,64375;57,6078125;44,5984375;34,56568047;7;;;;;;;
1;4;2015;44,66230366;79,64375;57,6078125;44,5984375;34,56568047;38,94712042;5;;;;;;;
2;4;2015;79,64375;57,6078125;44,5984375;34,56568047;38,94712042;70,82604167;2;;;;;;;
3;4;2015;57,6078125;44,5984375;34,56568047;38,94712042;70,82604167;129,215625;3;;;;;;;
4;4;2015;44,5984375;34,56568047;38,94712042;70,82604167;129,215625;121,0096591;3;;;;;;;
5;4;2015;34,56568047;38,94712042;70,82604167;129,215625;121,0096591;95,11190476;0;;;;;;;
6;4;2015;38,94712042;70,82604167;129,215625;121,0096591;95,11190476;60,64166667;3;;;;;;;
7;4;2015;70,82604167;129,215625;121,0096591;95,11190476;60,64166667;63,71964286;8;;;;;;;
8;4;2015;129,215625;121,0096591;95,11190476;60,64166667;63,71964286;110,9095238;3;;;;;;;
9;4;2015;121,0096591;95,11190476;60,64166667;63,71964286;110,9095238;114,129878;5;;;;;;;
10;4;2015;95,11190476;60,64166667;63,71964286;110,9095238;114,129878;93,08024691;4;;;;;;;
11;4;2015;60,64166667;63,71964286;110,9095238;114,129878;93,08024691;65,72528736;6;;;;;;;
12;4;2015;63,71964286;110,9095238;114,129878;93,08024691;65,72528736;77,25677083;3;;;;;;;
13;4;2015;110,9095238;114,129878;93,08024691;65,72528736;77,25677083;67,30160428;4;;;;;;;
14;4;2015;114,129878;93,08024691;65,72528736;77,25677083;67,30160428;38,94497354;4;;;;;;;
15;4;2015;93,08024691;65,72528736;77,25677083;67,30160428;38,94497354;105,3823529;3;;;;;;;
16;4;2015;65,72528736;77,25677083;67,30160428;38,94497354;105,3823529;122,3732984;4;;;;;;;
17;4;2015;77,25677083;67,30160428;38,94497354;105,3823529;122,3732984;97,53406593;3;;;;;;;
18;4;2015;67,30160428;38,94497354;105,3823529;122,3732984;97,53406593;43,45416667;0;;;;;;;
19;4;2015;38,94497354;105,3823529;122,3732984;97,53406593;43,45416667;53,5988024;2;;;;;;;
20;4;2015;105,3823529;122,3732984;97,53406593;43,45416667;53,5988024;50,21793103;2;;;;;;;
21;4;2015;122,3732984;97,53406593;43,45416667;53,5988024;50,21793103;56,57569444;4;;;;;;;
22;4;2015;97,53406593;43,45416667;53,5988024;50,21793103;56,57569444;74,78888889;4;;;;;;;
23;4;2015;43,45416667;53,5988024;50,21793103;56,57569444;74,78888889;73,58402778;4;;;;;;;
24;4;2015;53,5988024;50,21793103;56,57569444;74,78888889;73,58402778;73,77083333;3;;;;;;;
25;4;2015;50,21793103;56,57569444;74,78888889;73,58402778;73,77083333;61,08601399;2;;;;;;;
26;4;2015;56,57569444;74,78888889;73,58402778;73,77083333;61,08601399;64,35347222;4;;;;;;;
27;4;2015;74,78888889;73,58402778;73,77083333;61,08601399;64,35347222;45,63055556;4;;;;;;;
28;4;2015;73,58402778;73,77083333;61,08601399;64,35347222;45,63055556;53,71805556;5;;;;;;;
29;4;2015;73,77083333;61,08601399;64,35347222;45,63055556;53,71805556;92,53888889;2;;;;;;;
30;4;2015;61,08601399;64,35347222;45,63055556;53,71805556;92,53888889;83,09444444;4;;;;;;;
1;5;2015;64,35347222;45,63055556;53,71805556;92,53888889;83,09444444;94,38472222;4;;;;;;;
2;5;2015;45,63055556;53,71805556;92,53888889;83,09444444;94,38472222;69,72777778;2;;;;;;;
3;5;2015;53,71805556;92,53888889;83,09444444;94,38472222;69,72777778;93,12430556;2;;;;;;;
4;5;2015;92,53888889;83,09444444;94,38472222;69,72777778;93,12430556;71,62222222;3;;;;;;;
5;5;2015;83,09444444;94,38472222;69,72777778;93,12430556;71,62222222;66,35594406;8;;;;;;;
6;5;2015;94,38472222;69,72777778;93,12430556;71,62222222;66,35594406;96,48857143;6;;;;;;;
7;5;2015;69,72777778;93,12430556;71,62222222;66,35594406;96,48857143;71,61699346;1;;;;;;;
8;5;2015;93,12430556;71,62222222;66,35594406;96,48857143;71,61699346;60,61488095;1;;;;;;;
9;5;2015;71,62222222;66,35594406;96,48857143;71,61699346;60,61488095;42,22944444;3;;;;;;;
10;5;2015;66,35594406;96,48857143;71,61699346;60,61488095;42,22944444;46,71302083;0;;;;;;;
11;5;2015;96,48857143;71,61699346;60,61488095;42,22944444;46,71302083;36,16354167;2;;;;;;;
12;5;2015;71,61699346;60,61488095;42,22944444;46,71302083;36,16354167;41,95833333;3;;;;;;;
13;5;2015;60,61488095;42,22944444;46,71302083;36,16354167;41,95833333;59,07;5;;;;;;;
14;5;2015;42,22944444;46,71302083;36,16354167;41,95833333;59,07;47,32619048;5;;;;;;;
15;5;2015;46,71302083;36,16354167;41,95833333;59,07;47,32619048;61,83095238;5;;;;;;;
16;5;2015;36,16354167;41,95833333;59,07;47,32619048;61,83095238;62,12083333;3;;;;;;;
17;5;2015;41,95833333;59,07;47,32619048;61,83095238;62,12083333;50,47321429;3;;;;;;;
18;5;2015;59,07;47,32619048;61,83095238;62,12083333;50,47321429;54,98035714;0;;;;;;;
19;5;2015;47,32619048;61,83095238;62,12083333;50,47321429;54,98035714;36,02440476;4;;;;;;;
20;5;2015;61,83095238;62,12083333;50,47321429;54,98035714;36,02440476;64,15586592;1;;;;;;;
21;5;2015;62,12083333;50,47321429;54,98035714;36,02440476;64,15586592;56,43333333;5;;;;;;;
22;5;2015;50,47321429;54,98035714;36,02440476;64,15586592;56,43333333;60,925;4;;;;;;;
23;5;2015;54,98035714;36,02440476;64,15586592;56,43333333;60,925;54,115625;0;;;;;;;
24;5;2015;36,02440476;64,15586592;56,43333333;60,925;54,115625;55,90677083;3;;;;;;;
25;5;2015;64,15586592;56,43333333;60,925;54,115625;55,90677083;31,69479167;4;;;;;;;
26;5;2015;56,43333333;60,925;54,115625;55,90677083;31,69479167;36,90520833;5;;;;;;;
27;5;2015;60,925;54,115625;55,90677083;31,69479167;36,90520833;44,4890625;1;;;;;;;
28;5;2015;54,115625;55,90677083;31,69479167;36,90520833;44,4890625;38,590625;4;;;;;;;
29;5;2015;55,90677083;31,69479167;36,90520833;44,4890625;38,590625;60,89635417;7;;;;;;;
30;5;2015;31,69479167;36,90520833;44,4890625;38,590625;60,89635417;90,83229167;2;;;;;;;
31;5;2015;36,90520833;44,4890625;38,590625;60,89635417;90,83229167;78,34791667;2;;;;;;;
1;6;2015;44,4890625;38,590625;60,89635417;90,83229167;78,34791667;56,27674419;2;;;;;;;
2;6;2015;38,590625;60,89635417;90,83229167;78,34791667;56,27674419;38,1202381;3;;;;;;;
3;6;2015;60,89635417;90,83229167;78,34791667;56,27674419;38,1202381;52,60654762;4;;;;;;;
4;6;2015;90,83229167;78,34791667;56,27674419;38,1202381;52,60654762;49,69166667;6;;;;;;;
5;6;2015;78,34791667;56,27674419;38,1202381;52,60654762;49,69166667;51,86703911;5;;;;;;;
6;6;2015;56,27674419;38,1202381;52,60654762;49,69166667;51,86703911;75,12011834;4;;;;;;;
7;6;2015;38,1202381;52,60654762;49,69166667;51,86703911;75,12011834;71,15026178;2;;;;;;;
8;6;2015;52,60654762;49,69166667;51,86703911;75,12011834;71,15026178;52,2546875;4;;;;;;;
9;6;2015;49,69166667;51,86703911;75,12011834;71,15026178;52,2546875;51,69166667;2;;;;;;;
10;6;2015;51,86703911;75,12011834;71,15026178;52,2546875;51,69166667;46,8109375;6;;;;;;;
11;6;2015;75,12011834;71,15026178;52,2546875;51,69166667;46,8109375;64,92760417;3;;;;;;;
12;6;2015;71,15026178;52,2546875;51,69166667;46,8109375;64,92760417;55,81413613;5;;;;;;;
13;6;2015;52,2546875;51,69166667;46,8109375;64,92760417;55,81413613;60,27916667;3;;;;;;;
14;6;2015;51,69166667;46,8109375;64,92760417;55,81413613;60,27916667;58,88229167;2;;;;;;;
15;6;2015;46,8109375;64,92760417;55,81413613;60,27916667;58,88229167;37,95;4;;;;;;;
16;6;2015;64,92760417;55,81413613;60,27916667;58,88229167;37,95;33,35416667;1;;;;;;;
17;6;2015;55,81413613;60,27916667;58,88229167;37,95;33,35416667;55,571875;6;;;;;;;
18;6;2015;60,27916667;58,88229167;37,95;33,35416667;55,571875;55,05052083;6;;;;;;;
19;6;2015;58,88229167;37,95;33,35416667;55,571875;55,05052083;41,86354167;4;;;;;;;
20;6;2015;37,95;33,35416667;55,571875;55,05052083;41,86354167;56,2953125;2;;;;;;;
21;6;2015;33,35416667;55,571875;55,05052083;41,86354167;56,2953125;64,82395833;2;;;;;;;
22;6;2015;55,571875;55,05052083;41,86354167;56,2953125;64,82395833;52,1109375;3;;;;;;;
23;6;2015;55,05052083;41,86354167;56,2953125;64,82395833;52,1109375;35,35088757;2;;;;;;;
24;6;2015;41,86354167;56,2953125;64,82395833;52,1109375;35,35088757;54,02321429;4;;;;;;;
25;6;2015;56,2953125;64,82395833;52,1109375;35,35088757;54,02321429;54,05649718;1;;;;;;;
26;6;2015;64,82395833;52,1109375;35,35088757;54,02321429;54,05649718;58,15364583;3;;;;;;;
27;6;2015;52,1109375;35,35088757;54,02321429;54,05649718;58,15364583;55,69322917;2;;;;;;;
28;6;2015;35,35088757;54,02321429;54,05649718;58,15364583;55,69322917;56,3890625;3;;;;;;;
29;6;2015;54,02321429;54,05649718;58,15364583;55,69322917;56,3890625;43,90320856;4;;;;;;;
30;6;2015;54,05649718;58,15364583;55,69322917;56,3890625;43,90320856;44,58571429;9;;;;;;;
1;7;2015;58,15364583;55,69322917;56,3890625;43,90320856;44,58571429;58,24759036;5;;;;;;;
2;7;2015;55,69322917;56,3890625;43,90320856;44,58571429;58,24759036;48,08194444;0;;;;;;;
3;7;2015;56,3890625;43,90320856;44,58571429;58,24759036;48,08194444;34,86776316;2;;;;;;;
4;7;2015;43,90320856;44,58571429;58,24759036;48,08194444;34,86776316;46,76904762;4;;;;;;;
5;7;2015;44,58571429;58,24759036;48,08194444;34,86776316;46,76904762;48,83832335;2;;;;;;;
6;7;2015;58,24759036;48,08194444;34,86776316;46,76904762;48,83832335;46,27738095;4;;;;;;;
7;7;2015;48,08194444;34,86776316;46,76904762;48,83832335;46,27738095;34,35;6;;;;;;;
8;7;2015;34,86776316;46,76904762;48,83832335;46,27738095;34,35;50,27797619;3;;;;;;;
9;7;2015;46,76904762;48,83832335;46,27738095;34,35;50,27797619;49,3077381;4;;;;;;;
10;7;2015;48,83832335;46,27738095;34,35;50,27797619;49,3077381;56,5952381;6;;;;;;;
11;7;2015;46,27738095;34,35;50,27797619;49,3077381;56,5952381;51,02380952;2;;;;;;;
12;7;2015;34,35;50,27797619;49,3077381;56,5952381;51,02380952;54,35535714;3;;;;;;;
13;7;2015;50,27797619;49,3077381;56,5952381;51,02380952;54,35535714;43,82447917;1;;;;;;;
14;7;2015;49,3077381;56,5952381;51,02380952;54,35535714;43,82447917;29,2359375;1;;;;;;;
15;7;2015;56,5952381;51,02380952;54,35535714;43,82447917;29,2359375;34,02956989;5;;;;;;;
16;7;2015;51,02380952;54,35535714;43,82447917;29,2359375;34,02956989;55,96612903;2;;;;;;;
17;7;2015;54,35535714;43,82447917;29,2359375;34,02956989;55,96612903;63,2393617;4;;;;;;;
18;7;2015;43,82447917;29,2359375;34,02956989;55,96612903;63,2393617;40,33035714;2;;;;;;;
19;7;2015;29,2359375;34,02956989;55,96612903;63,2393617;40,33035714;46,17738095;3;;;;;;;
20;7;2015;34,02956989;55,96612903;63,2393617;40,33035714;46,17738095;29,8739726;2;;;;;;;
21;7;2015;55,96612903;63,2393617;40,33035714;46,17738095;29,8739726;30,78402778;4;;;;;;;
22;7;2015;63,2393617;40,33035714;46,17738095;29,8739726;30,78402778;36,02467532;3;;;;;;;
23;7;2015;40,33035714;46,17738095;29,8739726;30,78402778;36,02467532;40,8439759;2;;;;;;;
24;7;2015;46,17738095;29,8739726;30,78402778;36,02467532;40,8439759;37,70714286;2;;;;;;;
25;7;2015;29,8739726;30,78402778;36,02467532;40,8439759;37,70714286;43,27916667;0;;;;;;;
26;7;2015;30,78402778;36,02467532;40,8439759;37,70714286;43,27916667;41,34166667;1;;;;;;;
27;7;2015;36,02467532;40,8439759;37,70714286;43,27916667;41,34166667;47,2125;4;;;;;;;
28;7;2015;40,8439759;37,70714286;43,27916667;41,34166667;47,2125;33,12604167;0;;;;;;;
29;7;2015;37,70714286;43,27916667;41,34166667;47,2125;33,12604167;55,74375;4;;;;;;;
30;7;2015;43,27916667;41,34166667;47,2125;33,12604167;55,74375;55,32552083;3;;;;;;;
31;7;2015;41,34166667;47,2125;33,12604167;55,74375;55,32552083;57,33697917;4;;;;;;;
1;8;2015;47,2125;33,12604167;55,74375;55,32552083;57,33697917;63,39739583;9;;;;;;;
2;8;2015;33,12604167;55,74375;55,32552083;57,33697917;63,39739583;61,45081081;1;;;;;;;
3;8;2015;55,74375;55,32552083;57,33697917;63,39739583;61,45081081;44,39011628;1;;;;;;;
4;8;2015;55,32552083;57,33697917;63,39739583;61,45081081;44,39011628;32,18113208;3;;;;;;;
5;8;2015;57,33697917;63,39739583;61,45081081;44,39011628;32,18113208;37,44230769;3;;;;;;;
6;8;2015;63,39739583;61,45081081;44,39011628;32,18113208;37,44230769;51,91024096;2;;;;;;;
7;8;2015;61,45081081;44,39011628;32,18113208;37,44230769;51,91024096;67,07142857;1;;;;;;;
8;8;2015;44,39011628;32,18113208;37,44230769;51,91024096;67,07142857;59,31547619;2;;;;;;;
9;8;2015;32,18113208;37,44230769;51,91024096;67,07142857;59,31547619;50,16488095;2;;;;;;;
10;8;2015;37,44230769;51,91024096;67,07142857;59,31547619;50,16488095;30,87083333;1;;;;;;;
11;8;2015;51,91024096;67,07142857;59,31547619;50,16488095;30,87083333;24,1625;4;;;;;;;
12;8;2015;67,07142857;59,31547619;50,16488095;30,87083333;24,1625;29,8672619;2;;;;;;;
13;8;2015;59,31547619;50,16488095;30,87083333;24,1625;29,8672619;34,15568182;1;;;;;;;
14;8;2015;50,16488095;30,87083333;24,1625;29,8672619;34,15568182;32,30575916;0;;;;;;;
15;8;2015;30,87083333;24,1625;29,8672619;34,15568182;32,30575916;40,434375;4;;;;;;;
16;8;2015;24,1625;29,8672619;34,15568182;32,30575916;40,434375;32,22604167;0;;;;;;;
17;8;2015;29,8672619;34,15568182;32,30575916;40,434375;32,22604167;30,99479167;4;;;;;;;
18;8;2015;34,15568182;32,30575916;40,434375;32,22604167;30,99479167;36,121875;1;;;;;;;
19;8;2015;32,30575916;40,434375;32,22604167;30,99479167;36,121875;43,4625;4;;;;;;;
20;8;2015;40,434375;32,22604167;30,99479167;36,121875;43,4625;37,81145833;4;;;;;;;
21;8;2015;32,22604167;30,99479167;36,121875;43,4625;37,81145833;54,5265625;2;;;;;;;
22;8;2015;30,99479167;36,121875;43,4625;37,81145833;54,5265625;65,68645833;3;;;;;;;
23;8;2015;36,121875;43,4625;37,81145833;54,5265625;65,68645833;72,64114583;4;;;;;;;
24;8;2015;43,4625;37,81145833;54,5265625;65,68645833;72,64114583;65,821875;1;;;;;;;
25;8;2015;37,81145833;54,5265625;65,68645833;72,64114583;65,821875;63,64010417;0;;;;;;;
26;8;2015;54,5265625;65,68645833;72,64114583;65,821875;63,64010417;74,3671875;1;;;;;;;
27;8;2015;65,68645833;72,64114583;65,821875;63,64010417;74,3671875;60,11145833;2;;;;;;;
28;8;2015;72,64114583;65,821875;63,64010417;74,3671875;60,11145833;49,32604167;4;;;;;;;
29;8;2015;65,821875;63,64010417;74,3671875;60,11145833;49,32604167;51,61302083;2;;;;;;;
30;8;2015;63,64010417;74,3671875;60,11145833;49,32604167;51,61302083;53,47277487;0;;;;;;;
31;8;2015;74,3671875;60,11145833;49,32604167;51,61302083;53,47277487;45,38125;5;;;;;;;
1;9;2015;60,11145833;49,32604167;51,61302083;53,47277487;45,38125;47,803125;2;;;;;;;
2;9;2015;49,32604167;51,61302083;53,47277487;45,38125;47,803125;81,61197917;4;;;;;;;
3;9;2015;51,61302083;53,47277487;45,38125;47,803125;81,61197917;73,1265625;3;;;;;;;
4;9;2015;53,47277487;45,38125;47,803125;81,61197917;73,1265625;75,1265625;5;;;;;;;
5;9;2015;45,38125;47,803125;81,61197917;73,1265625;75,1265625;64,17239583;1;;;;;;;
6;9;2015;47,803125;81,61197917;73,1265625;75,1265625;64,17239583;61,47239583;2;;;;;;;
7;9;2015;81,61197917;73,1265625;75,1265625;64,17239583;61,47239583;72,19895833;2;;;;;;;
8;9;2015;73,1265625;75,1265625;64,17239583;61,47239583;72,19895833;49,17708333;1;;;;;;;
9;9;2015;75,1265625;64,17239583;61,47239583;72,19895833;49,17708333;58,946875;2;;;;;;;
10;9;2015;64,17239583;61,47239583;72,19895833;49,17708333;58,946875;80,7203125;2;;;;;;;
11;9;2015;61,47239583;72,19895833;49,17708333;58,946875;80,7203125;124,8796875;5;;;;;;;
12;9;2015;72,19895833;49,17708333;58,946875;80,7203125;124,8796875;106,6010471;6;;;;;;;
13;9;2015;49,17708333;58,946875;80,7203125;124,8796875;106,6010471;90,21510417;3;;;;;;;
14;9;2015;58,946875;80,7203125;124,8796875;106,6010471;90,21510417;58,17135417;4;;;;;;;
15;9;2015;80,7203125;124,8796875;106,6010471;90,21510417;58,17135417;53,58177083;3;;;;;;;
16;9;2015;124,8796875;106,6010471;90,21510417;58,17135417;53,58177083;98,0625;3;;;;;;;
17;9;2015;106,6010471;90,21510417;58,17135417;53,58177083;98,0625;71,36701571;6;;;;;;;
18;9;2015;90,21510417;58,17135417;53,58177083;98,0625;71,36701571;80,74635417;3;;;;;;;
19;9;2015;58,17135417;53,58177083;98,0625;71,36701571;80,74635417;121,5739583;3;;;;;;;
20;9;2015;53,58177083;98,0625;71,36701571;80,74635417;121,5739583;131,70625;4;;;;;;;
21;9;2015;98,0625;71,36701571;80,74635417;121,5739583;131,70625;76,89791667;5;;;;;;;
22;9;2015;71,36701571;80,74635417;121,5739583;131,70625;76,89791667;52,3140625;4;;;;;;;
23;9;2015;80,74635417;121,5739583;131,70625;76,89791667;52,3140625;61,5382199;3;;;;;;;
24;9;2015;121,5739583;131,70625;76,89791667;52,3140625;61,5382199;88,36574586;4;;;;;;;
25;9;2015;131,70625;76,89791667;52,3140625;61,5382199;88,36574586;91,77175141;8;;;;;;;
26;9;2015;76,89791667;52,3140625;61,5382199;88,36574586;91,77175141;76,78645833;2;;;;;;;
27;9;2015;52,3140625;61,5382199;88,36574586;91,77175141;76,78645833;111,128125;3;;;;;;;
28;9;2015;61,5382199;88,36574586;91,77175141;76,78645833;111,128125;74,40364583;5;;;;;;;
29;9;2015;88,36574586;91,77175141;76,78645833;111,128125;74,40364583;55,37447917;1;;;;;;;
30;9;2015;91,77175141;76,78645833;111,128125;74,40364583;55,37447917;106,2796875;4;;;;;;;
1;10;2015;76,78645833;111,128125;74,40364583;55,37447917;106,2796875;89,63541667;3;;;;;;;
2;10;2015;111,128125;74,40364583;55,37447917;106,2796875;89,63541667;87,0765625;9;;;;;;;
3;10;2015;74,40364583;55,37447917;106,2796875;89,63541667;87,0765625;104,0588542;4;;;;;;;
4;10;2015;55,37447917;106,2796875;89,63541667;87,0765625;104,0588542;104,1213542;2;;;;;;;
5;10;2015;106,2796875;89,63541667;87,0765625;104,0588542;104,1213542;66,703125;4;;;;;;;
6;10;2015;89,63541667;87,0765625;104,0588542;104,1213542;66,703125;94,22604167;4;;;;;;;
7;10;2015;87,0765625;104,0588542;104,1213542;66,703125;94,22604167;97,75677083;6;;;;;;;
8;10;2015;104,0588542;104,1213542;66,703125;94,22604167;97,75677083;76,734375;3;;;;;;;
9;10;2015;104,1213542;66,703125;94,22604167;97,75677083;76,734375;79,17552083;8;;;;;;;
10;10;2015;66,703125;94,22604167;97,75677083;76,734375;79,17552083;73,58385417;6;;;;;;;
11;10;2015;94,22604167;97,75677083;76,734375;79,17552083;73,58385417;75,55301205;7;;;;;;;
12;10;2015;97,75677083;76,734375;79,17552083;73,58385417;75,55301205;93,85654762;5;;;;;;;
13;10;2015;76,734375;79,17552083;73,58385417;75,55301205;93,85654762;73,02916667;5;;;;;;;
14;10;2015;79,17552083;73,58385417;75,55301205;93,85654762;73,02916667;119,2636364;2;;;;;;;
15;10;2015;73,58385417;75,55301205;93,85654762;73,02916667;119,2636364;139,0664516;2;;;;;;;
16;10;2015;75,55301205;93,85654762;73,02916667;119,2636364;139,0664516;148,6316456;3;;;;;;;
17;10;2015;93,85654762;73,02916667;119,2636364;139,0664516;148,6316456;152,2934524;7;;;;;;;
18;10;2015;73,02916667;119,2636364;139,0664516;148,6316456;152,2934524;227,2255682;1;;;;;;;
19;10;2015;119,2636364;139,0664516;148,6316456;152,2934524;227,2255682;218,4630208;4;;;;;;;
20;10;2015;139,0664516;148,6316456;152,2934524;227,2255682;218,4630208;164,0489583;3;;;;;;;
21;10;2015;148,6316456;152,2934524;227,2255682;218,4630208;164,0489583;229,9598958;6;;;;;;;
22;10;2015;152,2934524;227,2255682;218,4630208;164,0489583;229,9598958;254,8802083;2;;;;;;;
23;10;2015;227,2255682;218,4630208;164,0489583;229,9598958;254,8802083;134,2088542;2;;;;;;;
24;10;2015;218,4630208;164,0489583;229,9598958;254,8802083;134,2088542;113,771875;1;;;;;;;
25;10;2015;164,0489583;229,9598958;254,8802083;134,2088542;113,771875;224,2255208;6;;;;;;;
26;10;2015;229,9598958;254,8802083;134,2088542;113,771875;224,2255208;173,8880208;5;;;;;;;
27;10;2015;254,8802083;134,2088542;113,771875;224,2255208;173,8880208;149,4541667;5;;;;;;;
28;10;2015;134,2088542;113,771875;224,2255208;173,8880208;149,4541667;186,6557292;4;;;;;;;
29;10;2015;113,771875;224,2255208;173,8880208;149,4541667;186,6557292;273,2052083;2;;;;;;;
30;10;2015;224,2255208;173,8880208;149,4541667;186,6557292;273,2052083;160,3494792;7;;;;;;;
31;10;2015;173,8880208;149,4541667;186,6557292;273,2052083;160,3494792;325,4604167;6;;;;;;;
1;11;2015;149,4541667;186,6557292;273,2052083;160,3494792;325,4604167;346,3510417;4;;;;;;;
2;11;2015;186,6557292;273,2052083;160,3494792;325,4604167;346,3510417;380,7432292;3;;;;;;;
3;11;2015;273,2052083;160,3494792;325,4604167;346,3510417;380,7432292;312,3151042;4;;;;;;;
4;11;2015;160,3494792;325,4604167;346,3510417;380,7432292;312,3151042;171,1885417;3;;;;;;;
5;11;2015;325,4604167;346,3510417;380,7432292;312,3151042;171,1885417;224,946875;7;;;;;;;
6;11;2015;346,3510417;380,7432292;312,3151042;171,1885417;224,946875;354,2088542;2;;;;;;;
7;11;2015;380,7432292;312,3151042;171,1885417;224,946875;354,2088542;276,9602094;3;;;;;;;
8;11;2015;312,3151042;171,1885417;224,946875;354,2088542;276,9602094;373,8463542;5;;;;;;;
9;11;2015;171,1885417;224,946875;354,2088542;276,9602094;373,8463542;92,98333333;5;;;;;;;
10;11;2015;224,946875;354,2088542;276,9602094;373,8463542;92,98333333;76,79322917;7;;;;;;;
11;11;2015;354,2088542;276,9602094;373,8463542;92,98333333;76,79322917;124,4940217;1;;;;;;;
12;11;2015;276,9602094;373,8463542;92,98333333;76,79322917;124,4940217;160,1386905;2;;;;;;;
13;11;2015;373,8463542;92,98333333;76,79322917;124,4940217;160,1386905;160,6434524;8;;;;;;;
14;11;2015;92,98333333;76,79322917;124,4940217;160,1386905;160,6434524;115,4983333;3;;;;;;;
15;11;2015;76,79322917;124,4940217;160,1386905;160,6434524;115,4983333;141,1266272;6;;;;;;;
16;11;2015;124,4940217;160,1386905;160,6434524;115,4983333;141,1266272;105,6119048;10;;;;;;;
17;11;2015;160,1386905;160,6434524;115,4983333;141,1266272;105,6119048;60,30558659;2;;;;;;;
18;11;2015;160,6434524;115,4983333;141,1266272;105,6119048;60,30558659;113,0758427;2;;;;;;;
19;11;2015;115,4983333;141,1266272;105,6119048;60,30558659;113,0758427;188,5171875;6;;;;;;;
20;11;2015;141,1266272;105,6119048;60,30558659;113,0758427;188,5171875;206,5390625;8;;;;;;;
21;11;2015;105,6119048;60,30558659;113,0758427;188,5171875;206,5390625;244,69375;3;;;;;;;
22;11;2015;60,30558659;113,0758427;188,5171875;206,5390625;244,69375;356,1209424;6;;;;;;;
23;11;2015;113,0758427;188,5171875;206,5390625;244,69375;356,1209424;274,3473958;3;;;;;;;
24;11;2015;188,5171875;206,5390625;244,69375;356,1209424;274,3473958;226,1729167;0;;;;;;;
25;11;2015;206,5390625;244,69375;356,1209424;274,3473958;226,1729167;270,2739583;3;;;;;;;
26;11;2015;244,69375;356,1209424;274,3473958;226,1729167;270,2739583;236,08125;3;;;;;;;
27;11;2015;356,1209424;274,3473958;226,1729167;270,2739583;236,08125;273,7161458;7;;;;;;;
28;11;2015;274,3473958;226,1729167;270,2739583;236,08125;273,7161458;289,7251309;8;;;;;;;
29;11;2015;226,1729167;270,2739583;236,08125;273,7161458;289,7251309;299,4484375;4;;;;;;;
30;11;2015;270,2739583;236,08125;273,7161458;289,7251309;299,4484375;144,20625;5;;;;;;;
1;12;2015;236,08125;273,7161458;289,7251309;299,4484375;144,20625;112,5140625;3;;;;;;;
2;12;2015;273,7161458;289,7251309;299,4484375;144,20625;112,5140625;133,6088542;9;;;;;;;
3;12;2015;289,7251309;299,4484375;144,20625;112,5140625;133,6088542;171,2953125;3;;;;;;;
4;12;2015;299,4484375;144,20625;112,5140625;133,6088542;171,2953125;150,2630208;3;;;;;;;
5;12;2015;144,20625;112,5140625;133,6088542;171,2953125;150,2630208;216,6370968;4;;;;;;;
6;12;2015;112,5140625;133,6088542;171,2953125;150,2630208;216,6370968;252,5010417;5;;;;;;;
7;12;2015;133,6088542;171,2953125;150,2630208;216,6370968;252,5010417;256,8446429;6;;;;;;;
8;12;2015;171,2953125;150,2630208;216,6370968;252,5010417;256,8446429;193,4267857;3;;;;;;;
9;12;2015;150,2630208;216,6370968;252,5010417;256,8446429;193,4267857;226,8511905;10;;;;;;;
10;12;2015;216,6370968;252,5010417;256,8446429;193,4267857;226,8511905;298,4821429;1;;;;;;;
11;12;2015;252,5010417;256,8446429;193,4267857;226,8511905;298,4821429;322,7827381;3;;;;;;;
12;12;2015;256,8446429;193,4267857;226,8511905;298,4821429;322,7827381;394,9662577;1;;;;;;;
13;12;2015;193,4267857;226,8511905;298,4821429;322,7827381;394,9662577;471,6803571;2;;;;;;;
14;12;2015;226,8511905;298,4821429;322,7827381;394,9662577;471,6803571;343,9910714;3;;;;;;;
15;12;2015;298,4821429;322,7827381;394,9662577;471,6803571;343,9910714;296,647619;3;;;;;;;
16;12;2015;322,7827381;394,9662577;471,6803571;343,9910714;296,647619;281,077381;7;;;;;;;
17;12;2015;394,9662577;471,6803571;343,9910714;296,647619;281,077381;243,6125;5;;;;;;;
18;12;2015;471,6803571;343,9910714;296,647619;281,077381;243,6125;265,6613095;4;;;;;;;
19;12;2015;343,9910714;296,647619;281,077381;243,6125;265,6613095;127,947619;3;;;;;;;
20;12;2015;296,647619;281,077381;243,6125;265,6613095;127,947619;109,635119;3;;;;;;;
21;12;2015;281,077381;243,6125;265,6613095;127,947619;109,635119;164,1357143;6;;;;;;;
22;12;2015;243,6125;265,6613095;127,947619;109,635119;164,1357143;178,635119;2;;;;;;;
23;12;2015;265,6613095;127,947619;109,635119;164,1357143;178,635119;202,9628743;5;;;;;;;
24;12;2015;127,947619;109,635119;164,1357143;178,635119;202,9628743;300,9636905;2;;;;;;;
25;12;2015;109,635119;164,1357143;178,635119;202,9628743;300,9636905;236,210119;6;;;;;;;
26;12;2015;164,1357143;178,635119;202,9628743;300,9636905;236,210119;79,41488095;4;;;;;;;
27;12;2015;178,635119;202,9628743;300,9636905;236,210119;79,41488095;;3;;;;;;;
28;12;2015;202,9628743;300,9636905;236,210119;79,41488095;;;8;;;;;;;
29;12;2015;300,9636905;236,210119;79,41488095;;;;8;;;;;;;
30;12;2015;236,210119;79,41488095;;;;;5;;;;;;;
31;12;2015;79,41488095;;;;;;6;;;;;;;
