Valore;Valore;Valore;Valore;Valore;Valore;COUNT;;;;;;;;
79,14478442;73,12708333;79,63027778;66,67833333;27,25361111;27,36;6;;;;;;;;
73,12708333;79,63027778;66,67833333;27,25361111;27,36;45,91041667;2;;;;;;;;
79,63027778;66,67833333;27,25361111;27,36;45,91041667;55,32;13;;;0;1;2;3;4;5
66,67833333;27,25361111;27,36;45,91041667;55,32;62,22347222;4;;;0,142486408;0,124756725;0,106821681;0,115789049;0,070760365;0,116373957
27,25361111;27,36;45,91041667;55,32;62,22347222;69,00722222;6;;;;;;;;
27,36;45,91041667;55,32;62,22347222;69,00722222;59,75875;6;;;;;;;;
45,91041667;55,32;62,22347222;69,00722222;59,75875;74,25625;7;;;;;;;;
55,32;62,22347222;69,00722222;59,75875;74,25625;73,58027778;3;;;;;;;;
62,22347222;69,00722222;59,75875;74,25625;73,58027778;42,20486111;5;;;;;;;;
69,00722222;59,75875;74,25625;73,58027778;42,20486111;45,43388889;6;;;;;;;;
59,75875;74,25625;73,58027778;42,20486111;45,43388889;37,77107093;7;;;;;;;;
74,25625;73,58027778;42,20486111;45,43388889;37,77107093;30,59902778;7;;;;;;;;
73,58027778;42,20486111;45,43388889;37,77107093;30,59902778;45,60152778;7;;;;;;;;
42,20486111;45,43388889;37,77107093;30,59902778;45,60152778;51,09888889;8;;;;;;;;
45,43388889;37,77107093;30,59902778;45,60152778;51,09888889;59,02013889;3;;;;;;;;
37,77107093;30,59902778;45,60152778;51,09888889;59,02013889;62,12263889;7;;;;;;;;
30,59902778;45,60152778;51,09888889;59,02013889;62,12263889;56,80805556;8;;;;;;;;
45,60152778;51,09888889;59,02013889;62,12263889;56,80805556;53,45632823;4;;;;;;;;
51,09888889;59,02013889;62,12263889;56,80805556;53,45632823;55,06319444;5;;;;;;;;
59,02013889;62,12263889;56,80805556;53,45632823;55,06319444;51,69291667;2;;;;;;;;
62,12263889;56,80805556;53,45632823;55,06319444;51,69291667;59,53833333;9;;;;;;;;
56,80805556;53,45632823;55,06319444;51,69291667;59,53833333;60,50513889;3;;;;;;;;
53,45632823;55,06319444;51,69291667;59,53833333;60,50513889;69,29944444;6;;;;;;;;
55,06319444;51,69291667;59,53833333;60,50513889;69,29944444;79,40375;7;;;;;;;;
51,69291667;59,53833333;60,50513889;69,29944444;79,40375;76,33569444;4;;;;;;;;
59,53833333;60,50513889;69,29944444;79,40375;76,33569444;89,0375;5;;;;;;;;
60,50513889;69,29944444;79,40375;76,33569444;89,0375;92,55200669;4;;;;;;;;
69,29944444;79,40375;76,33569444;89,0375;92,55200669;97,84223485;7;;;;;;;;
79,40375;76,33569444;89,0375;92,55200669;97,84223485;97,48869732;2;;;;;;;;
76,33569444;89,0375;92,55200669;97,84223485;97,48869732;96,97314815;4;;;;;;;;
89,0375;92,55200669;97,84223485;97,48869732;96,97314815;98,03483366;5;;;;;;;;
92,55200669;97,84223485;97,48869732;96,97314815;98,03483366;92,33480885;4;;;;;;;;
97,84223485;97,48869732;96,97314815;98,03483366;92,33480885;79,21473684;7;;;;;;;;
97,48869732;96,97314815;98,03483366;92,33480885;79,21473684;80,16694444;12;;;;;;;;
96,97314815;98,03483366;92,33480885;79,21473684;80,16694444;61,57093185;2;;;;;;;;
98,03483366;92,33480885;79,21473684;80,16694444;61,57093185;84,66458333;10;;;;;;;;
92,33480885;79,21473684;80,16694444;61,57093185;84,66458333;89,6975;7;;;;;;;;
79,21473684;80,16694444;61,57093185;84,66458333;89,6975;89,92458333;3;;;;;;;;
80,16694444;61,57093185;84,66458333;89,6975;89,92458333;89,09533898;2;;;;;;;;
61,57093185;84,66458333;89,6975;89,92458333;89,09533898;64,89208333;4;;;;;;;;
84,66458333;89,6975;89,92458333;89,09533898;64,89208333;76,03601695;5;;;;;;;;
89,6975;89,92458333;89,09533898;64,89208333;76,03601695;70,56125874;4;;;;;;;;
89,92458333;89,09533898;64,89208333;76,03601695;70,56125874;75,87520891;6;;;;;;;;
89,09533898;64,89208333;76,03601695;70,56125874;75,87520891;85,76444444;2;;;;;;;;
64,89208333;76,03601695;70,56125874;75,87520891;85,76444444;86,73826816;3;;;;;;;;
76,03601695;70,56125874;75,87520891;85,76444444;86,73826816;91,10916667;4;;;;;;;;
70,56125874;75,87520891;85,76444444;86,73826816;91,10916667;81,58194444;4;;;;;;;;
75,87520891;85,76444444;86,73826816;91,10916667;81,58194444;88,4375;6;;;;;;;;
85,76444444;86,73826816;91,10916667;81,58194444;88,4375;91,63635097;11;;;;;;;;
86,73826816;91,10916667;81,58194444;88,4375;91,63635097;88,04170153;11;;;;;;;;
91,10916667;81,58194444;88,4375;91,63635097;88,04170153;64,26083333;7;;;;;;;;
81,58194444;88,4375;91,63635097;88,04170153;64,26083333;55,72047354;11;;;;;;;;
88,4375;91,63635097;88,04170153;64,26083333;55,72047354;64,41375;4;;;;;;;;
91,63635097;88,04170153;64,26083333;55,72047354;64,41375;93,86360856;2;;;;;;;;
88,04170153;64,26083333;55,72047354;64,41375;93,86360856;45,29596662;3;;;;;;;;
64,26083333;55,72047354;64,41375;93,86360856;45,29596662;60,51222222;5;;;;;;;;
55,72047354;64,41375;93,86360856;45,29596662;60,51222222;82,35041667;1;;;;;;;;
64,41375;93,86360856;45,29596662;60,51222222;82,35041667;93,77597222;1;;;;;;;;
93,86360856;45,29596662;60,51222222;82,35041667;93,77597222;66,68138889;2;;;;;;;;
45,29596662;60,51222222;82,35041667;93,77597222;66,68138889;74,83161994;5;;;;;;;;
60,51222222;82,35041667;93,77597222;66,68138889;74,83161994;33,36741742;6;;;;;;;;
82,35041667;93,77597222;66,68138889;74,83161994;33,36741742;29,68108484;9;;;;;;;;
93,77597222;66,68138889;74,83161994;33,36741742;29,68108484;40,15069444;6;;;;;;;;
66,68138889;74,83161994;33,36741742;29,68108484;40,15069444;30,84175824;6;;;;;;;;
74,83161994;33,36741742;29,68108484;40,15069444;30,84175824;28,60570613;4;;;;;;;;
33,36741742;29,68108484;40,15069444;30,84175824;28,60570613;36,11954351;7;;;;;;;;
29,68108484;40,15069444;30,84175824;28,60570613;36,11954351;47,44722222;3;;;;;;;;
40,15069444;30,84175824;28,60570613;36,11954351;47,44722222;48,93212796;6;;;;;;;;
30,84175824;28,60570613;36,11954351;47,44722222;48,93212796;46,86388889;6;;;;;;;;
28,60570613;36,11954351;47,44722222;48,93212796;46,86388889;52,45083333;6;;;;;;;;
36,11954351;47,44722222;48,93212796;46,86388889;52,45083333;55,95760563;4;;;;;;;;
47,44722222;48,93212796;46,86388889;52,45083333;55,95760563;64,56611111;4;;;;;;;;
48,93212796;46,86388889;52,45083333;55,95760563;64,56611111;66,58305556;5;;;;;;;;
46,86388889;52,45083333;55,95760563;64,56611111;66,58305556;67,31930556;3;;;;;;;;
52,45083333;55,95760563;64,56611111;66,58305556;67,31930556;72,78333333;3;;;;;;;;
55,95760563;64,56611111;66,58305556;67,31930556;72,78333333;85,74819444;8;;;;;;;;
64,56611111;66,58305556;67,31930556;72,78333333;85,74819444;91,28400556;4;;;;;;;;
66,58305556;67,31930556;72,78333333;85,74819444;91,28400556;84,53958333;5;;;;;;;;
67,31930556;72,78333333;85,74819444;91,28400556;84,53958333;78,69416667;7;;;;;;;;
72,78333333;85,74819444;91,28400556;84,53958333;78,69416667;81,54047619;3;;;;;;;;
85,74819444;91,28400556;84,53958333;78,69416667;81,54047619;53,1946299;4;;;;;;;;
91,28400556;84,53958333;78,69416667;81,54047619;53,1946299;52,71666667;2;;;;;;;;
84,53958333;78,69416667;81,54047619;53,1946299;52,71666667;49,71666667;2;;;;;;;;
78,69416667;81,54047619;53,1946299;52,71666667;49,71666667;46,47611111;7;;;;;;;;
81,54047619;53,1946299;52,71666667;49,71666667;46,47611111;46,37652778;5;;;;;;;;
53,1946299;52,71666667;49,71666667;46,47611111;46,37652778;48,07125;4;;;;;;;;
52,71666667;49,71666667;46,47611111;46,37652778;48,07125;68,71194444;5;;;;;;;;
49,71666667;46,47611111;46,37652778;48,07125;68,71194444;52,7310153;10;;;;;;;;
46,47611111;46,37652778;48,07125;68,71194444;52,7310153;44,37486111;5;;;;;;;;
46,37652778;48,07125;68,71194444;52,7310153;44,37486111;69,68930556;7;;;;;;;;
48,07125;68,71194444;52,7310153;44,37486111;69,68930556;55,87486111;2;;;;;;;;
68,71194444;52,7310153;44,37486111;69,68930556;55,87486111;59,82347222;1;;;;;;;;
52,7310153;44,37486111;69,68930556;55,87486111;59,82347222;57,08291667;8;;;;;;;;
44,37486111;69,68930556;55,87486111;59,82347222;57,08291667;56,23263889;7;;;;;;;;
69,68930556;55,87486111;59,82347222;57,08291667;56,23263889;49,11569444;5;;;;;;;;
55,87486111;59,82347222;57,08291667;56,23263889;49,11569444;51,38;6;;;;;;;;
59,82347222;57,08291667;56,23263889;49,11569444;51,38;57,11680556;10;;;;;;;;
57,08291667;56,23263889;49,11569444;51,38;57,11680556;57,37736111;8;;;;;;;;
56,23263889;49,11569444;51,38;57,11680556;57,37736111;58,60833333;4;;;;;;;;
49,11569444;51,38;57,11680556;57,37736111;58,60833333;60,00805556;3;;;;;;;;
51,38;57,11680556;57,37736111;58,60833333;60,00805556;44,32194444;6;;;;;;;;
57,11680556;57,37736111;58,60833333;60,00805556;44,32194444;51,20972222;6;;;;;;;;
57,37736111;58,60833333;60,00805556;44,32194444;51,20972222;38,60737463;2;;;;;;;;
58,60833333;60,00805556;44,32194444;51,20972222;38,60737463;16,68968254;1;;;;;;;;
60,00805556;44,32194444;51,20972222;38,60737463;16,68968254;20,20351682;1;;;;;;;;
44,32194444;51,20972222;38,60737463;16,68968254;20,20351682;26,17065527;2;;;;;;;;
51,20972222;38,60737463;16,68968254;20,20351682;26,17065527;45,78555556;4;;;;;;;;
38,60737463;16,68968254;20,20351682;26,17065527;45,78555556;56,86555556;2;;;;;;;;
16,68968254;20,20351682;26,17065527;45,78555556;56,86555556;61,69097222;5;;;;;;;;
20,20351682;26,17065527;45,78555556;56,86555556;61,69097222;65,44861111;8;;;;;;;;
26,17065527;45,78555556;56,86555556;61,69097222;65,44861111;87,67101865;5;;;;;;;;
45,78555556;56,86555556;61,69097222;65,44861111;87,67101865;93,61051005;2;;;;;;;;
56,86555556;61,69097222;65,44861111;87,67101865;93,61051005;56,39055556;6;;;;;;;;
61,69097222;65,44861111;87,67101865;93,61051005;56,39055556;40,12777778;5;;;;;;;;
65,44861111;87,67101865;93,61051005;56,39055556;40,12777778;44,22236111;5;;;;;;;;
87,67101865;93,61051005;56,39055556;40,12777778;44,22236111;75,52016807;6;;;;;;;;
93,61051005;56,39055556;40,12777778;44,22236111;75,52016807;76,55958333;7;;;;;;;;
56,39055556;40,12777778;44,22236111;75,52016807;76,55958333;82,71737288;8;;;;;;;;
40,12777778;44,22236111;75,52016807;76,55958333;82,71737288;82,57663818;3;;;;;;;;
44,22236111;75,52016807;76,55958333;82,71737288;82,57663818;63,87416667;4;;;;;;;;
75,52016807;76,55958333;82,71737288;82,57663818;63,87416667;77,17430556;3;;;;;;;;
76,55958333;82,71737288;82,57663818;63,87416667;77,17430556;84,105;7;;;;;;;;
82,71737288;82,57663818;63,87416667;77,17430556;84,105;64,49375;8;;;;;;;;
82,57663818;63,87416667;77,17430556;84,105;64,49375;61,00263889;5;;;;;;;;
63,87416667;77,17430556;84,105;64,49375;61,00263889;67,42194444;11;;;;;;;;
77,17430556;84,105;64,49375;61,00263889;67,42194444;79,97513889;9;;;;;;;;
84,105;64,49375;61,00263889;67,42194444;79,97513889;81,64986111;6;;;;;;;;
64,49375;61,00263889;67,42194444;79,97513889;81,64986111;66,53180556;7;;;;;;;;
61,00263889;67,42194444;79,97513889;81,64986111;66,53180556;64,4175;4;;;;;;;;
67,42194444;79,97513889;81,64986111;66,53180556;64,4175;56,20263889;2;;;;;;;;
79,97513889;81,64986111;66,53180556;64,4175;56,20263889;46,89472222;2;;;;;;;;
81,64986111;66,53180556;64,4175;56,20263889;46,89472222;45,25375;10;;;;;;;;
66,53180556;64,4175;56,20263889;46,89472222;45,25375;42,70069444;5;;;;;;;;
64,4175;56,20263889;46,89472222;45,25375;42,70069444;64,91916667;3;;;;;;;;
56,20263889;46,89472222;45,25375;42,70069444;64,91916667;53,77944444;5;;;;;;;;
46,89472222;45,25375;42,70069444;64,91916667;53,77944444;44,58;6;;;;;;;;
45,25375;42,70069444;64,91916667;53,77944444;44,58;39,66;5;;;;;;;;
42,70069444;64,91916667;53,77944444;44,58;39,66;39,48888889;4;;;;;;;;
64,91916667;53,77944444;44,58;39,66;39,48888889;39,69652778;4;;;;;;;;
53,77944444;44,58;39,66;39,48888889;39,69652778;50,93;2;;;;;;;;
44,58;39,66;39,48888889;39,69652778;50,93;39,38180556;0;;;;;;;;
39,66;39,48888889;39,69652778;50,93;39,38180556;39,79986111;5;;;;;;;;
39,48888889;39,69652778;50,93;39,38180556;39,79986111;38,70930556;4;;;;;;;;
39,69652778;50,93;39,38180556;39,79986111;38,70930556;38,73013889;3;;;;;;;;
50,93;39,38180556;39,79986111;38,70930556;38,73013889;37,22773109;4;;;;;;;;
39,38180556;39,79986111;38,70930556;38,73013889;37,22773109;34,77930556;5;;;;;;;;
39,79986111;38,70930556;38,73013889;37,22773109;34,77930556;37,81416667;6;;;;;;;;
38,70930556;38,73013889;37,22773109;34,77930556;37,81416667;37,51458333;5;;;;;;;;
38,73013889;37,22773109;34,77930556;37,81416667;37,51458333;45,87027778;6;;;;;;;;
37,22773109;34,77930556;37,81416667;37,51458333;45,87027778;57,39791667;8;;;;;;;;
34,77930556;37,81416667;37,51458333;45,87027778;57,39791667;66,78734353;5;;;;;;;;
37,81416667;37,51458333;45,87027778;57,39791667;66,78734353;72,66986111;2;;;;;;;;
37,51458333;45,87027778;57,39791667;66,78734353;72,66986111;40,73819444;1;;;;;;;;
45,87027778;57,39791667;66,78734353;72,66986111;40,73819444;47,63569444;2;;;;;;;;
57,39791667;66,78734353;72,66986111;40,73819444;47,63569444;47,04152778;3;;;;;;;;
66,78734353;72,66986111;40,73819444;47,63569444;47,04152778;47,56063978;3;;;;;;;;
72,66986111;40,73819444;47,63569444;47,04152778;47,56063978;42,87472222;7;;;;;;;;
40,73819444;47,63569444;47,04152778;47,56063978;42,87472222;41,73097222;6;;;;;;;;
47,63569444;47,04152778;47,56063978;42,87472222;41,73097222;40,47208333;6;;;;;;;;
47,04152778;47,56063978;42,87472222;41,73097222;40,47208333;50,54208333;2;;;;;;;;
47,56063978;42,87472222;41,73097222;40,47208333;50,54208333;66,47254902;3;;;;;;;;
42,87472222;41,73097222;40,47208333;50,54208333;66,47254902;45,64388889;7;;;;;;;;
41,73097222;40,47208333;50,54208333;66,47254902;45,64388889;34,88788301;4;;;;;;;;
40,47208333;50,54208333;66,47254902;45,64388889;34,88788301;37,77663421;3;;;;;;;;
50,54208333;66,47254902;45,64388889;34,88788301;37,77663421;34,51847222;3;;;;;;;;
66,47254902;45,64388889;34,88788301;37,77663421;34,51847222;36,52125;5;;;;;;;;
45,64388889;34,88788301;37,77663421;34,51847222;36,52125;37,37222222;2;;;;;;;;
34,88788301;37,77663421;34,51847222;36,52125;37,37222222;44,02430556;1;;;;;;;;
37,77663421;34,51847222;36,52125;37,37222222;44,02430556;55,37621697;3;;;;;;;;
34,51847222;36,52125;37,37222222;44,02430556;55,37621697;55,05694444;0;;;;;;;;
36,52125;37,37222222;44,02430556;55,37621697;55,05694444;62,81418637;3;;;;;;;;
37,37222222;44,02430556;55,37621697;55,05694444;62,81418637;64,59763889;7;;;;;;;;
44,02430556;55,37621697;55,05694444;62,81418637;64,59763889;60,17736111;7;;;;;;;;
55,37621697;55,05694444;62,81418637;64,59763889;60,17736111;72,50805556;8;;;;;;;;
55,05694444;62,81418637;64,59763889;60,17736111;72,50805556;79,14861111;5;;;;;;;;
62,81418637;64,59763889;60,17736111;72,50805556;79,14861111;53,46513889;5;;;;;;;;
64,59763889;60,17736111;72,50805556;79,14861111;53,46513889;52,0015299;1;;;;;;;;
60,17736111;72,50805556;79,14861111;53,46513889;52,0015299;48,20805556;4;;;;;;;;
72,50805556;79,14861111;53,46513889;52,0015299;48,20805556;38,83333333;2;;;;;;;;
79,14861111;53,46513889;52,0015299;48,20805556;38,83333333;46,67777778;3;;;;;;;;
53,46513889;52,0015299;48,20805556;38,83333333;46,67777778;43,41361111;2;;;;;;;;
52,0015299;48,20805556;38,83333333;46,67777778;43,41361111;35,13263889;4;;;;;;;;
48,20805556;38,83333333;46,67777778;43,41361111;35,13263889;35,41375;4;;;;;;;;
38,83333333;46,67777778;43,41361111;35,13263889;35,41375;34,8825;6;;;;;;;;
46,67777778;43,41361111;35,13263889;35,41375;34,8825;46,41291667;8;;;;;;;;
43,41361111;35,13263889;35,41375;34,8825;46,41291667;57,29819444;2;;;;;;;;
35,13263889;35,41375;34,8825;46,41291667;57,29819444;63,33838665;2;;;;;;;;
35,41375;34,8825;46,41291667;57,29819444;63,33838665;56,93;6;;;;;;;;
34,8825;46,41291667;57,29819444;63,33838665;56,93;52,24047288;3;;;;;;;;
46,41291667;57,29819444;63,33838665;56,93;52,24047288;63,84333333;5;;;;;;;;
57,29819444;63,33838665;56,93;52,24047288;63,84333333;45,70458333;3;;;;;;;;
63,33838665;56,93;52,24047288;63,84333333;45,70458333;40,87263889;4;;;;;;;;
56,93;52,24047288;63,84333333;45,70458333;40,87263889;34,28361111;5;;;;;;;;
52,24047288;63,84333333;45,70458333;40,87263889;34,28361111;38,80347222;2;;;;;;;;
63,84333333;45,70458333;40,87263889;34,28361111;38,80347222;39,33736111;4;;;;;;;;
45,70458333;40,87263889;34,28361111;38,80347222;39,33736111;42,62958333;5;;;;;;;;
40,87263889;34,28361111;38,80347222;39,33736111;42,62958333;54,92694444;4;;;;;;;;
34,28361111;38,80347222;39,33736111;42,62958333;54,92694444;51,985;3;;;;;;;;
38,80347222;39,33736111;42,62958333;54,92694444;51,985;51,29222222;5;;;;;;;;
39,33736111;42,62958333;54,92694444;51,985;51,29222222;59,81430556;6;;;;;;;;
42,62958333;54,92694444;51,985;51,29222222;59,81430556;27,30584046;3;;;;;;;;
54,92694444;51,985;51,29222222;59,81430556;27,30584046;33,6997151;4;;;;;;;;
51,985;51,29222222;59,81430556;27,30584046;33,6997151;32,63791667;6;;;;;;;;
51,29222222;59,81430556;27,30584046;33,6997151;32,63791667;50,29833333;2;;;;;;;;
59,81430556;27,30584046;33,6997151;32,63791667;50,29833333;56,40916667;2;;;;;;;;
27,30584046;33,6997151;32,63791667;50,29833333;56,40916667;65,85055556;4;;;;;;;;
33,6997151;32,63791667;50,29833333;56,40916667;65,85055556;54,34305556;3;;;;;;;;
32,63791667;50,29833333;56,40916667;65,85055556;54,34305556;51,875;6;;;;;;;;
50,29833333;56,40916667;65,85055556;54,34305556;51,875;48,36402778;4;;;;;;;;
56,40916667;65,85055556;54,34305556;51,875;48,36402778;41,36208333;5;;;;;;;;
65,85055556;54,34305556;51,875;48,36402778;41,36208333;38,26388889;7;;;;;;;;
54,34305556;51,875;48,36402778;41,36208333;38,26388889;38,98736111;2;;;;;;;;
51,875;48,36402778;41,36208333;38,26388889;38,98736111;51,45680556;3;;;;;;;;
48,36402778;41,36208333;38,26388889;38,98736111;51,45680556;46,38305556;3;;;;;;;;
41,36208333;38,26388889;38,98736111;51,45680556;46,38305556;50,08916667;4;;;;;;;;
38,26388889;38,98736111;51,45680556;46,38305556;50,08916667;57,45083333;2;;;;;;;;
38,98736111;51,45680556;46,38305556;50,08916667;57,45083333;58,35263889;3;;;;;;;;
51,45680556;46,38305556;50,08916667;57,45083333;58,35263889;58,29597222;1;;;;;;;;
46,38305556;50,08916667;57,45083333;58,35263889;58,29597222;43,56444444;1;;;;;;;;
50,08916667;57,45083333;58,35263889;58,29597222;43,56444444;39,75888889;4;;;;;;;;
57,45083333;58,35263889;58,29597222;43,56444444;39,75888889;43,20194444;4;;;;;;;;
58,35263889;58,29597222;43,56444444;39,75888889;43,20194444;44,09819444;1;;;;;;;;
58,29597222;43,56444444;39,75888889;43,20194444;44,09819444;46,34333333;2;;;;;;;;
43,56444444;39,75888889;43,20194444;44,09819444;46,34333333;45,92513889;2;;;;;;;;
39,75888889;43,20194444;44,09819444;46,34333333;45,92513889;48,64236111;1;;;;;;;;
43,20194444;44,09819444;46,34333333;45,92513889;48,64236111;55,61125;1;;;;;;;;
44,09819444;46,34333333;45,92513889;48,64236111;55,61125;47,995;4;;;;;;;;
46,34333333;45,92513889;48,64236111;55,61125;47,995;41,89458333;2;;;;;;;;
45,92513889;48,64236111;55,61125;47,995;41,89458333;39,48819444;0;;;;;;;;
48,64236111;55,61125;47,995;41,89458333;39,48819444;45,15375;1;;;;;;;;
55,61125;47,995;41,89458333;39,48819444;45,15375;47,68;1;;;;;;;;
47,995;41,89458333;39,48819444;45,15375;47,68;52,75694444;2;;;;;;;;
41,89458333;39,48819444;45,15375;47,68;52,75694444;50,86611111;5;;;;;;;;
39,48819444;45,15375;47,68;52,75694444;50,86611111;48,82319444;1;;;;;;;;
45,15375;47,68;52,75694444;50,86611111;48,82319444;50,29472222;5;;;;;;;;
47,68;52,75694444;50,86611111;48,82319444;50,29472222;44,36458333;4;;;;;;;;
52,75694444;50,86611111;48,82319444;50,29472222;44,36458333;42,58972222;3;;;;;;;;
50,86611111;48,82319444;50,29472222;44,36458333;42,58972222;51,56875;4;;;;;;;;
48,82319444;50,29472222;44,36458333;42,58972222;51,56875;60,72069444;2;;;;;;;;
50,29472222;44,36458333;42,58972222;51,56875;60,72069444;74,66737288;2;;;;;;;;
44,36458333;42,58972222;51,56875;60,72069444;74,66737288;55,57027778;4;;;;;;;;
42,58972222;51,56875;60,72069444;74,66737288;55,57027778;48,18930556;0;;;;;;;;
51,56875;60,72069444;74,66737288;55,57027778;48,18930556;53,89277778;5;;;;;;;;
60,72069444;74,66737288;55,57027778;48,18930556;53,89277778;56,48763889;3;;;;;;;;
74,66737288;55,57027778;48,18930556;53,89277778;56,48763889;62,04222222;4;;;;;;;;
55,57027778;48,18930556;53,89277778;56,48763889;62,04222222;65,32555556;3;;;;;;;;
48,18930556;53,89277778;56,48763889;62,04222222;65,32555556;72,1379562;2;;;;;;;;
53,89277778;56,48763889;62,04222222;65,32555556;72,1379562;91,97018519;7;;;;;;;;
56,48763889;62,04222222;65,32555556;72,1379562;91,97018519;77,77875569;2;;;;;;;;
62,04222222;65,32555556;72,1379562;91,97018519;77,77875569;65,11375;3;;;;;;;;
65,32555556;72,1379562;91,97018519;77,77875569;65,11375;61,33736111;2;;;;;;;;
72,1379562;91,97018519;77,77875569;65,11375;61,33736111;72,81017699;5;;;;;;;;
91,97018519;77,77875569;65,11375;61,33736111;72,81017699;65,328734;4;;;;;;;;
77,77875569;65,11375;61,33736111;72,81017699;65,328734;74,09320883;4;;;;;;;;
65,11375;61,33736111;72,81017699;65,328734;74,09320883;74,75069552;7;;;;;;;;
61,33736111;72,81017699;65,328734;74,09320883;74,75069552;77,12240602;0;;;;;;;;
72,81017699;65,328734;74,09320883;74,75069552;77,12240602;63,30292479;5;;;;;;;;
65,328734;74,09320883;74,75069552;77,12240602;63,30292479;52,81128134;7;;;;;;;;
74,09320883;74,75069552;77,12240602;63,30292479;52,81128134;47,63805556;3;;;;;;;;
74,75069552;77,12240602;63,30292479;52,81128134;47,63805556;59,54916667;8;;;;;;;;
77,12240602;63,30292479;52,81128134;47,63805556;59,54916667;65,39583333;4;;;;;;;;
63,30292479;52,81128134;47,63805556;59,54916667;65,39583333;66,36152778;11;;;;;;;;
52,81128134;47,63805556;59,54916667;65,39583333;66,36152778;60,44152778;7;;;;;;;;
47,63805556;59,54916667;65,39583333;66,36152778;60,44152778;60,57097222;5;;;;;;;;
59,54916667;65,39583333;66,36152778;60,44152778;60,57097222;56,55430556;4;;;;;;;;
65,39583333;66,36152778;60,44152778;60,57097222;56,55430556;63,14875;4;;;;;;;;
66,36152778;60,44152778;60,57097222;56,55430556;63,14875;60,63305556;2;;;;;;;;
60,44152778;60,57097222;56,55430556;63,14875;60,63305556;54,79055556;2;;;;;;;;
60,57097222;56,55430556;63,14875;60,63305556;54,79055556;65,89482517;4;;;;;;;;
56,55430556;63,14875;60,63305556;54,79055556;65,89482517;67,27880056;1;;;;;;;;
63,14875;60,63305556;54,79055556;65,89482517;67,27880056;74,56472222;7;;;;;;;;
60,63305556;54,79055556;65,89482517;67,27880056;74,56472222;77,75486111;6;;;;;;;;
54,79055556;65,89482517;67,27880056;74,56472222;77,75486111;71,69486111;1;;;;;;;;
65,89482517;67,27880056;74,56472222;77,75486111;71,69486111;55,30536232;3;;;;;;;;
67,27880056;74,56472222;77,75486111;71,69486111;55,30536232;41,86484594;4;;;;;;;;
74,56472222;77,75486111;71,69486111;55,30536232;41,86484594;47,75944444;7;;;;;;;;
77,75486111;71,69486111;55,30536232;41,86484594;47,75944444;60,22638889;3;;;;;;;;
71,69486111;55,30536232;41,86484594;47,75944444;60,22638889;61,78722222;3;;;;;;;;
55,30536232;41,86484594;47,75944444;60,22638889;61,78722222;65,45555556;3;;;;;;;;
41,86484594;47,75944444;60,22638889;61,78722222;65,45555556;65,70291667;5;;;;;;;;
47,75944444;60,22638889;61,78722222;65,45555556;65,70291667;82,08018018;3;;;;;;;;
60,22638889;61,78722222;65,45555556;65,70291667;82,08018018;40,50864;4;;;;;;;;
61,78722222;65,45555556;65,70291667;82,08018018;40,50864;54,54603616;5;;;;;;;;
65,45555556;65,70291667;82,08018018;40,50864;54,54603616;62,04569444;3;;;;;;;;
65,70291667;82,08018018;40,50864;54,54603616;62,04569444;61,05805556;9;;;;;;;;
82,08018018;40,50864;54,54603616;62,04569444;61,05805556;62,19347222;3;;;;;;;;
40,50864;54,54603616;62,04569444;61,05805556;62,19347222;52,85361111;1;;;;;;;;
54,54603616;62,04569444;61,05805556;62,19347222;52,85361111;64,6;3;;;;;;;;
62,04569444;61,05805556;62,19347222;52,85361111;64,6;62,23713491;3;;;;;;;;
61,05805556;62,19347222;52,85361111;64,6;62,23713491;68,72736111;9;;;;;;;;
62,19347222;52,85361111;64,6;62,23713491;68,72736111;71,05777778;8;;;;;;;;
52,85361111;64,6;62,23713491;68,72736111;71,05777778;67,66805556;8;;;;;;;;
64,6;62,23713491;68,72736111;71,05777778;67,66805556;73,04680556;3;;;;;;;;
62,23713491;68,72736111;71,05777778;67,66805556;73,04680556;94,19375;2;;;;;;;;
68,72736111;71,05777778;67,66805556;73,04680556;94,19375;89,47013889;3;;;;;;;;
71,05777778;67,66805556;73,04680556;94,19375;89,47013889;86,05638889;4;;;;;;;;
67,66805556;73,04680556;94,19375;89,47013889;86,05638889;87,72236111;2;;;;;;;;
73,04680556;94,19375;89,47013889;86,05638889;87,72236111;91,73944444;5;;;;;;;;
94,19375;89,47013889;86,05638889;87,72236111;91,73944444;84,86347222;3;;;;;;;;
89,47013889;86,05638889;87,72236111;91,73944444;84,86347222;88,64194444;9;;;;;;;;
86,05638889;87,72236111;91,73944444;84,86347222;88,64194444;92,78916667;5;;;;;;;;
87,72236111;91,73944444;84,86347222;88,64194444;92,78916667;66,66055556;1;;;;;;;;
91,73944444;84,86347222;88,64194444;92,78916667;66,66055556;61,72041667;3;;;;;;;;
84,86347222;88,64194444;92,78916667;66,66055556;61,72041667;62,8525;3;;;;;;;;
88,64194444;92,78916667;66,66055556;61,72041667;62,8525;61,88972222;5;;;;;;;;
92,78916667;66,66055556;61,72041667;62,8525;61,88972222;69,07236111;6;;;;;;;;
66,66055556;61,72041667;62,8525;61,88972222;69,07236111;75,03597222;4;;;;;;;;
61,72041667;62,8525;61,88972222;69,07236111;75,03597222;74,3975;8;;;;;;;;
62,8525;61,88972222;69,07236111;75,03597222;74,3975;69,81375;2;;;;;;;;
61,88972222;69,07236111;75,03597222;74,3975;69,81375;68,55375;5;;;;;;;;
69,07236111;75,03597222;74,3975;69,81375;68,55375;77,54347222;2;;;;;;;;
75,03597222;74,3975;69,81375;68,55375;77,54347222;84,7075;6;;;;;;;;
74,3975;69,81375;68,55375;77,54347222;84,7075;88,32541667;4;;;;;;;;
69,81375;68,55375;77,54347222;84,7075;88,32541667;95,17555556;3;;;;;;;;
68,55375;77,54347222;84,7075;88,32541667;95,17555556;41,96652778;3;;;;;;;;
77,54347222;84,7075;88,32541667;95,17555556;41,96652778;61,19625;6;;;;;;;;
84,7075;88,32541667;95,17555556;41,96652778;61,19625;73,815;4;;;;;;;;
88,32541667;95,17555556;41,96652778;61,19625;73,815;79,06680556;2;;;;;;;;
95,17555556;41,96652778;61,19625;73,815;79,06680556;57,29402778;5;;;;;;;;
41,96652778;61,19625;73,815;79,06680556;57,29402778;70,87319444;4;;;;;;;;
61,19625;73,815;79,06680556;57,29402778;70,87319444;64,57;4;;;;;;;;
73,815;79,06680556;57,29402778;70,87319444;64,57;69,96513889;3;;;;;;;;
79,06680556;57,29402778;70,87319444;64,57;69,96513889;76,97291667;2;;;;;;;;
57,29402778;70,87319444;64,57;69,96513889;76,97291667;75,35194444;5;;;;;;;;
70,87319444;64,57;69,96513889;76,97291667;75,35194444;71,84569444;7;;;;;;;;
64,57;69,96513889;76,97291667;75,35194444;71,84569444;75,59222222;4;;;;;;;;
69,96513889;76,97291667;75,35194444;71,84569444;75,59222222;79,46083333;5;;;;;;;;
76,97291667;75,35194444;71,84569444;75,59222222;79,46083333;24,595;6;;;;;;;;
75,35194444;71,84569444;75,59222222;79,46083333;24,595;57,98430556;5;;;;;;;;
71,84569444;75,59222222;79,46083333;24,595;57,98430556;93,41652778;6;;;;;;;;
75,59222222;79,46083333;24,595;57,98430556;93,41652778;91,19680556;4;;;;;;;;
79,46083333;24,595;57,98430556;93,41652778;91,19680556;86,29386332;7;;;;;;;;
24,595;57,98430556;93,41652778;91,19680556;86,29386332;79,38537604;5;;;;;;;;
57,98430556;93,41652778;91,19680556;86,29386332;79,38537604;88,32541667;7;;;;;;;;
93,41652778;91,19680556;86,29386332;79,38537604;88,32541667;85,58583333;2;;;;;;;;
91,19680556;86,29386332;79,38537604;88,32541667;85,58583333;62,23194444;3;;;;;;;;
86,29386332;79,38537604;88,32541667;85,58583333;62,23194444;52,11069444;5;;;;;;;;
79,38537604;88,32541667;85,58583333;62,23194444;52,11069444;64,43763889;5;;;;;;;;
88,32541667;85,58583333;62,23194444;52,11069444;64,43763889;75,63138889;5;;;;;;;;
85,58583333;62,23194444;52,11069444;64,43763889;75,63138889;75,37472222;5;;;;;;;;
62,23194444;52,11069444;64,43763889;75,63138889;75,37472222;78,35869263;2;;;;;;;;
52,11069444;64,43763889;75,63138889;75,37472222;78,35869263;74,09;4;;;;;;;;
64,43763889;75,63138889;75,37472222;78,35869263;74,09;74,34458333;3;;;;;;;;
75,63138889;75,37472222;78,35869263;74,09;74,34458333;79,93736111;1;;;;;;;;
75,37472222;78,35869263;74,09;74,34458333;79,93736111;93,51041667;8;;;;;;;;
78,35869263;74,09;74,34458333;79,93736111;93,51041667;96,55375;5;;;;;;;;
74,09;74,34458333;79,93736111;93,51041667;96,55375;65,25194444;8;;;;;;;;
74,34458333;79,93736111;93,51041667;96,55375;65,25194444;47,39902778;1;;;;;;;;
79,93736111;93,51041667;96,55375;65,25194444;47,39902778;71,67138889;6;;;;;;;;
93,51041667;96,55375;65,25194444;47,39902778;71,67138889;83,6025;6;;;;;;;;
96,55375;65,25194444;47,39902778;71,67138889;83,6025;;2;;;;;;;;
65,25194444;47,39902778;71,67138889;83,6025;;;8;;;;;;;;
47,39902778;71,67138889;83,6025;;;;4;;;;;;;;
71,67138889;83,6025;;;;;4;;;;;;;;
83,6025;;;;;;7;;;;;;;;
;;;;;;5;;;;;;;;
;;;;;;3;;;;;;;;
;;;;;;4;;;;;;;;
;;;;;;2;;;;;;;;
;;;;;;7;;;;;;;;
;;;;;;3;;;;;;;;
;;;;;;6;;;;;;;;
;;;;;;7;;;;;;;;
;;;;;;3;;;;;;;;
;;;;;;6;;;;;;;;
