;IdSensore;Tipologia;Unità DiMisura;IdStazione;NomeStazione;Quota;Provincia;DataStart;DataStop;Storico;UTM_Nord;UTM_Est;lng;lat;location;Valore;DATE_TIME
137;2001;Temperatura;°C;100;Milano Lambrate;120;MI;29/06/2001;;N;5038171;520120;9.257515399681068;45.49677982403948;(45.49677982403948, 9.257515399681068);29.0;2016-08-06 16:50:00
116;2039;Temperatura;°C;102;San Colombano al Lambro;140;MI;27/06/2001;;N;5003839;538199;9.48624910324399;45.18699944365492;(45.18699944365492, 9.48624910324399);28.8;2016-08-06 16:50:00
98;2082;Temperatura;°C;106;Varzi Nivione;500;PV;15/05/2001;;N;4963407;515418;9.19502545631183;44.82390249577421;(44.82390249577421, 9.19502545631183);26.8;2016-08-06 16:50:00
156;2096;Temperatura;°C;107;Sondrio Fond.Fojanini;307;SO;29/01/2001;;N;5112796;565505;9.848500587178329;46.16559148475932;(46.16559148475932, 9.848500587178327);30.6;2016-08-06 16:50:00
92;2110;Temperatura;°C;108;Samolaco v.Vignola;206;SO;27/07/1994;;N;5120369;532896;9.426654061947305;46.236101609883576;(46.23610160988358, 9.426654061947305);27.5;2016-08-06 16:50:00
50;2122;Temperatura;°C;109;Sant'Angelo Lodigiano;60;LO;11/03/1993;;N;5011978;529787;9.37965968313856;45.260667319792226;(45.26066731979222, 9.37965968313856);29.4;2016-08-06 16:50:00
121;2134;Temperatura;°C;110;Gonzaga;22;MN;01/01/1998;;N;4980523;639394;10.767523213415815;44.96446889800069;(44.96446889800069, 10.767523213415817);30.5;2016-08-06 16:50:00
135;2146;Temperatura;°C;111;Cassina Valsassina Moggio;1234;LC;01/01/2002;;N;5084512;538583;9.497502220579186;45.91309369355323;(45.91309369355323, 9.497502220579186);21.4;2016-08-06 16:50:00
126;2187;Temperatura;°C;114;Landriano Cascina Marianna;88;PV;29/09/2005;;N;5018618;520713;9.264283068301967;45.32076231361702;(45.32076231361702, 9.264283068301966);29.4;2016-08-06 16:50:00
74;2245;Temperatura;°C;117;Edolo Ist.Meneghini;699;BS;01/01/1998;;N;5114436;602920;10.333392938696818;46.17572375017687;(46.17572375017687, 10.333392938696818);24.1;2016-08-06 16:50:00
159;2270;Temperatura;°C;119;San Giovanni Bianco Cornalita;700;BG;07/09/2001;;N;5081179;550210;9.647067600267716;45.88234591639525;(45.882345916395245, 9.647067600267716);24.0;2016-08-06 16:50:00
19;2327;Temperatura;°C;123;Cavenago d'Adda;67;LO;08/08/2002;;N;5013079;544065;9.561734848150481;45.26982760610729;(45.269827606107285, 9.56173484815048);29.2;2016-08-06 16:50:00
67;2361;Temperatura;°C;125;Castello d'Agogna;106;PV;01/01/1993;;N;5010411;476502;8.700571652227913;45.24680044696226;(45.246800446962254, 8.700571652227913);30.6;2016-08-06 16:50:00
176;2400;Temperatura;°C;129;Capo di Ponte v.Briscioli;362;BS;30/10/2002;;N;5097875;603903;10.342502608603109;46.02656354247282;(46.026563542472815, 10.34250260860311);27.7;2016-08-06 16:50:00
157;2414;Temperatura;°C;130;Brescia ITAS Pastori;149;BS;01/01/1995;;N;5042175;598502;10.261382196949356;45.52614578635289;(45.526145786352885, 10.261382196949356);30.0;2016-08-06 16:50:00
119;2433;Temperatura;°C;132;Bergamo v.Stezzano;211;BG;01/01/1993;;N;5056541;551321;9.658768470289832;45.66051928748766;(45.66051928748766, 9.658768470289832);28.6;2016-08-06 16:50:00
104;2447;Temperatura;°C;133;Bema;800;SO;01/01/1993;;N;5105966;543983;9.569105234399473;46.10585292565578;(46.10585292565578, 9.569105234399471);21.5;2016-08-06 16:50:00
60;2459;Temperatura;°C;134;Corzano Bargnano;93;BS;03/05/1998;;N;5031659;581271;10.039027376964668;45.43372847020967;(45.43372847020967, 10.039027376964667);29.4;2016-08-06 16:50:00
169;2485;Temperatura;°C;136;Persico Dosimo;44;CR;01/01/1993;;N;5001673;583213;10.058815853817418;45.1636287122064;(45.16362871220641, 10.058815853817418);29.6;2016-08-06 16:50:00
14;2497;Temperatura;°C;137;Rivolta d'Adda Ist. Spallanzani;102;CR;09/06/1993;;N;5032417;540720;9.52068900696699;45.44409052331152;(45.444090523311516, 9.52068900696699);29.9;2016-08-06 16:50:00
94;2524;Temperatura;°C;139;Virgilio Mantova Cerese;19;MN;26/09/2003;;N;4997294;641005;10.792648102258523;45.11504742579236;(45.115047425792355, 10.792648102258525);30.9;2016-08-06 16:50:00
6;2613;Temperatura;°C;212;Canzo;1233;CO;20/04/2011;;N;5077224;524701;9.318132023436622;45.848137905085366;(45.84813790508536, 9.318132023436622);19.6;2016-08-06 16:50:00
115;2620;Temperatura;°C;214;Bigarello;15;MN;25/11/2009;;N;5005622;648246;10.88712870097558;45.188491050384435;(45.18849105038444, 10.887128700975579);29.4;2016-08-06 16:50:00
101;4009;Temperatura;°C;141;Vertemate con Minoprio serre;310;CO;19/06/2002;;N;5062832;506653;9.085488499092357;45.71901089635149;(45.71901089635149, 9.085488499092358);29.3;2016-08-06 16:50:00
127;4017;Temperatura;°C;142;Caiolo;274;SO;24/05/2002;;N;5111566;561195;9.792518875272254;46.15492316813672;(46.15492316813672, 9.792518875272254);28.6;2016-08-06 16:50:00
75;4026;Temperatura;°C;143;Livigno Passo Foscagno;2320;SO;20/01/2000;;N;5149692;592662;10.20748854795916;46.49442378267979;(46.49442378267979, 10.20748854795916);8.9;2016-08-06 16:50:00
89;4034;Temperatura;°C;144;Madesimo Spluga;1915;SO;19/11/2000;;N;5146513;526726;9.348122957946568;46.4716582729432;(46.4716582729432, 9.348122957946567);10.6;2016-08-06 16:50:00
26;4042;Temperatura;°C;145;Darfo Boario Terme;222;BS;04/12/2002;;N;5080789;591371;10.177356808981381;45.87460210989037;(45.87460210989037, 10.17735680898138);28.1;2016-08-06 16:50:00
68;4050;Temperatura;°C;146;Mezzoldo Passo S.Marco;1824;BG;30/05/2003;;N;5098490;548644;9.628646994972508;46.03825509195772;(46.038255091957716, 9.628646994972508);13.7;2016-08-06 16:50:00
103;4058;Temperatura;°C;147;Cinisello Balsamo Parco Nord;142;MI;30/05/2002;;N;5043257;516051;9.20560341214932;45.54266467840161;(45.5426646784016, 9.20560341214932);30.1;2016-08-06 16:50:00
166;4066;Temperatura;°C;148;Arconate SMR;182;MI;02/07/2002;;N;5043898;488082;8.847321929216262;45.54851735741946;(45.54851735741946, 8.847321929216262);30.1;2016-08-06 16:50:00
178;4082;Temperatura;°C;150;Pieve San Giacomo;39;CR;04/07/2002;;N;4997168;593999;10.195182889569637;45.121730206732785;(45.121730206732785, 10.195182889569637);30.7;2016-08-06 16:50:00
163;5121;Temperatura;°C;166;Mantova Lunetta2 SMR;25;MN;15/02/2006;;N;5002119;643358;10.823931433968092;45.15798527818925;(45.157985278189244, 10.823931433968092);29.5;2016-08-06 16:50:00
30;5864;Temperatura;°C;594;Bergamo v.Goisis;290;BG;13/09/1996;;N;5062715;553620;9.688958745309764;45.715912469852206;(45.715912469852206, 9.688958745309764);26.2;2016-08-06 16:50:00
28;5868;Temperatura;°C;586;Costa Volpino;192;BG;26/07/1993;;N;5075429;585212;10.097061724186311;45.82715793876258;(45.82715793876258, 10.09706172418631);28.5;2016-08-06 16:50:00
34;5871;Temperatura;°C;564;Erba v. Battisti;279;CO;21/02/2009;;N;5072803;517232;9.221779204488437;45.80857380692297;(45.808573806922965, 9.221779204488435);28.9;2016-08-06 16:50:00
1;5883;Temperatura;°C;575;Nibionno;310;LC;03/12/2002;;N;5066429;520613;9.265020964805544;45.75111126161782;(45.751111261617815, 9.265020964805544);28.4;2016-08-06 16:50:00
143;5895;Temperatura;°C;530;Agrate Brianza;162;MB;25/03/1992;;N;5046977;527628;9.354105650819204;45.575784759228064;(45.57578475922807, 9.354105650819204);27.0;2016-08-06 16:50:00
93;5897;Temperatura;°C;620;Milano v.Brera;122;MI;19/03/1990;;N;5035365;514782;9.189110383708842;45.471656293243036;(45.47165629324304, 9.189110383708842);30.6;2016-08-06 16:50:00
22;5903;Temperatura;°C;525;Corsico;119;MI;12/02/1997;;N;5031403;507619;9.097410841871476;45.43610851009912;(45.43610851009912, 9.097410841871474);28.2;2016-08-06 16:50:00
36;5909;Temperatura;°C;502;Milano v.Juvara;122;MI;01/01/1989;;N;5035546;517377;9.222315138737466;45.473225708577175;(45.473225708577175, 9.222315138737468);27.9;2016-08-06 16:50:00
77;5910;Temperatura;°C;535;Lacchiarella;97;MI;15/09/1998;;N;5019010;510542;9.134517264199276;45.32451741284727;(45.32451741284727, 9.134517264199278);27.3;2016-08-06 16:50:00
40;5911;Temperatura;°C;501;Milano v.Marche;129;MI;01/01/1989;;N;5038105;514918;9.190933555313624;45.496316443651025;(45.49631644365102, 9.190933555313624);28.0;2016-08-06 16:50:00
139;5920;Temperatura;°C;503;Milano P.zza Zavattari;122;MI;01/01/1989;;N;5035847;511082;9.141786267186658;45.476063405097904;(45.47606340509791, 9.141786267186658);28.2;2016-08-06 16:50:00
151;5935;Temperatura;°C;555;Busto Arsizio v.Magenta;222;VA;25/05/1991;;N;5050810;488313;8.850115752092071;45.610736040012604;(45.610736040012604, 8.850115752092071);27.2;2016-08-06 16:50:00
144;5939;Temperatura;°C;557;Lonate Pozzolo v.Veneto;204;VA;13/12/1996;;N;5048975;479783;8.7407965765392;45.594023517108575;(45.59402351710858, 8.7407965765392);27.4;2016-08-06 16:50:00
171;5941;Temperatura;°C;559;Somma Lombardo;210;VA;20/03/2000;;N;5055150;477613;8.712691458284791;45.649537127292405;(45.649537127292405, 8.71269145828479);28.3;2016-08-06 16:50:00
43;5947;Temperatura;°C;552;Varese v.Vidoletti;425;VA;30/12/1991;;N;5075945;484773;8.803926126674948;45.83690077655548;(45.83690077655548, 8.80392612667495);25.9;2016-08-06 16:50:00
82;5969;Temperatura;°C;629;Crema v.XI febbraio;79;CR;01/08/1992;;N;5023885;555127;9.703945513613167;45.36630907819434;(45.366309078194334, 9.703945513613167);29.6;2016-08-06 16:50:00
3;6698;Temperatura;°C;642;Pavia v. Folperti;77;PV;01/06/2002;;N;5004590;512932;9.164638300630086;45.19467609907785;(45.19467609907785, 9.164638300630086);29.6;2016-08-06 16:50:00
131;6795;Temperatura;°C;653;Brescia v.Ziziola;125;BS;17/10/1997;;N;5040836;595170;10.218463502801264;45.51455919056731;(45.51455919056731, 10.218463502801265);28.6;2016-08-06 16:50:00
97;6823;Temperatura;°C;656;Gambara;47;BS;01/01/1990;;N;5011493;601945;10.299119496064078;45.249543624746245;(45.24954362474624, 10.299119496064078);28.2;2016-08-06 16:50:00
134;6834;Temperatura;°C;657;Lonato del Garda;180;BS;01/01/1990;;N;5035536;615762;10.480772043571283;45.46375313621026;(45.463753136210265, 10.480772043571283);27.5;2016-08-06 16:50:00
105;6849;Temperatura;°C;659;Odolo;349;BS;08/10/1990;;N;5055661;608260;10.389295302791961;45.646049633725255;(45.64604963372525, 10.38929530279196);26.5;2016-08-06 16:50:00
132;7029;Temperatura;°C;687;Ferno;215;VA;05/11/2006;;N;5051773;481053;8.756970445453431;45.61924377994763;(45.61924377994763, 8.756970445453431);28.3;2016-08-06 16:50:00
155;8002;Temperatura;°C;855;Varzi v.Mazzini;485;PV;01/01/1998;;N;4963189;515657;9.198041879809713;44.82193482377759;(44.82193482377759, 9.198041879809711);26.8;2016-08-06 16:50:00
24;8005;Temperatura;°C;857;Santa Margherita di Staffora Passo del Giovà;1363;PV;01/01/1998;;N;4947488;517391;9.219439206303576;44.6805502848388;(44.6805502848388, 9.219439206303575);17.4;2016-08-06 16:50:00
184;8007;Temperatura;°C;856;Fortunago;501;PV;01/01/1998;;N;4973248;515391;9.19498278361842;44.912492583318645;(44.91249258331864, 9.19498278361842);25.8;2016-08-06 16:50:00
51;8008;Temperatura;°C;835;Valdisotto Oga S. Colombano;2300;SO;01/01/1995;;N;5145272;600293;10.305951823970043;46.45356305894081;(46.45356305894081, 10.305951823970043);9.8;2016-08-06 16:50:00
9;8013;Temperatura;°C;833;Gerola Alta Pescegallo;1875;SO;01/01/1995;;N;5097116;544202;9.571116796075923;46.0261906266171;(46.0261906266171, 9.571116796075925);13.3;2016-08-06 16:50:00
56;8016;Temperatura;°C;836;Aprica;1950;SO;01/01/1995;;N;5109097;588704;10.148256664341748;46.1296816331299;(46.1296816331299, 10.148256664341748);13.9;2016-08-06 16:50:00
7;8023;Temperatura;°C;847;Carona Carisole;1954;BG;01/01/1995;;N;5098634;561423;9.793799590056548;46.03852339399498;(46.03852339399498, 9.793799590056548);13.8;2016-08-06 16:50:00
185;8027;Temperatura;°C;848;Livigno La Vallaccia;2660;SO;01/01/1995;;N;5147768;591251;10.188728513795668;46.477304942910436;(46.47730494291044, 10.188728513795667);6.2;2016-08-06 16:50:00
174;8092;Temperatura;°C;832;Lanzada Palù;2151;SO;01/01/1995;;N;5126972;568128;9.884519789844443;46.292902818458884;(46.29290281845888, 9.884519789844443);13.0;2016-08-06 16:50:00
113;8096;Temperatura;°C;912;Foppolo;1682;BG;01/01/1998;;N;5099046;558502;9.756104062898736;46.04248712086998;(46.04248712086998, 9.756104062898737);17.2;2016-08-06 16:50:00
145;8104;Temperatura;°C;851;Treviso Bresciano Cavacca;1147;BS;01/01/1998;;N;5064493;616659;10.499165086906311;45.724156472747715;(45.724156472747715, 10.49916508690631);21.8;2016-08-06 16:50:00
55;8123;Temperatura;°C;867;Caslino d'Erba v. 4 novembre;427;CO;24/07/1998;;N;5075784;518046;9.232367048211152;45.835383638372434;(45.83538363837243, 9.232367048211152);28.2;2016-08-06 16:50:00
147;8133;Temperatura;°C;819;Lozio;994;BS;21/11/2001;;N;5092660;597684;10.261102117170283;45.980553705440606;(45.98055370544061, 10.261102117170282);22.8;2016-08-06 16:50:00
186;8134;Temperatura;°C;820;Pisogne;842;BS;21/11/2001;;N;5074016;589582;10.153049512504378;45.81388865384366;(45.81388865384366, 10.153049512504378);23.1;2016-08-06 16:50:00
167;8136;Temperatura;°C;874;Sarnico v. Roma;197;BG;12/04/2001;;N;5057377;574538;9.956880147525977;45.6659359725519;(45.6659359725519, 9.956880147525977);28.7;2016-08-06 16:50:00
100;8140;Temperatura;°C;876;Caino;428;BS;01/02/2001;;N;5051536;603100;10.32222236530351;45.60971669991578;(45.609716699915786, 10.32222236530351);25.3;2016-08-06 16:50:00
32;8145;Temperatura;°C;889;Torre Boldone;311;BG;21/11/2001;;N;5062738;553830;9.691659372960117;45.7161031705101;(45.716103170510095, 9.691659372960116);25.5;2016-08-06 16:50:00
175;8151;Temperatura;°C;884;Cuveglio;294;VA;06/07/2000;;N;5083338;480047;8.742764505384635;45.90332054442589;(45.90332054442589, 8.742764505384635);27.9;2016-08-06 16:50:00
64;8157;Temperatura;°C;817;Pavia SS 35;71;PV;04/05/2000;;N;5003026;511523;9.146664116232369;45.18062204522296;(45.18062204522296, 9.14666411623237);28.1;2016-08-06 16:50:00
17;8162;Temperatura;°C;869;Milano v.Feltre;127;MI;05/07/2000;;N;5037597;519436;9.248738238564373;45.49163261583995;(45.49163261583995, 9.248738238564373);29.4;2016-08-06 16:50:00
5;8164;Temperatura;°C;859;Luino v. Piero Chiara;205;VA;05/07/2000;;N;5094539;480080;8.742723870723832;46.00413416405162;(46.004134164051614, 8.742723870723832);26.7;2016-08-06 16:50:00
122;8166;Temperatura;°C;870;Como Villa Geno;200;CO;05/07/2000;;N;5074080;506207;9.079902000578423;45.82025491696096;(45.82025491696097, 9.079902000578425);27.6;2016-08-06 16:50:00
48;8168;Temperatura;°C;885;Arcisate;383;VA;05/07/2000;;N;5076955;491501;8.890542676800244;45.84610717798399;(45.84610717798399, 8.890542676800244);27.4;2016-08-06 16:50:00
102;8178;Temperatura;°C;894;Lomello SS 211;95;PV;16/01/2000;;N;4996705;484221;8.799365774012205;45.123640327029975;(45.12364032702997, 8.799365774012205);27.5;2016-08-06 16:50:00
146;8180;Temperatura;°C;895;Soncino v. Brescia;87;CR;01/01/2000;;N;5027680;569678;9.89027062156689;45.39916876114939;(45.39916876114939, 9.89027062156689);28.4;2016-08-06 16:50:00
109;8187;Temperatura;°C;905;Cevo;1128;BS;18/06/2003;;N;5103920;606529;10.377774775825152;46.080550839800345;(46.080550839800345, 10.377774775825152);22.6;2016-08-06 16:50:00
95;8189;Temperatura;°C;901;Crema v.Camporelle;103;CR;04/03/2003;;N;5022780;552590;9.671433867152377;45.35655832576992;(45.35655832576992, 9.671433867152375);28.9;2016-08-06 16:50:00
183;8191;Temperatura;°C;908;Voghera v. Cambiaso;95;PV;04/03/2003;;N;4981870;501379;9.017493643978534;44.990272967787654;(44.99027296778766, 9.017493643978531);29.4;2016-08-06 16:50:00
158;8196;Temperatura;°C;886;Vigevano SS494;94;PV;18/02/2003;;N;5020886;490573;8.879674491227792;45.34141987196117;(45.341419871961165, 8.879674491227794);29.1;2016-08-06 16:50:00
142;8198;Temperatura;°C;911;Lambrugo;273;CO;06/03/2003;;N;5067627;519009;9.244445639464649;45.76194001111627;(45.76194001111627, 9.244445639464647);29.0;2016-08-06 16:50:00
80;8200;Temperatura;°C;865;Cantù Asnago;244;CO;29/04/2003;;N;5062780;507811;9.100367495780826;45.71853075332543;(45.718530753325425, 9.100367495780826);28.8;2016-08-06 16:50:00
49;8202;Temperatura;°C;858;Santa Margherita di Staffora Casanova;575;PV;01/01/2003;;N;4957210;518916;9.239041605384262;44.76803190890912;(44.76803190890912, 9.239041605384262);26.0;2016-08-06 16:50:00
66;8207;Temperatura;°C;906;Asola Sorbara;41;MN;12/03/2003;;N;5008025;611167;10.415828743701432;45.21693876693887;(45.21693876693887, 10.415828743701432);31.3;2016-08-06 16:50:00
118;8209;Temperatura;°C;910;Manerbio v.Dante;60;BS;09/04/2003;;N;5023554;589720;10.145549852122876;45.359754003465774;(45.35975400346577, 10.145549852122876);29.6;2016-08-06 16:50:00
53;8212;Temperatura;°C;903;Misinto;247;MB;12/03/2003;;N;5056428;505172;9.066390001669983;45.66138224429285;(45.661382244292845, 9.066390001669983);28.8;2016-08-06 16:50:00
111;8216;Temperatura;°C;899;Castiglione delle Stiviere;109;MN;11/03/2003;;N;5025628;618385;10.511930773425744;45.3741599377319;(45.37415993773191, 10.511930773425743);29.3;2016-08-06 16:50:00
136;8220;Temperatura;°C;897;Busto Arsizio v.Rossini;242;VA;26/03/2003;;N;5052553;486271;8.823878375134557;45.6263872574559;(45.6263872574559, 8.823878375134557);29.9;2016-08-06 16:50:00
70;8223;Temperatura;°C;816;Sermide SP 91;10;MN;10/07/2003;;N;4987208;680433;11.289925972511382;45.015363087231634;(45.015363087231634, 11.289925972511382);28.0;2016-08-06 16:50:00
58;8225;Temperatura;°C;873;Ponti sul Mincio Monzambano;62;MN;01/07/2003;;N;5027985;633560;10.70629184040345;45.39263734881329;(45.392637348813274, 10.70629184040345);28.5;2016-08-06 16:50:00
153;8227;Temperatura;°C;904;Paisco Loveno;816;BS;20/06/2003;;N;5103599;600282;10.2969342091421;46.078607760767355;(46.07860776076735, 10.296934209142101);21.7;2016-08-06 16:50:00
44;8229;Temperatura;°C;907;Varese v.Appiani;416;VA;27/08/2003;;N;5075452;486300;8.823602804255973;45.832495547015355;(45.83249554701535, 8.823602804255973);27.9;2016-08-06 16:50:00
35;8584;Temperatura;°C;999;Laveno-Mombello Poggio S.Elsa;950;VA;23/06/1999;;N;5084222;471939;8.638185708619893;45.91099372061516;(45.91099372061516, 8.638185708619893);21.8;2016-08-06 16:50:00
59;8588;Temperatura;°C;998;Laveno-Mombello p.zza Matteotti;207;VA;24/06/1999;;N;5084109;470426;8.61868470587428;45.90991325758061;(45.909913257580605, 8.61868470587428);28.7;2016-08-06 16:50:00
57;9001;Temperatura;°C;1210;Ranzanico;512;BG;01/01/2004;;N;5070812;572501;9.932744037069186;45.78706141691158;(45.78706141691157, 9.932744037069186);24.5;2016-08-06 16:50:00
23;9002;Temperatura;°C;1211;Castronno;379;VA;01/01/2004;;N;5066146;486058;8.82075558870268;45.74873081658488;(45.748730816584875, 8.82075558870268);27.2;2016-08-06 16:50:00
41;9003;Temperatura;°C;1212;Castione della Presolana;1180;BG;01/01/2004;;N;5086647;582441;10.063316766082297;45.928445516534396;(45.928445516534396, 10.063316766082295);22.1;2016-08-06 16:50:00
63;9008;Temperatura;°C;1216;Valbondione;1784;BG;01/12/2000;;N;5101745;580328;10.03860699641828;46.06456080985733;(46.064560809857326, 10.038606996418281);15.6;2016-08-06 16:50:00
177;9010;Temperatura;°C;1235;Cene Ponte;361;BG;04/10/2011;;N;5070400;563860;9.821533201834855;45.78420692092504;(45.784206920925044, 9.821533201834857);23.5;2016-08-06 16:50:00
110;9011;Temperatura;°C;1230;San Giacomo Filippo Lago Truzzo;2064;SO;09/01/2004;;N;5134156;524616;9.319988190479972;46.36053123729497;(46.36053123729497, 9.319988190479972);11.2;2016-08-06 16:50:00
154;9012;Temperatura;°C;1238;Val Masino S.Martino;943;SO;01/01/2004;;N;5121068;548737;9.632170040598263;46.241440917190495;(46.24144091719049, 9.632170040598265);18.4;2016-08-06 16:50:00
69;9013;Temperatura;°C;1220;Ponte di Legno Case Pirli;1640;BS;01/01/2004;;N;5128139;616030;10.506555903978098;46.29690081451489;(46.296900814514906, 10.506555903978098);18.0;2016-08-06 16:50:00
11;9014;Temperatura;°C;1237;Monno;1728;BS;11/10/2004;;N;5122691;600885;10.308798780947582;46.25030387115852;(46.25030387115852, 10.308798780947582);18.4;2016-08-06 16:50:00
46;9015;Temperatura;°C;1229;Gandellino Grabiasca;738;BG;01/01/2004;;N;5095336;573386;9.947876230335114;46.00766620841051;(46.00766620841051, 9.947876230335114);23.4;2016-08-06 16:50:00
27;9016;Temperatura;°C;1224;Cortenova;456;LC;01/01/2004;;N;5094947;529451;9.380396323644732;46.00746283105622;(46.00746283105623, 9.380396323644733);28.5;2016-08-06 16:50:00
165;9019;Temperatura;°C;1201;Canevino;455;PV;01/01/2004;;N;4975743;521751;9.275661821158812;44.93478645163143;(44.93478645163143, 9.275661821158812);27.6;2016-08-06 16:50:00
38;9020;Temperatura;°C;1222;Cavargna;1100;CO;09/04/2004;;N;5104225;508568;9.110834411077645;46.09154660527014;(46.09154660527014, 9.110834411077645);20.5;2016-08-06 16:50:00
182;9021;Temperatura;°C;1234;Osnago;234;LC;01/01/2004;;N;5058312;530261;9.388556066735074;45.67769842393421;(45.67769842393421, 9.388556066735074);28.7;2016-08-06 16:50:00
149;9024;Temperatura;°C;1221;Casnigo Campo Sportivo;501;BG;18/02/2004;;N;5075977;568047;9.876177757774835;45.833997692261356;(45.83399769226135, 9.876177757774837);26.9;2016-08-06 16:50:00
78;9025;Temperatura;°C;1228;Goito;30;MN;11/03/2004;;N;5013581;630514;10.663595357934602;45.2636105457828;(45.2636105457828, 10.663595357934602);29.3;2016-08-06 16:50:00
84;9026;Temperatura;°C;1233;Lurago Marinone;296;CO;01/01/2004;;N;5061867;497850;8.97237758994661;45.71035377227722;(45.71035377227722, 8.972377589946609);30.0;2016-08-06 16:50:00
0;9027;Temperatura;°C;1206;Cavaria con Premezzo v. Cantalupa;274;VA;01/01/2004;;N;5059567;485026;8.807691068181896;45.68949337565816;(45.68949337565816, 8.807691068181894);29.0;2016-08-06 16:50:00
140;9028;Temperatura;°C;1202;Vercana;980;CO;01/01/2004;;N;5114303;525058;9.324676976148886;46.18184257309385;(46.18184257309385, 9.324676976148888);20.7;2016-08-06 16:50:00
90;9030;Temperatura;°C;1218;Ardesio Valcanale;1002;BG;01/01/2004;;N;5088916;566917;9.8634321558842;45.95055277386598;(45.95055277386598, 9.8634321558842);21.0;2016-08-06 16:50:00
76;9031;Temperatura;°C;1219;Casalbuttano ed Uniti;56;CR;15/01/2005;;N;5011836;575599;9.96349170050652;45.25595602117305;(45.25595602117305, 9.96349170050652);29.4;2016-08-06 16:50:00
8;9034;Temperatura;°C;1209;Rota d'Imagna;674;BG;02/01/2004;;N;5076380;539709;9.511348909108976;45.839840095961094;(45.839840095961094, 9.511348909108976);24.4;2016-08-06 16:50:00
162;9310;Temperatura;°C;646;Como Villa Gallia;201;CO;01/01/1999;;N;5073500;505203;9.06697137484454;45.815042860112904;(45.81504286011291, 9.06697137484454);28.4;2016-08-06 16:50:00
71;9812;Temperatura;°C;670;Mantova S.Agnese;22;MN;30/12/2004;;N;5002356;641122;10.795564113707881;45.16056833010576;(45.16056833010576, 10.79556411370788);29.3;2016-08-06 16:50:00
106;9819;Temperatura;°C;671;Mantova Tridolino;22;MN;30/12/2004;;N;5001664;646147;10.859263911962307;45.15331958578557;(45.153319585785574, 10.859263911962309);28.4;2016-08-06 16:50:00
164;9938;Temperatura;°C;677;Cremona Via Fatebenefratelli;43;CR;10/04/2006;;N;4999315;582066;10.043836158369393;45.14254063221695;(45.14254063221695, 10.043836158369393);30.0;2016-08-06 16:50:00
173;10551;Temperatura;°C;554;Saronno v.Santuario;212;VA;06/07/2010;;N;5052520;503123;9.040063090678212;45.62621896083601;(45.626218960836006, 9.04006309067821);28.5;2016-08-06 16:50:00
45;10570;Temperatura;°C;1273;Val Masino Bagni;1191;SO;15/07/2011;;N;5121270;545980;9.596430583118105;46.2434509494086;(46.24345094940859, 9.596430583118106);16.9;2016-08-06 16:50:00
96;11007;Temperatura;°C;822;Valtorta;982;BG;10/11/2010;;N;5091256;541747;9.538885913106554;45.97360504520449;(45.9736050452045, 9.538885913106554);22.5;2016-08-06 16:50:00
42;11044;Temperatura;°C;1264;Sondrio v.Paribelli;290;SO;01/07/2010;;N;5113073;567873;9.879209924469905;46.16785244066512;(46.167852440665115, 9.879209924469903);27.5;2016-08-06 16:50:00
168;14014;Temperatura;°C;1077;Oltre il Colle Zambla;1138;BG;13/01/2012;;N;5082261;561209;9.78893967466926;45.89119304589664;(45.891193045896635, 9.78893967466926);20.2;2016-08-06 16:50:00
61;14058;Temperatura;°C;1324;Limone sul Garda;75;BS;13/03/2012;;N;5074143;639088;10.790041404031165;45.80682631535527;(45.80682631535527, 10.790041404031163);27.4;2016-08-06 16:50:00
87;14075;Temperatura;°C;1325;Collio Memmo;1069;BS;15/03/2012;;N;5073930;602209;10.315518370560412;45.81135931846123;(45.81135931846123, 10.315518370560413);18.7;2016-08-06 16:50:00
10;14092;Temperatura;°C;1326;Toscolano-Maderno;70;BS;22/03/2012;;N;5054923;626016;10.616881058085148;45.636411910077136;(45.63641191007713, 10.616881058085147);28.9;2016-08-06 16:50:00
29;14125;Temperatura;°C;1328;Teglio S. Giacomo;357;SO;20/04/2012;;N;5112157;580182;10.038477988191714;46.1582723086524;(46.1582723086524, 10.038477988191712);27.4;2016-08-06 16:50:00
33;14130;Temperatura;°C;1329;Lavena Ponte Tresa via della Boschiva;269;VA;18/04/2012;;N;5090913;488398;8.850242265176595;45.97169030131664;(45.971690301316634, 8.850242265176595);28.6;2016-08-06 16:50:00
31;14139;Temperatura;°C;1330;Olgiate Comasco v.Repubblica;400;CO;18/04/2012;;N;5068834;497872;8.972629613820207;45.773062080458466;(45.77306208045847, 8.972629613820208);28.9;2016-08-06 16:50:00
83;14194;Temperatura;°C;1342;Ponte in Valtellina Lago Reguzzo;2440;SO;13/10/2012;;N;5105228;574978;9.969993307685911;46.09651166584454;(46.09651166584453, 9.969993307685913);10.3;2016-08-06 16:50:00
181;14221;Temperatura;°C;1343;Lanzada Passo Marinelli;3032;SO;13/10/2012;;N;5133321;570414;9.915147774061634;46.349802050201205;(46.34980205020121, 9.915147774061634);6.7;2016-08-06 16:50:00
99;14242;Temperatura;°C;1345;Piazzatorre;966;BG;13/10/2012;;N;5093546;553689;9.693284786503217;45.993383586658275;(45.99338358665828, 9.693284786503215);24.3;2016-08-06 16:50:00
2;14257;Temperatura;°C;1346;Campodolcino Alpe Motta;1880;SO;17/10/2012;;N;5141127;528341;9.368831613649158;46.42312127327754;(46.42312127327754, 9.368831613649158);11.7;2016-08-06 16:50:00
114;14284;Temperatura;°C;1347;Barzio Piani di Bobbio;1713;LC;14/10/2012;;N;5089669;538832;9.50113070001856;45.95949319076256;(45.95949319076256, 9.50113070001856);15.5;2016-08-06 16:50:00
141;14317;Temperatura;°C;823;Piazza Brembana vivaio;510;BG;21/10/2012;;N;5088280;552145;9.672774505299234;45.94610999784736;(45.94610999784736, 9.672774505299234);26.2;2016-08-06 16:50:00
54;14348;Temperatura;°C;1359;Breno Lago Della Vacca;2410;BS;09/12/2012;;N;5090337;611798;10.442716428689312;45.957496834144656;(45.957496834144656, 10.442716428689312);10.0;2016-08-06 16:50:00
39;14367;Temperatura;°C;1360;Clusone SP 671;564;BG;14/11/2012;;N;5081243;572409;9.933128277592514;45.880943955869974;(45.88094395586997, 9.933128277592514);25.7;2016-08-06 16:50:00
73;14399;Temperatura;°C;1365;Bione;911;BS;18/11/2012;;N;5057931;603395;10.327362884611171;45.667218260274865;(45.667218260274865, 10.32736288461117);22.5;2016-08-06 16:50:00
179;14445;Temperatura;°C;1366;Porlezza torrente;291;CO;10/05/2013;;N;5098254;510895;9.140799377952805;46.037773169887096;(46.03777316988709, 9.140799377952803);28.6;2016-08-06 16:50:00
170;14478;Temperatura;°C;1367;Bagolino SP669;775;BS;12/12/2012;;N;5077140;612773;10.452195109199993;45.838595938116704;(45.8385959381167, 10.452195109199993);23.4;2016-08-06 16:50:00
88;14500;Temperatura;°C;1371;Brembilla;468;BG;19/03/2013;;N;5073646;547333;9.609252582119412;45.8147522883702;(45.8147522883702, 9.609252582119412);25.3;2016-08-06 16:50:00
79;14518;Temperatura;°C;1372;Garzeno;581;CO;25/07/2013;;N;5108761;519145;9.24783893889176;46.13215642760685;(46.132156427606844, 9.24783893889176);26.5;2016-08-06 16:50:00
25;14528;Temperatura;°C;1375;Varano Borghi;241;VA;27/03/2013;;N;5068133;477631;8.712323647148091;45.76639370741472;(45.766393707414714, 8.712323647148091);28.9;2016-08-06 16:50:00
120;14546;Temperatura;°C;1376;Puegnago sul Garda;291;BS;19/04/2013;;N;5048460;617051;10.500343116277602;45.579828598620395;(45.5798285986204, 10.500343116277602);27.2;2016-08-06 16:50:00
129;14568;Temperatura;°C;1378;Tignale Oldesio;374;BS;23/07/2013;;N;5065781;633895;10.720923575669387;45.732623757275036;(45.73262375727504, 10.720923575669387);24.5;2016-08-06 16:50:00
52;14587;Temperatura;°C;1379;Gargnano;984;BS;15/07/2015;;N;5065317;625847;10.61740677213208;45.72996009420703;(45.72996009420703, 10.61740677213208);22.7;2016-08-06 16:50:00
65;14606;Temperatura;°C;1380;Tremezzo;309;CO;18/04/2013;;N;5092705;516580;9.214075142242038;45.98771660100418;(45.98771660100418, 9.214075142242038);28.8;2016-08-06 16:50:00
62;14645;Temperatura;°C;1382;Veddasca Monte Cadrigna;1302;VA;19/07/2013;;N;5102054;482122;8.768815132883134;46.071827075892976;(46.07182707589298, 8.768815132883134);19.7;2016-08-06 16:50:00
21;14665;Temperatura;°C;1383;Sarezzo v.della Fonte;290;BS;02/11/2012;;N;5057824;592468;10.187096209540632;45.667798979109534;(45.66779897910953, 10.187096209540632);25.8;2016-08-06 16:50:00
107;14684;Temperatura;°C;1420;Gordona;1362;SO;20/03/2014;;N;5126494;526127;9.339203152913957;46.29151911107429;(46.29151911107429, 9.339203152913957);16.4;2016-08-06 16:50:00
112;14725;Temperatura;°C;1545;San Siro;1285;CO;30/12/2014;;N;5102069;518430;9.238323435918225;46.071947417956;(46.071947417956004, 9.238323435918229);19.0;2016-08-06 16:50:00
148;14742;Temperatura;°C;1546;Rho Scalo Fiorenza - Prato;143;MI;24/02/2015;;N;5040479;506867;9.087923300302434;45.51781084679457;(45.51781084679456, 9.087923300302434);28.1;2016-08-06 16:50:00
108;14766;Temperatura;°C;1553;Mozzanica v.Donizetti;104;BG;20/07/2015;;N;5036208;553342;9.682488661964785;45.477361929661036;(45.47736192966103, 9.682488661964785);29.1;2016-08-06 16:50:00
150;19307;Temperatura;°C;1518;Dubino;993;SO;21/11/2014;;N;5112733;535367;9.458129833044824;46.16725552938442;(46.16725552938442, 9.458129833044824);20.9;2016-08-06 16:50:00
128;19345;Temperatura;°C;1560;Padenghe sul Garda;187;BS;14/07/2016;;N;5041631;617629;10.50610692701177;45.518284134623386;(45.51828413462338, 10.50610692701177);27.4;2016-08-06 16:50:00
172;19363;Temperatura;°C;1559;Dervio;198;LC;05/07/2016;;N;5101755;523618;9.305394454627988;46.068961817245466;(46.06896181724546, 9.305394454627988);30.0;2016-08-06 16:50:00
91;19375;Temperatura;°C;1651;Morbegno eliporto;230;SO;28/07/2016;;N;5109394;545135;9.584336490055618;46.13662865966469;(46.136628659664694, 9.584336490055616);28.5;2016-08-06 16:50:00
