COUNT;DAY;MONTH;Valore;Valore;Valore;Valore;Valore;Valore;YEAR;;;;;;;;
4;1;1;67,33333333;79,33333333;45;28,33333333;53;88,33333333;2015;;;;;;;;
4;2;1;79,33333333;45;28,33333333;53;88,33333333;76,33333333;2015;;;0;1;2;3;4;5
0;3;1;45;28,33333333;53;88,33333333;76,33333333;83,33333333;2015;;;0,152;0,136;0,132;0,124;0,091;0,090
0;4;1;28,33333333;53;88,33333333;76,33333333;83,33333333;49,66666667;2015;;;;;;;;
0;5;1;53;88,33333333;76,33333333;83,33333333;49,66666667;64,66666667;2015;;;;;;;;
3;6;1;88,33333333;76,33333333;83,33333333;49,66666667;64,66666667;34,66666667;2015;;;;;;;;
1;7;1;76,33333333;83,33333333;49,66666667;64,66666667;34,66666667;70,66666667;2015;;;;;;;;
2;8;1;83,33333333;49,66666667;64,66666667;34,66666667;70,66666667;88,5;2015;;;;;;;;
3;9;1;49,66666667;64,66666667;34,66666667;70,66666667;88,5;73,66666667;2015;;;;;;;;
3;10;1;64,66666667;34,66666667;70,66666667;88,5;73,66666667;69,66666667;2015;;;;;;;;
1;11;1;34,66666667;70,66666667;88,5;73,66666667;69,66666667;30,66666667;2015;;;;;;;;
5;12;1;70,66666667;88,5;73,66666667;69,66666667;30,66666667;32,66666667;2015;;;;;;;;
2;13;1;88,5;73,66666667;69,66666667;30,66666667;32,66666667;55,66666667;2015;;;;;;;;
5;14;1;73,66666667;69,66666667;30,66666667;32,66666667;55,66666667;64;2015;;;;;;;;
4;15;1;69,66666667;30,66666667;32,66666667;55,66666667;64;40,66666667;2015;;;;;;;;
3;16;1;30,66666667;32,66666667;55,66666667;64;40,66666667;30;2015;;;;;;;;
4;17;1;32,66666667;55,66666667;64;40,66666667;30;45,33333333;2015;;;;;;;;
2;18;1;55,66666667;64;40,66666667;30;45,33333333;61,33333333;2015;;;;;;;;
2;19;1;64;40,66666667;30;45,33333333;61,33333333;16;2015;;;;;;;;
4;20;1;40,66666667;30;45,33333333;61,33333333;16;27,33333333;2015;;;;;;;;
1;21;1;30;45,33333333;61,33333333;16;27,33333333;73;2015;;;;;;;;
1;22;1;45,33333333;61,33333333;16;27,33333333;73;60,66666667;2015;;;;;;;;
2;23;1;61,33333333;16;27,33333333;73;60,66666667;64;2015;;;;;;;;
2;24;1;16;27,33333333;73;60,66666667;64;35,66666667;2015;;;;;;;;
4;25;1;27,33333333;73;60,66666667;64;35,66666667;42;2015;;;;;;;;
2;26;1;73;60,66666667;64;35,66666667;42;49,33333333;2015;;;;;;;;
4;27;1;60,66666667;64;35,66666667;42;49,33333333;45;2015;;;;;;;;
3;28;1;64;35,66666667;42;49,33333333;45;61;2015;;;;;;;;
2;29;1;35,66666667;42;49,33333333;45;61;55;2015;;;;;;;;
2;30;1;42;49,33333333;45;61;55;19,33333333;2015;;;;;;;;
5;31;1;49,33333333;45;61;55;19,33333333;20;2015;;;;;;;;
1;1;2;45;61;55;19,33333333;20;24,66666667;2015;;;;;;;;
2;2;2;61;55;19,33333333;20;24,66666667;37;2015;;;;;;;;
3;3;2;55;19,33333333;20;24,66666667;37;56;2015;;;;;;;;
3;4;2;19,33333333;20;24,66666667;37;56;92,33333333;2015;;;;;;;;
1;5;2;20;24,66666667;37;56;92,33333333;111,6666667;2015;;;;;;;;
3;6;2;24,66666667;37;56;92,33333333;111,6666667;131,3333333;2015;;;;;;;;
3;7;2;37;56;92,33333333;111,6666667;131,3333333;141,3333333;2015;;;;;;;;
2;8;2;56;92,33333333;111,6666667;131,3333333;141,3333333;60,33333333;2015;;;;;;;;
6;9;2;92,33333333;111,6666667;131,3333333;141,3333333;60,33333333;24;2015;;;;;;;;
1;10;2;111,6666667;131,3333333;141,3333333;60,33333333;24;36,33333333;2015;;;;;;;;
2;11;2;131,3333333;141,3333333;60,33333333;24;36,33333333;51,66666667;2015;;;;;;;;
2;12;2;141,3333333;60,33333333;24;36,33333333;51,66666667;58;2015;;;;;;;;
1;13;2;60,33333333;24;36,33333333;51,66666667;58;84;2015;;;;;;;;
1;14;2;24;36,33333333;51,66666667;58;84;76,33333333;2015;;;;;;;;
4;15;2;36,33333333;51,66666667;58;84;76,33333333;57;2015;;;;;;;;
2;16;2;51,66666667;58;84;76,33333333;57;14,66666667;2015;;;;;;;;
4;17;2;58;84;76,33333333;57;14,66666667;43,33333333;2015;;;;;;;;
3;18;2;84;76,33333333;57;14,66666667;43,33333333;27,5;2015;;;;;;;;
5;19;2;76,33333333;57;14,66666667;43,33333333;27,5;16,5;2015;;;;;;;;
3;20;2;57;14,66666667;43,33333333;27,5;16,5;27,66666667;2015;;;;;;;;
4;21;2;14,66666667;43,33333333;27,5;16,5;27,66666667;52;2015;;;;;;;;
6;22;2;43,33333333;27,5;16,5;27,66666667;52;64,66666667;2015;;;;;;;;
4;23;2;27,5;16,5;27,66666667;52;64,66666667;60,33333333;2015;;;;;;;;
4;24;2;16,5;27,66666667;52;64,66666667;60,33333333;39,33333333;2015;;;;;;;;
3;25;2;27,66666667;52;64,66666667;60,33333333;39,33333333;35,33333333;2015;;;;;;;;
2;26;2;52;64,66666667;60,33333333;39,33333333;35,33333333;53;2015;;;;;;;;
1;27;2;64,66666667;60,33333333;39,33333333;35,33333333;53;13,66666667;2015;;;;;;;;
10;28;2;60,33333333;39,33333333;35,33333333;53;13,66666667;26;2015;;;;;;;;
5;1;3;39,33333333;35,33333333;53;13,66666667;26;27,33333333;2015;;;;;;;;
4;2;3;35,33333333;53;13,66666667;26;27,33333333;47,66666667;2015;;;;;;;;
6;3;3;53;13,66666667;26;27,33333333;47,66666667;53,5;2015;;;;;;;;
5;4;3;13,66666667;26;27,33333333;47,66666667;53,5;81;2015;;;;;;;;
2;5;3;26;27,33333333;47,66666667;53,5;81;99,66666667;2015;;;;;;;;
3;6;3;27,33333333;47,66666667;53,5;81;99,66666667;46;2015;;;;;;;;
2;7;3;47,66666667;53,5;81;99,66666667;46;53,5;2015;;;;;;;;
3;8;3;53,5;81;99,66666667;46;53,5;43,33333333;2015;;;;;;;;
4;9;3;81;99,66666667;46;53,5;43,33333333;41,33333333;2015;;;;;;;;
5;10;3;99,66666667;46;53,5;43,33333333;41,33333333;35;2015;;;;;;;;
10;11;3;46;53,5;43,33333333;41,33333333;35;34;2015;;;;;;;;
3;12;3;53,5;43,33333333;41,33333333;35;34;56,66666667;2015;;;;;;;;
4;13;3;43,33333333;41,33333333;35;34;56,66666667;86,33333333;2015;;;;;;;;
4;14;3;41,33333333;35;34;56,66666667;86,33333333;59,66666667;2015;;;;;;;;
3;15;3;35;34;56,66666667;86,33333333;59,66666667;53,33333333;2015;;;;;;;;
4;16;3;34;56,66666667;86,33333333;59,66666667;53,33333333;33,66666667;2015;;;;;;;;
3;17;3;56,66666667;86,33333333;59,66666667;53,33333333;33,66666667;49,5;2015;;;;;;;;
5;18;3;86,33333333;59,66666667;53,33333333;33,66666667;49,5;70;2015;;;;;;;;
5;19;3;59,66666667;53,33333333;33,66666667;49,5;70;35,66666667;2015;;;;;;;;
2;20;3;53,33333333;33,66666667;49,5;70;35,66666667;28,33333333;2015;;;;;;;;
2;21;3;33,66666667;49,5;70;35,66666667;28,33333333;16,33333333;2015;;;;;;;;
2;22;3;49,5;70;35,66666667;28,33333333;16,33333333;22;2015;;;;;;;;
11;23;3;70;35,66666667;28,33333333;16,33333333;22;31,33333333;2015;;;;;;;;
10;24;3;35,66666667;28,33333333;16,33333333;22;31,33333333;21,33333333;2015;;;;;;;;
1;25;3;28,33333333;16,33333333;22;31,33333333;21,33333333;22;2015;;;;;;;;
1;26;3;16,33333333;22;31,33333333;21,33333333;22;10,5;2015;;;;;;;;
1;27;3;22;31,33333333;21,33333333;22;10,5;14,66666667;2015;;;;;;;;
8;28;3;31,33333333;21,33333333;22;10,5;14,66666667;22,66666667;2015;;;;;;;;
4;29;3;21,33333333;22;10,5;14,66666667;22,66666667;17,33333333;2015;;;;;;;;
1;30;3;22;10,5;14,66666667;22,66666667;17,33333333;16;2015;;;;;;;;
7;31;3;10,5;14,66666667;22,66666667;17,33333333;16;12;2015;;;;;;;;
5;1;4;14,66666667;22,66666667;17,33333333;16;12;18,66666667;2015;;;;;;;;
2;2;4;22,66666667;17,33333333;16;12;18,66666667;35,66666667;2015;;;;;;;;
3;3;4;17,33333333;16;12;18,66666667;35,66666667;51,66666667;2015;;;;;;;;
3;4;4;16;12;18,66666667;35,66666667;51,66666667;50,66666667;2015;;;;;;;;
0;5;4;12;18,66666667;35,66666667;51,66666667;50,66666667;31,33333333;2015;;;;;;;;
3;6;4;18,66666667;35,66666667;51,66666667;50,66666667;31,33333333;39,33333333;2015;;;;;;;;
8;7;4;35,66666667;51,66666667;50,66666667;31,33333333;39,33333333;51;2015;;;;;;;;
3;8;4;51,66666667;50,66666667;31,33333333;39,33333333;51;45;2015;;;;;;;;
5;9;4;50,66666667;31,33333333;39,33333333;51;45;47,66666667;2015;;;;;;;;
4;10;4;31,33333333;39,33333333;51;45;47,66666667;34;2015;;;;;;;;
6;11;4;39,33333333;51;45;47,66666667;34;24,66666667;2015;;;;;;;;
3;12;4;51;45;47,66666667;34;24,66666667;31,33333333;2015;;;;;;;;
4;13;4;45;47,66666667;34;24,66666667;31,33333333;17,33333333;2015;;;;;;;;
4;14;4;47,66666667;34;24,66666667;31,33333333;17,33333333;33;2015;;;;;;;;
3;15;4;34;24,66666667;31,33333333;17,33333333;33;41;2015;;;;;;;;
4;16;4;24,66666667;31,33333333;17,33333333;33;41;34;2015;;;;;;;;
3;17;4;31,33333333;17,33333333;33;41;34;21,33333333;2015;;;;;;;;
0;18;4;17,33333333;33;41;34;21,33333333;32,33333333;2015;;;;;;;;
2;19;4;33;41;34;21,33333333;32,33333333;34,66666667;2015;;;;;;;;
2;20;4;41;34;21,33333333;32,33333333;34,66666667;34,66666667;2015;;;;;;;;
4;21;4;34;21,33333333;32,33333333;34,66666667;34,66666667;19,66666667;2015;;;;;;;;
4;22;4;21,33333333;32,33333333;34,66666667;34,66666667;19,66666667;18,33333333;2015;;;;;;;;
4;23;4;32,33333333;34,66666667;34,66666667;19,66666667;18,33333333;21,33333333;2015;;;;;;;;
3;24;4;34,66666667;34,66666667;19,66666667;18,33333333;21,33333333;20,33333333;2015;;;;;;;;
2;25;4;34,66666667;19,66666667;18,33333333;21,33333333;20,33333333;24;2015;;;;;;;;
4;26;4;19,66666667;18,33333333;21,33333333;20,33333333;24;22,33333333;2015;;;;;;;;
4;27;4;18,33333333;21,33333333;20,33333333;24;22,33333333;32;2015;;;;;;;;
5;28;4;21,33333333;20,33333333;24;22,33333333;32;28;2015;;;;;;;;
2;29;4;20,33333333;24;22,33333333;32;28;51;2015;;;;;;;;
4;30;4;24;22,33333333;32;28;51;60;2015;;;;;;;;
4;1;5;22,33333333;32;28;51;60;41;2015;;;;;;;;
2;2;5;32;28;51;60;41;37,66666667;2015;;;;;;;;
2;3;5;28;51;60;41;37,66666667;18,33333333;2015;;;;;;;;
3;4;5;51;60;41;37,66666667;18,33333333;14,33333333;2015;;;;;;;;
8;5;5;60;41;37,66666667;18,33333333;14,33333333;29,33333333;2015;;;;;;;;
6;6;5;41;37,66666667;18,33333333;14,33333333;29,33333333;31,66666667;2015;;;;;;;;
1;7;5;37,66666667;18,33333333;14,33333333;29,33333333;31,66666667;33;2015;;;;;;;;
1;8;5;18,33333333;14,33333333;29,33333333;31,66666667;33;32;2015;;;;;;;;
3;9;5;14,33333333;29,33333333;31,66666667;33;32;26,66666667;2015;;;;;;;;
0;10;5;29,33333333;31,66666667;33;32;26,66666667;12,66666667;2015;;;;;;;;
2;11;5;31,66666667;33;32;26,66666667;12,66666667;18,33333333;2015;;;;;;;;
3;12;5;33;32;26,66666667;12,66666667;18,33333333;29,66666667;2015;;;;;;;;
5;13;5;32;26,66666667;12,66666667;18,33333333;29,66666667;25,66666667;2015;;;;;;;;
5;14;5;26,66666667;12,66666667;18,33333333;29,66666667;25,66666667;12,33333333;2015;;;;;;;;
5;15;5;12,66666667;18,33333333;29,66666667;25,66666667;12,33333333;11,66666667;2015;;;;;;;;
3;16;5;18,33333333;29,66666667;25,66666667;12,33333333;11,66666667;16,33333333;2015;;;;;;;;
3;17;5;29,66666667;25,66666667;12,33333333;11,66666667;16,33333333;14,66666667;2015;;;;;;;;
0;18;5;25,66666667;12,33333333;11,66666667;16,33333333;14,66666667;8,333333333;2015;;;;;;;;
4;19;5;12,33333333;11,66666667;16,33333333;14,66666667;8,333333333;16,33333333;2015;;;;;;;;
1;20;5;11,66666667;16,33333333;14,66666667;8,333333333;16,33333333;19,33333333;2015;;;;;;;;
5;21;5;16,33333333;14,66666667;8,333333333;16,33333333;19,33333333;14,33333333;2015;;;;;;;;
4;22;5;14,66666667;8,333333333;16,33333333;19,33333333;14,33333333;21,66666667;2015;;;;;;;;
0;23;5;8,333333333;16,33333333;19,33333333;14,33333333;21,66666667;27,33333333;2015;;;;;;;;
3;24;5;16,33333333;19,33333333;14,33333333;21,66666667;27,33333333;20;2015;;;;;;;;
4;25;5;19,33333333;14,33333333;21,66666667;27,33333333;20;23,33333333;2015;;;;;;;;
5;26;5;14,33333333;21,66666667;27,33333333;20;23,33333333;28,66666667;2015;;;;;;;;
1;27;5;21,66666667;27,33333333;20;23,33333333;28,66666667;19;2015;;;;;;;;
4;28;5;27,33333333;20;23,33333333;28,66666667;19;27,66666667;2015;;;;;;;;
7;29;5;20;23,33333333;28,66666667;19;27,66666667;40,5;2015;;;;;;;;
2;30;5;23,33333333;28,66666667;19;27,66666667;40,5;43;2015;;;;;;;;
2;31;5;28,66666667;19;27,66666667;40,5;43;40;2015;;;;;;;;
2;1;6;19;27,66666667;40,5;43;40;18,5;2015;;;;;;;;
3;2;6;27,66666667;40,5;43;40;18,5;18;2015;;;;;;;;
4;3;6;40,5;43;40;18,5;18;20;2015;;;;;;;;
6;4;6;43;40;18,5;18;20;27;2015;;;;;;;;
5;5;6;40;18,5;18;20;27;37,66666667;2015;;;;;;;;
4;6;6;18,5;18;20;27;37,66666667;37;2015;;;;;;;;
2;7;6;18;20;27;37,66666667;37;37;2015;;;;;;;;
4;8;6;20;27;37,66666667;37;37;23,66666667;2015;;;;;;;;
2;9;6;27;37,66666667;37;37;23,66666667;24;2015;;;;;;;;
6;10;6;37,66666667;37;37;23,66666667;24;20;2015;;;;;;;;
3;11;6;37;37;23,66666667;24;20;17,5;2015;;;;;;;;
5;12;6;37;23,66666667;24;20;17,5;28;2015;;;;;;;;
3;13;6;23,66666667;24;20;17,5;28;35,33333333;2015;;;;;;;;
2;14;6;24;20;17,5;28;35,33333333;14,66666667;2015;;;;;;;;
4;15;6;20;17,5;28;35,33333333;14,66666667;14,33333333;2015;;;;;;;;
1;16;6;17,5;28;35,33333333;14,66666667;14,33333333;19,66666667;2015;;;;;;;;
6;17;6;28;35,33333333;14,66666667;14,33333333;19,66666667;21,66666667;2015;;;;;;;;
6;18;6;35,33333333;14,66666667;14,33333333;19,66666667;21,66666667;11;2015;;;;;;;;
4;19;6;14,66666667;14,33333333;19,66666667;21,66666667;11;17,33333333;2015;;;;;;;;
2;20;6;14,33333333;19,66666667;21,66666667;11;17,33333333;25;2015;;;;;;;;
2;21;6;19,66666667;21,66666667;11;17,33333333;25;27;2015;;;;;;;;
3;22;6;21,66666667;11;17,33333333;25;27;17,33333333;2015;;;;;;;;
2;23;6;11;17,33333333;25;27;17,33333333;21;2015;;;;;;;;
4;24;6;17,33333333;25;27;17,33333333;21;23,33333333;2015;;;;;;;;
1;25;6;25;27;17,33333333;21;23,33333333;32,33333333;2015;;;;;;;;
3;26;6;27;17,33333333;21;23,33333333;32,33333333;33;2015;;;;;;;;
2;27;6;17,33333333;21;23,33333333;32,33333333;33;34;2015;;;;;;;;
3;28;6;21;23,33333333;32,33333333;33;34;28,33333333;2015;;;;;;;;
4;29;6;23,33333333;32,33333333;33;34;28,33333333;35,66666667;2015;;;;;;;;
9;30;6;32,33333333;33;34;28,33333333;35,66666667;45;2015;;;;;;;;
5;1;7;33;34;28,33333333;35,66666667;45;42;2015;;;;;;;;
0;2;7;34;28,33333333;35,66666667;45;42;31;2015;;;;;;;;
2;3;7;28,33333333;35,66666667;45;42;31;22;2015;;;;;;;;
4;4;7;35,66666667;45;42;31;22;17,66666667;2015;;;;;;;;
2;5;7;45;42;31;22;17,66666667;24,33333333;2015;;;;;;;;
4;6;7;42;31;22;17,66666667;24,33333333;28,33333333;2015;;;;;;;;
6;7;7;31;22;17,66666667;24,33333333;28,33333333;33,66666667;2015;;;;;;;;
3;8;7;22;17,66666667;24,33333333;28,33333333;33,66666667;30,66666667;2015;;;;;;;;
4;9;7;17,66666667;24,33333333;28,33333333;33,66666667;30,66666667;36,33333333;2015;;;;;;;;
6;10;7;24,33333333;28,33333333;33,66666667;30,66666667;36,33333333;36;2015;;;;;;;;
2;11;7;28,33333333;33,66666667;30,66666667;36,33333333;36;28;2015;;;;;;;;
3;12;7;33,66666667;30,66666667;36,33333333;36;28;23,66666667;2015;;;;;;;;
1;13;7;30,66666667;36,33333333;36;28;23,66666667;22,33333333;2015;;;;;;;;
1;14;7;36,33333333;36;28;23,66666667;22,33333333;27;2015;;;;;;;;
5;15;7;36;28;23,66666667;22,33333333;27;29,66666667;2015;;;;;;;;
2;16;7;28;23,66666667;22,33333333;27;29,66666667;34,33333333;2015;;;;;;;;
4;17;7;23,66666667;22,33333333;27;29,66666667;34,33333333;20,5;2015;;;;;;;;
2;18;7;22,33333333;27;29,66666667;34,33333333;20,5;31;2015;;;;;;;;
3;19;7;27;29,66666667;34,33333333;20,5;31;21;2015;;;;;;;;
2;20;7;29,66666667;34,33333333;20,5;31;21;14;2015;;;;;;;;
4;21;7;34,33333333;20,5;31;21;14;25;2015;;;;;;;;
3;22;7;20,5;31;21;14;25;31;2015;;;;;;;;
2;23;7;31;21;14;25;31;25;2015;;;;;;;;
2;24;7;21;14;25;31;25;21,5;2015;;;;;;;;
0;25;7;14;25;31;25;21,5;12,5;2015;;;;;;;;
1;26;7;25;31;25;21,5;12,5;19;2015;;;;;;;;
4;27;7;31;25;21,5;12,5;19;18,33333333;2015;;;;;;;;
0;28;7;25;21,5;12,5;19;18,33333333;25,66666667;2015;;;;;;;;
4;29;7;21,5;12,5;19;18,33333333;25,66666667;28,66666667;2015;;;;;;;;
3;30;7;12,5;19;18,33333333;25,66666667;28,66666667;31,66666667;2015;;;;;;;;
4;31;7;19;18,33333333;25,66666667;28,66666667;31,66666667;32;2015;;;;;;;;
9;1;8;18,33333333;25,66666667;28,66666667;31,66666667;32;39,66666667;2015;;;;;;;;
1;2;8;25,66666667;28,66666667;31,66666667;32;39,66666667;35,66666667;2015;;;;;;;;
1;3;8;28,66666667;31,66666667;32;39,66666667;35,66666667;22,66666667;2015;;;;;;;;
3;4;8;31,66666667;32;39,66666667;35,66666667;22,66666667;19;2015;;;;;;;;
3;5;8;32;39,66666667;35,66666667;22,66666667;19;28;2015;;;;;;;;
2;6;8;39,66666667;35,66666667;22,66666667;19;28;35,66666667;2015;;;;;;;;
1;7;8;35,66666667;22,66666667;19;28;35,66666667;35,66666667;2015;;;;;;;;
2;8;8;22,66666667;19;28;35,66666667;35,66666667;34,66666667;2015;;;;;;;;
2;9;8;19;28;35,66666667;35,66666667;34,66666667;18;2015;;;;;;;;
1;10;8;28;35,66666667;35,66666667;34,66666667;18;10,66666667;2015;;;;;;;;
4;11;8;35,66666667;35,66666667;34,66666667;18;10,66666667;14,66666667;2015;;;;;;;;
2;12;8;35,66666667;34,66666667;18;10,66666667;14,66666667;14,66666667;2015;;;;;;;;
1;13;8;34,66666667;18;10,66666667;14,66666667;14,66666667;11,33333333;2015;;;;;;;;
0;14;8;18;10,66666667;14,66666667;14,66666667;11,33333333;13,66666667;2015;;;;;;;;
4;15;8;10,66666667;14,66666667;14,66666667;11,33333333;13,66666667;14,33333333;2015;;;;;;;;
0;16;8;14,66666667;14,66666667;11,33333333;13,66666667;14,33333333;19,33333333;2015;;;;;;;;
4;17;8;14,66666667;11,33333333;13,66666667;14,33333333;19,33333333;18;2015;;;;;;;;
1;18;8;11,33333333;13,66666667;14,33333333;19,33333333;18;29,66666667;2015;;;;;;;;
4;19;8;13,66666667;14,33333333;19,33333333;18;29,66666667;30;2015;;;;;;;;
4;20;8;14,33333333;19,33333333;18;29,66666667;30;22,66666667;2015;;;;;;;;
2;21;8;19,33333333;18;29,66666667;30;22,66666667;27,66666667;2015;;;;;;;;
3;22;8;18;29,66666667;30;22,66666667;27,66666667;30;2015;;;;;;;;
4;23;8;29,66666667;30;22,66666667;27,66666667;30;33;2015;;;;;;;;
1;24;8;30;22,66666667;27,66666667;30;33;28,33333333;2015;;;;;;;;
0;25;8;22,66666667;27,66666667;30;33;28,33333333;26,66666667;2015;;;;;;;;
1;26;8;27,66666667;30;33;28,33333333;26,66666667;30,33333333;2015;;;;;;;;
2;27;8;30;33;28,33333333;26,66666667;30,33333333;28,66666667;2015;;;;;;;;
4;28;8;33;28,33333333;26,66666667;30,33333333;28,66666667;21,33333333;2015;;;;;;;;
2;29;8;28,33333333;26,66666667;30,33333333;28,66666667;21,33333333;19;2015;;;;;;;;
0;30;8;26,66666667;30,33333333;28,66666667;21,33333333;19;8,333333333;2015;;;;;;;;
5;31;8;30,33333333;28,66666667;21,33333333;19;8,333333333;9,666666667;2015;;;;;;;;
2;1;9;28,66666667;21,33333333;19;8,333333333;9,666666667;17,66666667;2015;;;;;;;;
4;2;9;21,33333333;19;8,333333333;9,666666667;17,66666667;21;2015;;;;;;;;
3;3;9;19;8,333333333;9,666666667;17,66666667;21;22,66666667;2015;;;;;;;;
5;4;9;8,333333333;9,666666667;17,66666667;21;22,66666667;24,66666667;2015;;;;;;;;
1;5;9;9,666666667;17,66666667;21;22,66666667;24,66666667;26;2015;;;;;;;;
2;6;9;17,66666667;21;22,66666667;24,66666667;26;34;2015;;;;;;;;
2;7;9;21;22,66666667;24,66666667;26;34;29,66666667;2015;;;;;;;;
1;8;9;22,66666667;24,66666667;26;34;29,66666667;24,33333333;2015;;;;;;;;
2;9;9;24,66666667;26;34;29,66666667;24,33333333;23,66666667;2015;;;;;;;;
2;10;9;26;34;29,66666667;24,33333333;23,66666667;31,33333333;2015;;;;;;;;
5;11;9;34;29,66666667;24,33333333;23,66666667;31,33333333;41;2015;;;;;;;;
6;12;9;29,66666667;24,33333333;23,66666667;31,33333333;41;25,5;2015;;;;;;;;
3;13;9;24,33333333;23,66666667;31,33333333;41;25,5;23,33333333;2015;;;;;;;;
4;14;9;23,66666667;31,33333333;41;25,5;23,33333333;16;2015;;;;;;;;
3;15;9;31,33333333;41;25,5;23,33333333;16;26;2015;;;;;;;;
3;16;9;41;25,5;23,33333333;16;26;30,66666667;2015;;;;;;;;
6;17;9;25,5;23,33333333;16;26;30,66666667;17,33333333;2015;;;;;;;;
3;18;9;23,33333333;16;26;30,66666667;17,33333333;18,33333333;2015;;;;;;;;
3;19;9;16;26;30,66666667;17,33333333;18,33333333;26,66666667;2015;;;;;;;;
4;20;9;26;30,66666667;17,33333333;18,33333333;26,66666667;28,33333333;2015;;;;;;;;
5;21;9;30,66666667;17,33333333;18,33333333;26,66666667;28,33333333;22,66666667;2015;;;;;;;;
4;22;9;17,33333333;18,33333333;26,66666667;28,33333333;22,66666667;23;2015;;;;;;;;
3;23;9;18,33333333;26,66666667;28,33333333;22,66666667;23;25;2015;;;;;;;;
4;24;9;26,66666667;28,33333333;22,66666667;23;25;26;2015;;;;;;;;
8;25;9;28,33333333;22,66666667;23;25;26;22,33333333;2015;;;;;;;;
2;26;9;22,66666667;23;25;26;22,33333333;29,66666667;2015;;;;;;;;
3;27;9;23;25;26;22,33333333;29,66666667;26,33333333;2015;;;;;;;;
5;28;9;25;26;22,33333333;29,66666667;26,33333333;28,66666667;2015;;;;;;;;
1;29;9;26;22,33333333;29,66666667;26,33333333;28,66666667;29,66666667;2015;;;;;;;;
4;30;9;22,33333333;29,66666667;26,33333333;28,66666667;29,66666667;36,66666667;2015;;;;;;;;
3;1;10;29,66666667;26,33333333;28,66666667;29,66666667;36,66666667;40,33333333;2015;;;;;;;;
9;2;10;26,33333333;28,66666667;29,66666667;36,66666667;40,33333333;23;2015;;;;;;;;
4;3;10;28,66666667;29,66666667;36,66666667;40,33333333;23;30;2015;;;;;;;;
2;4;10;29,66666667;36,66666667;40,33333333;23;30;18,66666667;2015;;;;;;;;
4;5;10;36,66666667;40,33333333;23;30;18,66666667;30;2015;;;;;;;;
4;6;10;40,33333333;23;30;18,66666667;30;38;2015;;;;;;;;
6;7;10;23;30;18,66666667;30;38;22,33333333;2015;;;;;;;;
3;8;10;30;18,66666667;30;38;22,33333333;16;2015;;;;;;;;
8;9;10;18,66666667;30;38;22,33333333;16;15,66666667;2015;;;;;;;;
6;10;10;30;38;22,33333333;16;15,66666667;19;2015;;;;;;;;
7;11;10;38;22,33333333;16;15,66666667;19;31;2015;;;;;;;;
5;12;10;22,33333333;16;15,66666667;19;31;37,66666667;2015;;;;;;;;
5;13;10;16;15,66666667;19;31;37,66666667;48,33333333;2015;;;;;;;;
2;14;10;15,66666667;19;31;37,66666667;48,33333333;31;2015;;;;;;;;
2;15;10;19;31;37,66666667;48,33333333;31;37,33333333;2015;;;;;;;;
3;16;10;31;37,66666667;48,33333333;31;37,33333333;36,33333333;2015;;;;;;;;
7;17;10;37,66666667;48,33333333;31;37,33333333;36,33333333;58;2015;;;;;;;;
1;18;10;48,33333333;31;37,33333333;36,33333333;58;78;2015;;;;;;;;
4;19;10;31;37,33333333;36,33333333;58;78;82;2015;;;;;;;;
3;20;10;37,33333333;36,33333333;58;78;82;96,5;2015;;;;;;;;
6;21;10;36,33333333;58;78;82;96,5;77;2015;;;;;;;;
2;22;10;58;78;82;96,5;77;49,5;2015;;;;;;;;
2;23;10;78;82;96,5;77;49,5;27;2015;;;;;;;;
1;24;10;82;96,5;77;49,5;27;44,5;2015;;;;;;;;
6;25;10;96,5;77;49,5;27;44,5;40,66666667;2015;;;;;;;;
5;26;10;77;49,5;27;44,5;40,66666667;40,33333333;2015;;;;;;;;
5;27;10;49,5;27;44,5;40,66666667;40,33333333;47,5;2015;;;;;;;;
4;28;10;27;44,5;40,66666667;40,33333333;47,5;72;2015;;;;;;;;
2;29;10;44,5;40,66666667;40,33333333;47,5;72;49;2015;;;;;;;;
7;30;10;40,66666667;40,33333333;47,5;72;49;59,66666667;2015;;;;;;;;
6;31;10;40,33333333;47,5;72;49;59,66666667;74;2015;;;;;;;;
4;1;11;47,5;72;49;59,66666667;74;75,33333333;2015;;;;;;;;
3;2;11;72;49;59,66666667;74;75,33333333;72;2015;;;;;;;;
4;3;11;49;59,66666667;74;75,33333333;72;46;2015;;;;;;;;
3;4;11;59,66666667;74;75,33333333;72;46;57,33333333;2015;;;;;;;;
7;5;11;74;75,33333333;72;46;57,33333333;64,33333333;2015;;;;;;;;
2;6;11;75,33333333;72;46;57,33333333;64,33333333;68;2015;;;;;;;;
3;7;11;72;46;57,33333333;64,33333333;68;95;2015;;;;;;;;
5;8;11;46;57,33333333;64,33333333;68;95;49,66666667;2015;;;;;;;;
5;9;11;57,33333333;64,33333333;68;95;49,66666667;58;2015;;;;;;;;
7;10;11;64,33333333;68;95;49,66666667;58;60,33333333;2015;;;;;;;;
1;11;11;68;95;49,66666667;58;60,33333333;64,66666667;2015;;;;;;;;
2;12;11;95;49,66666667;58;60,33333333;64,66666667;57;2015;;;;;;;;
8;13;11;49,66666667;58;60,33333333;64,66666667;57;44;2015;;;;;;;;
3;14;11;58;60,33333333;64,66666667;57;44;51;2015;;;;;;;;
6;15;11;60,33333333;64,66666667;57;44;51;41,33333333;2015;;;;;;;;
10;16;11;64,66666667;57;44;51;41,33333333;17;2015;;;;;;;;
2;17;11;57;44;51;41,33333333;17;21,5;2015;;;;;;;;
2;18;11;44;51;41,33333333;17;21,5;38,66666667;2015;;;;;;;;
6;19;11;51;41,33333333;17;21,5;38,66666667;60;2015;;;;;;;;
8;20;11;41,33333333;17;21,5;38,66666667;60;78,33333333;2015;;;;;;;;
3;21;11;17;21,5;38,66666667;60;78,33333333;62,33333333;2015;;;;;;;;
6;22;11;21,5;38,66666667;60;78,33333333;62,33333333;62,33333333;2015;;;;;;;;
3;23;11;38,66666667;60;78,33333333;62,33333333;62,33333333;77;2015;;;;;;;;
0;24;11;60;78,33333333;62,33333333;62,33333333;77;69,66666667;2015;;;;;;;;
3;25;11;78,33333333;62,33333333;62,33333333;77;69,66666667;82,66666667;2015;;;;;;;;
3;26;11;62,33333333;62,33333333;77;69,66666667;82,66666667;110,6666667;2015;;;;;;;;
7;27;11;62,33333333;77;69,66666667;82,66666667;110,6666667;94,66666667;2015;;;;;;;;
8;28;11;77;69,66666667;82,66666667;110,6666667;94,66666667;81,33333333;2015;;;;;;;;
4;29;11;69,66666667;82,66666667;110,6666667;94,66666667;81,33333333;71,66666667;2015;;;;;;;;
5;30;11;82,66666667;110,6666667;94,66666667;81,33333333;71,66666667;77,66666667;2015;;;;;;;;
3;1;12;110,6666667;94,66666667;81,33333333;71,66666667;77,66666667;79,33333333;2015;;;;;;;;
9;2;12;94,66666667;81,33333333;71,66666667;77,66666667;79,33333333;92;2015;;;;;;;;
3;3;12;81,33333333;71,66666667;77,66666667;79,33333333;92;73,66666667;2015;;;;;;;;
3;4;12;71,66666667;77,66666667;79,33333333;92;73,66666667;55,33333333;2015;;;;;;;;
4;5;12;77,66666667;79,33333333;92;73,66666667;55,33333333;60,33333333;2015;;;;;;;;
5;6;12;79,33333333;92;73,66666667;55,33333333;60,33333333;67;2015;;;;;;;;
6;7;12;92;73,66666667;55,33333333;60,33333333;67;73;2015;;;;;;;;
3;8;12;73,66666667;55,33333333;60,33333333;67;73;82;2015;;;;;;;;
10;9;12;55,33333333;60,33333333;67;73;82;99,66666667;2015;;;;;;;;
1;10;12;60,33333333;67;73;82;99,66666667;101,6666667;2015;;;;;;;;
3;11;12;67;73;82;99,66666667;101,6666667;99,33333333;2015;;;;;;;;
1;12;12;73;82;99,66666667;101,6666667;99,33333333;98,66666667;2015;;;;;;;;
2;13;12;82;99,66666667;101,6666667;99,33333333;98,66666667;80,5;2015;;;;;;;;
3;14;12;99,66666667;101,6666667;99,33333333;98,66666667;80,5;86,33333333;2015;;;;;;;;
3;15;12;101,6666667;99,33333333;98,66666667;80,5;86,33333333;87,66666667;2015;;;;;;;;
7;16;12;99,33333333;98,66666667;80,5;86,33333333;87,66666667;77,66666667;2015;;;;;;;;
5;17;12;98,66666667;80,5;86,33333333;87,66666667;77,66666667;72,5;2015;;;;;;;;
4;18;12;80,5;86,33333333;87,66666667;77,66666667;72,5;59,66666667;2015;;;;;;;;
3;19;12;86,33333333;87,66666667;77,66666667;72,5;59,66666667;60,33333333;2015;;;;;;;;
3;20;12;87,66666667;77,66666667;72,5;59,66666667;60,33333333;56;2015;;;;;;;;
6;21;12;77,66666667;72,5;59,66666667;60,33333333;56;60;2015;;;;;;;;
2;22;12;72,5;59,66666667;60,33333333;56;60;64,33333333;2015;;;;;;;;
5;23;12;59,66666667;60,33333333;56;60;64,33333333;79,66666667;2015;;;;;;;;
2;24;12;60,33333333;56;60;64,33333333;79,66666667;51,66666667;2015;;;;;;;;
6;25;12;56;60;64,33333333;79,66666667;51,66666667;34;2015;;;;;;;;
4;26;12;60;64,33333333;79,66666667;51,66666667;34;76,66666667;2015;;;;;;;;
3;27;12;64,33333333;79,66666667;51,66666667;34;76,66666667;43;2015;;;;;;;;
8;28;12;79,66666667;51,66666667;34;76,66666667;43;34,66666667;2015;;;;;;;;
8;29;12;51,66666667;34;76,66666667;43;34,66666667;36;2015;;;;;;;;
5;30;12;34;76,66666667;43;34,66666667;36;37,66666667;2015;;;;;;;;
6;31;12;76,66666667;43;34,66666667;36;37,66666667;37,33333333;2015;;;;;;;;
3;1;1;43;34,66666667;36;37,66666667;37,33333333;46,33333333;2016;;;;;;;;
5;2;1;34,66666667;36;37,66666667;37,33333333;46,33333333;56,33333333;2016;;;;;;;;
3;3;1;36;37,66666667;37,33333333;46,33333333;56,33333333;50,33333333;2016;;;;;;;;
1;4;1;37,66666667;37,33333333;46,33333333;56,33333333;50,33333333;45,66666667;2016;;;;;;;;
6;5;1;37,33333333;46,33333333;56,33333333;50,33333333;45,66666667;34,33333333;2016;;;;;;;;
4;6;1;46,33333333;56,33333333;50,33333333;45,66666667;34,33333333;39;2016;;;;;;;;
4;7;1;56,33333333;50,33333333;45,66666667;34,33333333;39;23,66666667;2016;;;;;;;;
3;8;1;50,33333333;45,66666667;34,33333333;39;23,66666667;33,33333333;2016;;;;;;;;
4;9;1;45,66666667;34,33333333;39;23,66666667;33,33333333;30;2016;;;;;;;;
7;10;1;34,33333333;39;23,66666667;33,33333333;30;27;2016;;;;;;;;
3;11;1;39;23,66666667;33,33333333;30;27;8,5;2016;;;;;;;;
3;12;1;23,66666667;33,33333333;30;27;8,5;23,66666667;2016;;;;;;;;
8;13;1;33,33333333;30;27;8,5;23,66666667;47,33333333;2016;;;;;;;;
2;14;1;30;27;8,5;23,66666667;47,33333333;64;2016;;;;;;;;
2;15;1;27;8,5;23,66666667;47,33333333;64;88;2016;;;;;;;;
5;16;1;8,5;23,66666667;47,33333333;64;88;98,33333333;2016;;;;;;;;
4;17;1;23,66666667;47,33333333;64;88;98,33333333;97;2016;;;;;;;;
3;18;1;47,33333333;64;88;98,33333333;97;116;2016;;;;;;;;
1;19;1;64;88;98,33333333;97;116;109,3333333;2016;;;;;;;;
9;20;1;88;98,33333333;97;116;109,3333333;63;2016;;;;;;;;
2;21;1;98,33333333;97;116;109,3333333;63;87,33333333;2016;;;;;;;;
1;22;1;97;116;109,3333333;63;87,33333333;99,33333333;2016;;;;;;;;
5;23;1;116;109,3333333;63;87,33333333;99,33333333;83,33333333;2016;;;;;;;;
7;24;1;109,3333333;63;87,33333333;99,33333333;83,33333333;137,3333333;2016;;;;;;;;
9;25;1;63;87,33333333;99,33333333;83,33333333;137,3333333;96,33333333;2016;;;;;;;;
14;26;1;87,33333333;99,33333333;83,33333333;137,3333333;96,33333333;58,66666667;2016;;;;;;;;
14;27;1;99,33333333;83,33333333;137,3333333;96,33333333;58,66666667;85,33333333;2016;;;;;;;;
6;28;1;83,33333333;137,3333333;96,33333333;58,66666667;85,33333333;32,66666667;2016;;;;;;;;
12;29;1;137,3333333;96,33333333;58,66666667;85,33333333;32,66666667;17,66666667;2016;;;;;;;;
11;30;1;96,33333333;58,66666667;85,33333333;32,66666667;17,66666667;39;2016;;;;;;;;
9;31;1;58,66666667;85,33333333;32,66666667;17,66666667;39;53,66666667;2016;;;;;;;;
4;1;2;85,33333333;32,66666667;17,66666667;39;53,66666667;38;2016;;;;;;;;
2;2;2;32,66666667;17,66666667;39;53,66666667;38;25;2016;;;;;;;;
2;3;2;17,66666667;39;53,66666667;38;25;37;2016;;;;;;;;
5;4;2;39;53,66666667;38;25;37;13,66666667;2016;;;;;;;;
1;5;2;53,66666667;38;25;37;13,66666667;23,33333333;2016;;;;;;;;
5;6;2;38;25;37;13,66666667;23,33333333;34,33333333;2016;;;;;;;;
6;7;2;25;37;13,66666667;23,33333333;34,33333333;50,66666667;2016;;;;;;;;
4;8;2;37;13,66666667;23,33333333;34,33333333;50,66666667;39,33333333;2016;;;;;;;;
2;9;2;13,66666667;23,33333333;34,33333333;50,66666667;39,33333333;37,33333333;2016;;;;;;;;
6;10;2;23,33333333;34,33333333;50,66666667;39,33333333;37,33333333;18,66666667;2016;;;;;;;;
7;11;2;34,33333333;50,66666667;39,33333333;37,33333333;18,66666667;14,33333333;2016;;;;;;;;
2;12;2;50,66666667;39,33333333;37,33333333;18,66666667;14,33333333;29,5;2016;;;;;;;;
2;13;2;39,33333333;37,33333333;18,66666667;14,33333333;29,5;39;2016;;;;;;;;
3;14;2;37,33333333;18,66666667;14,33333333;29,5;39;20,66666667;2016;;;;;;;;
4;15;2;18,66666667;14,33333333;29,5;39;20,66666667;27,33333333;2016;;;;;;;;
7;16;2;14,33333333;29,5;39;20,66666667;27,33333333;70;2016;;;;;;;;
3;17;2;29,5;39;20,66666667;27,33333333;70;81,33333333;2016;;;;;;;;
4;18;2;39;20,66666667;27,33333333;70;81,33333333;44,33333333;2016;;;;;;;;
2;19;2;20,66666667;27,33333333;70;81,33333333;44,33333333;27,33333333;2016;;;;;;;;
4;20;2;27,33333333;70;81,33333333;44,33333333;27,33333333;49;2016;;;;;;;;
2;21;2;70;81,33333333;44,33333333;27,33333333;49;22,66666667;2016;;;;;;;;
6;22;2;81,33333333;44,33333333;27,33333333;49;22,66666667;15;2016;;;;;;;;
1;23;2;44,33333333;27,33333333;49;22,66666667;15;16;2016;;;;;;;;
2;24;2;27,33333333;49;22,66666667;15;16;34,5;2016;;;;;;;;
6;25;2;49;22,66666667;15;16;34,5;37;2016;;;;;;;;
4;26;2;22,66666667;15;16;34,5;37;9;2016;;;;;;;;
2;27;2;15;16;34,5;37;9;27;2016;;;;;;;;
5;28;2;16;34,5;37;9;27;13,66666667;2016;;;;;;;;
2;29;2;34,5;37;9;27;13,66666667;32,66666667;2016;;;;;;;;
2;1;3;37;9;27;13,66666667;32,66666667;44,66666667;2016;;;;;;;;
6;2;3;9;27;13,66666667;32,66666667;44,66666667;38;2016;;;;;;;;
3;3;3;27;13,66666667;32,66666667;44,66666667;38;21,5;2016;;;;;;;;
6;4;3;13,66666667;32,66666667;44,66666667;38;21,5;35;2016;;;;;;;;
5;5;3;32,66666667;44,66666667;38;21,5;35;34,33333333;2016;;;;;;;;
3;6;3;44,66666667;38;21,5;35;34,33333333;36,66666667;2016;;;;;;;;
5;7;3;38;21,5;35;34,33333333;36,66666667;24;2016;;;;;;;;
3;8;3;21,5;35;34,33333333;36,66666667;24;23,33333333;2016;;;;;;;;
5;9;3;35;34,33333333;36,66666667;24;23,33333333;37;2016;;;;;;;;
7;10;3;34,33333333;36,66666667;24;23,33333333;37;16,5;2016;;;;;;;;
10;11;3;36,66666667;24;23,33333333;37;16,5;30;2016;;;;;;;;
3;12;3;24;23,33333333;37;16,5;30;37;2016;;;;;;;;
4;13;3;23,33333333;37;16,5;30;37;35,33333333;2016;;;;;;;;
7;14;3;37;16,5;30;37;35,33333333;23,66666667;2016;;;;;;;;
3;15;3;16,5;30;37;35,33333333;23,66666667;32;2016;;;;;;;;
1;16;3;30;37;35,33333333;23,66666667;32;50,33333333;2016;;;;;;;;
1;17;3;37;35,33333333;23,66666667;32;50,33333333;32;2016;;;;;;;;
6;18;3;35,33333333;23,66666667;32;50,33333333;32;38,66666667;2016;;;;;;;;
4;19;3;23,66666667;32;50,33333333;32;38,66666667;31;2016;;;;;;;;
4;20;3;32;50,33333333;32;38,66666667;31;48,66666667;2016;;;;;;;;
1;21;3;50,33333333;32;38,66666667;31;48,66666667;38,33333333;2016;;;;;;;;
2;22;3;32;38,66666667;31;48,66666667;38,33333333;27,33333333;2016;;;;;;;;
6;23;3;38,66666667;31;48,66666667;38,33333333;27,33333333;20,33333333;2016;;;;;;;;
2;24;3;31;48,66666667;38,33333333;27,33333333;20,33333333;27,66666667;2016;;;;;;;;
2;25;3;48,66666667;38,33333333;27,33333333;20,33333333;27,66666667;45;2016;;;;;;;;
1;26;3;38,33333333;27,33333333;20,33333333;27,66666667;45;46;2016;;;;;;;;
5;27;3;27,33333333;20,33333333;27,66666667;45;46;54;2016;;;;;;;;
5;28;3;20,33333333;27,66666667;45;46;54;46,66666667;2016;;;;;;;;
6;29;3;27,66666667;45;46;54;46,66666667;48,5;2016;;;;;;;;
1;30;3;45;46;54;46,66666667;48,5;59;2016;;;;;;;;
4;31;3;46;54;46,66666667;48,5;59;76;2016;;;;;;;;
7;1;4;54;46,66666667;48,5;59;76;83,5;2016;;;;;;;;
6;2;4;46,66666667;48,5;59;76;83,5;50,33333333;2016;;;;;;;;
8;3;4;48,5;59;76;83,5;50,33333333;25,66666667;2016;;;;;;;;
5;4;4;59;76;83,5;50,33333333;25,66666667;17;2016;;;;;;;;
5;5;4;76;83,5;50,33333333;25,66666667;17;21,66666667;2016;;;;;;;;
3;6;4;83,5;50,33333333;25,66666667;17;21,66666667;23,33333333;2016;;;;;;;;
3;7;4;50,33333333;25,66666667;17;21,66666667;23,33333333;30,66666667;2016;;;;;;;;
4;8;4;25,66666667;17;21,66666667;23,33333333;30,66666667;16,5;2016;;;;;;;;
4;9;4;17;21,66666667;23,33333333;30,66666667;16,5;24;2016;;;;;;;;
3;10;4;21,66666667;23,33333333;30,66666667;16,5;24;23;2016;;;;;;;;
6;11;4;23,33333333;30,66666667;16,5;24;23;27,66666667;2016;;;;;;;;
5;12;4;30,66666667;16,5;24;23;27,66666667;21,66666667;2016;;;;;;;;
4;13;4;16,5;24;23;27,66666667;21,66666667;23,33333333;2016;;;;;;;;
0;14;4;24;23;27,66666667;21,66666667;23,33333333;26,33333333;2016;;;;;;;;
2;15;4;23;27,66666667;21,66666667;23,33333333;26,33333333;29;2016;;;;;;;;
0;16;4;27,66666667;21,66666667;23,33333333;26,33333333;29;31,66666667;2016;;;;;;;;
6;17;4;21,66666667;23,33333333;26,33333333;29;31,66666667;18,33333333;2016;;;;;;;;
5;18;4;23,33333333;26,33333333;29;31,66666667;18,33333333;11;2016;;;;;;;;
4;19;4;26,33333333;29;31,66666667;18,33333333;11;9;2016;;;;;;;;
5;20;4;29;31,66666667;18,33333333;11;9;24,66666667;2016;;;;;;;;
4;21;4;31,66666667;18,33333333;11;9;24,66666667;17,33333333;2016;;;;;;;;
4;22;4;18,33333333;11;9;24,66666667;17,33333333;21,33333333;2016;;;;;;;;
4;23;4;11;9;24,66666667;17,33333333;21,33333333;28,66666667;2016;;;;;;;;
5;24;4;9;24,66666667;17,33333333;21,33333333;28,66666667;21;2016;;;;;;;;
2;25;4;24,66666667;17,33333333;21,33333333;28,66666667;21;7,333333333;2016;;;;;;;;
4;26;4;17,33333333;21,33333333;28,66666667;21;7,333333333;16;2016;;;;;;;;
9;27;4;21,33333333;28,66666667;21;7,333333333;16;20,5;2016;;;;;;;;
5;28;4;28,66666667;21;7,333333333;16;20,5;11;2016;;;;;;;;
5;29;4;21;7,333333333;16;20,5;11;20,33333333;2016;;;;;;;;
4;30;4;7,333333333;16;20,5;11;20,33333333;31,33333333;2016;;;;;;;;
0;1;5;16;20,5;11;20,33333333;31,33333333;32,66666667;2016;;;;;;;;
1;2;5;20,5;11;20,33333333;31,33333333;32,66666667;25;2016;;;;;;;;
2;3;5;11;20,33333333;31,33333333;32,66666667;25;21,66666667;2016;;;;;;;;
4;4;5;20,33333333;31,33333333;32,66666667;25;21,66666667;31,5;2016;;;;;;;;
7;5;5;31,33333333;32,66666667;25;21,66666667;31,5;32;2016;;;;;;;;
3;6;5;32,66666667;25;21,66666667;31,5;32;15,33333333;2016;;;;;;;;
5;7;5;25;21,66666667;31,5;32;15,33333333;22,5;2016;;;;;;;;
6;8;5;21,66666667;31,5;32;15,33333333;22,5;26,66666667;2016;;;;;;;;
4;9;5;31,5;32;15,33333333;22,5;26,66666667;14,66666667;2016;;;;;;;;
4;10;5;32;15,33333333;22,5;26,66666667;14,66666667;18;2016;;;;;;;;
6;11;5;15,33333333;22,5;26,66666667;14,66666667;18;19;2016;;;;;;;;
5;12;5;22,5;26,66666667;14,66666667;18;19;21;2016;;;;;;;;
3;13;5;26,66666667;14,66666667;18;19;21;14;2016;;;;;;;;
7;14;5;14,66666667;18;19;21;14;18;2016;;;;;;;;
3;15;5;18;19;21;14;18;15,5;2016;;;;;;;;
6;16;5;19;21;14;18;15,5;14,33333333;2016;;;;;;;;
6;17;5;21;14;18;15,5;14,33333333;21;2016;;;;;;;;
9;18;5;14;18;15,5;14,33333333;21;16;2016;;;;;;;;
2;19;5;18;15,5;14,33333333;21;16;19;2016;;;;;;;;
3;20;5;15,5;14,33333333;21;16;19;19;2016;;;;;;;;
8;21;5;14,33333333;21;16;19;19;39,66666667;2016;;;;;;;;
5;22;5;21;16;19;19;39,66666667;36,33333333;2016;;;;;;;;
4;23;5;16;19;19;39,66666667;36,33333333;27,5;2016;;;;;;;;
12;24;5;19;19;39,66666667;36,33333333;27,5;19;2016;;;;;;;;
2;25;5;19;39,66666667;36,33333333;27,5;19;20;2016;;;;;;;;
3;26;5;39,66666667;36,33333333;27,5;19;20;22,33333333;2016;;;;;;;;
4;27;5;36,33333333;27,5;19;20;22,33333333;16,66666667;2016;;;;;;;;
9;28;5;27,5;19;20;22,33333333;16,66666667;23,66666667;2016;;;;;;;;
2;29;5;19;20;22,33333333;16,66666667;23,66666667;12,66666667;2016;;;;;;;;
0;30;5;20;22,33333333;16,66666667;23,66666667;12,66666667;19,33333333;2016;;;;;;;;
2;31;5;22,33333333;16,66666667;23,66666667;12,66666667;19,33333333;16,5;2016;;;;;;;;
9;1;6;16,66666667;23,66666667;12,66666667;19,33333333;16,5;23;2016;;;;;;;;
2;2;6;23,66666667;12,66666667;19,33333333;16,5;23;18;2016;;;;;;;;
6;3;6;12,66666667;19,33333333;16,5;23;18;24;2016;;;;;;;;
5;4;6;19,33333333;16,5;23;18;24;22,66666667;2016;;;;;;;;
5;5;6;16,5;23;18;24;22,66666667;23,66666667;2016;;;;;;;;
5;6;6;23;18;24;22,66666667;23,66666667;11,5;2016;;;;;;;;
6;7;6;18;24;22,66666667;23,66666667;11,5;12,66666667;2016;;;;;;;;
1;8;6;24;22,66666667;23,66666667;11,5;12,66666667;14,5;2016;;;;;;;;
4;9;6;22,66666667;23,66666667;11,5;12,66666667;14,5;13,5;2016;;;;;;;;
6;10;6;23,66666667;11,5;12,66666667;14,5;13,5;16,5;2016;;;;;;;;
5;11;6;11,5;12,66666667;14,5;13,5;16,5;17,33333333;2016;;;;;;;;
5;12;6;12,66666667;14,5;13,5;16,5;17,33333333;18;2016;;;;;;;;
3;13;6;14,5;13,5;16,5;17,33333333;18;16,33333333;2016;;;;;;;;
1;14;6;13,5;16,5;17,33333333;18;16,33333333;13,66666667;2016;;;;;;;;
4;15;6;16,5;17,33333333;18;16,33333333;13,66666667;18,66666667;2016;;;;;;;;
3;16;6;17,33333333;18;16,33333333;13,66666667;18,66666667;30,66666667;2016;;;;;;;;
5;17;6;18;16,33333333;13,66666667;18,66666667;30,66666667;39;2016;;;;;;;;
3;18;6;16,33333333;13,66666667;18,66666667;30,66666667;39;48,66666667;2016;;;;;;;;
3;19;6;13,66666667;18,66666667;30,66666667;39;48,66666667;30,33333333;2016;;;;;;;;
4;20;6;18,66666667;30,66666667;39;48,66666667;30,33333333;22;2016;;;;;;;;
4;21;6;30,66666667;39;48,66666667;30,33333333;22;9,333333333;2016;;;;;;;;
6;22;6;39;48,66666667;30,33333333;22;9,333333333;18;2016;;;;;;;;
7;23;6;48,66666667;30,33333333;22;9,333333333;18;20;2016;;;;;;;;
4;24;6;30,33333333;22;9,333333333;18;20;25;2016;;;;;;;;
8;25;6;22;9,333333333;18;20;25;27,66666667;2016;;;;;;;;
2;26;6;9,333333333;18;20;25;27,66666667;22,66666667;2016;;;;;;;;
4;27;6;18;20;25;27,66666667;22,66666667;17,33333333;2016;;;;;;;;
6;28;6;20;25;27,66666667;22,66666667;17,33333333;18,33333333;2016;;;;;;;;
1;29;6;25;27,66666667;22,66666667;17,33333333;18,33333333;27,66666667;2016;;;;;;;;
4;30;6;27,66666667;22,66666667;17,33333333;18,33333333;27,66666667;25,66666667;2016;;;;;;;;
5;1;7;22,66666667;17,33333333;18,33333333;27,66666667;25,66666667;29,66666667;2016;;;;;;;;
2;2;7;17,33333333;18,33333333;27,66666667;25,66666667;29,66666667;28;2016;;;;;;;;
3;3;7;18,33333333;27,66666667;25,66666667;29,66666667;28;31,66666667;2016;;;;;;;;
2;4;7;27,66666667;25,66666667;29,66666667;28;31,66666667;33;2016;;;;;;;;
4;5;7;25,66666667;29,66666667;28;31,66666667;33;25,66666667;2016;;;;;;;;
2;6;7;29,66666667;28;31,66666667;33;25,66666667;17;2016;;;;;;;;
2;7;7;28;31,66666667;33;25,66666667;17;21;2016;;;;;;;;
4;8;7;31,66666667;33;25,66666667;17;21;11;2016;;;;;;;;
4;9;7;33;25,66666667;17;21;11;14,66666667;2016;;;;;;;;
6;10;7;25,66666667;17;21;11;14,66666667;11;2016;;;;;;;;
5;11;7;17;21;11;14,66666667;11;20,33333333;2016;;;;;;;;
4;12;7;21;11;14,66666667;11;20,33333333;19,66666667;2016;;;;;;;;
9;13;7;11;14,66666667;11;20,33333333;19,66666667;32;2016;;;;;;;;
5;14;7;14,66666667;11;20,33333333;19,66666667;32;35,66666667;2016;;;;;;;;
11;15;7;11;20,33333333;19,66666667;32;35,66666667;29,66666667;2016;;;;;;;;
5;16;7;20,33333333;19,66666667;32;35,66666667;29,66666667;23;2016;;;;;;;;
2;17;7;19,66666667;32;35,66666667;29,66666667;23;21;2016;;;;;;;;
3;18;7;32;35,66666667;29,66666667;23;21;20,66666667;2016;;;;;;;;
2;19;7;35,66666667;29,66666667;23;21;20,66666667;29;2016;;;;;;;;
3;20;7;29,66666667;23;21;20,66666667;29;20;2016;;;;;;;;
3;21;7;23;21;20,66666667;29;20;19,66666667;2016;;;;;;;;
5;22;7;21;20,66666667;29;20;19,66666667;24;2016;;;;;;;;
4;23;7;20,66666667;29;20;19,66666667;24;24,33333333;2016;;;;;;;;
4;24;7;29;20;19,66666667;24;24,33333333;20,66666667;2016;;;;;;;;
4;25;7;20;19,66666667;24;24,33333333;20,66666667;13;2016;;;;;;;;
2;26;7;19,66666667;24;24,33333333;20,66666667;13;14,33333333;2016;;;;;;;;
2;27;7;24;24,33333333;20,66666667;13;14,33333333;16,33333333;2016;;;;;;;;
2;28;7;24,33333333;20,66666667;13;14,33333333;16,33333333;21,66666667;2016;;;;;;;;
7;29;7;20,66666667;13;14,33333333;16,33333333;21,66666667;24,33333333;2016;;;;;;;;
6;30;7;13;14,33333333;16,33333333;21,66666667;24,33333333;7,333333333;2016;;;;;;;;
2;31;7;14,33333333;16,33333333;21,66666667;24,33333333;7,333333333;10,33333333;2016;;;;;;;;
4;1;8;16,33333333;21,66666667;24,33333333;7,333333333;10,33333333;14,33333333;2016;;;;;;;;
4;2;8;21,66666667;24,33333333;7,333333333;10,33333333;14,33333333;19,33333333;2016;;;;;;;;
3;3;8;24,33333333;7,333333333;10,33333333;14,33333333;19,33333333;21;2016;;;;;;;;
3;4;8;7,333333333;10,33333333;14,33333333;19,33333333;21;9;2016;;;;;;;;
4;5;8;10,33333333;14,33333333;19,33333333;21;9;8,333333333;2016;;;;;;;;
6;6;8;14,33333333;19,33333333;21;9;8,333333333;13,33333333;2016;;;;;;;;
4;7;8;19,33333333;21;9;8,333333333;13,33333333;16;2016;;;;;;;;
4;8;8;21;9;8,333333333;13,33333333;16;20,33333333;2016;;;;;;;;
2;9;8;9;8,333333333;13,33333333;16;20,33333333;18,33333333;2016;;;;;;;;
2;10;8;8,333333333;13,33333333;16;20,33333333;18,33333333;18;2016;;;;;;;;
2;11;8;13,33333333;16;20,33333333;18,33333333;18;16;2016;;;;;;;;
2;12;8;16;20,33333333;18,33333333;18;16;17,66666667;2016;;;;;;;;
1;13;8;20,33333333;18,33333333;18;16;17,66666667;19,33333333;2016;;;;;;;;
3;14;8;18,33333333;18;16;17,66666667;19,33333333;27,33333333;2016;;;;;;;;
3;15;8;18;16;17,66666667;19,33333333;27,33333333;17;2016;;;;;;;;
2;16;8;16;17,66666667;19,33333333;27,33333333;17;13;2016;;;;;;;;
3;17;8;17,66666667;19,33333333;27,33333333;17;13;21;2016;;;;;;;;
1;18;8;19,33333333;27,33333333;17;13;21;25,5;2016;;;;;;;;
1;19;8;27,33333333;17;13;21;25,5;26;2016;;;;;;;;
3;20;8;17;13;21;25,5;26;26,33333333;2016;;;;;;;;
2;21;8;13;21;25,5;26;26,33333333;27,33333333;2016;;;;;;;;
4;22;8;21;25,5;26;26,33333333;27,33333333;27,33333333;2016;;;;;;;;
3;23;8;25,5;26;26,33333333;27,33333333;27,33333333;23,33333333;2016;;;;;;;;
1;24;8;26;26,33333333;27,33333333;27,33333333;23,33333333;18,33333333;2016;;;;;;;;
4;25;8;26,33333333;27,33333333;27,33333333;23,33333333;18,33333333;23;2016;;;;;;;;
2;26;8;27,33333333;27,33333333;23,33333333;18,33333333;23;32,66666667;2016;;;;;;;;
1;27;8;27,33333333;23,33333333;18,33333333;23;32,66666667;35;2016;;;;;;;;
3;28;8;23,33333333;18,33333333;23;32,66666667;35;35;2016;;;;;;;;
3;29;8;18,33333333;23;32,66666667;35;35;32,66666667;2016;;;;;;;;
2;30;8;23;32,66666667;35;35;32,66666667;22,66666667;2016;;;;;;;;
5;31;8;32,66666667;35;35;32,66666667;22,66666667;25,66666667;2016;;;;;;;;
8;1;9;35;35;32,66666667;22,66666667;25,66666667;20;2016;;;;;;;;
6;2;9;35;32,66666667;22,66666667;25,66666667;20;37,5;2016;;;;;;;;
3;3;9;32,66666667;22,66666667;25,66666667;20;37,5;50;2016;;;;;;;;
4;4;9;22,66666667;25,66666667;20;37,5;50;34,66666667;2016;;;;;;;;
5;5;9;25,66666667;20;37,5;50;34,66666667;28,33333333;2016;;;;;;;;
3;6;9;20;37,5;50;34,66666667;28,33333333;35;2016;;;;;;;;
6;7;9;37,5;50;34,66666667;28,33333333;35;44;2016;;;;;;;;
4;8;9;50;34,66666667;28,33333333;35;44;47,33333333;2016;;;;;;;;
4;9;9;34,66666667;28,33333333;35;44;47,33333333;40,33333333;2016;;;;;;;;
5;10;9;28,33333333;35;44;47,33333333;40,33333333;23,66666667;2016;;;;;;;;
3;11;9;35;44;47,33333333;40,33333333;23,66666667;18,66666667;2016;;;;;;;;
5;12;9;44;47,33333333;40,33333333;23,66666667;18,66666667;18,33333333;2016;;;;;;;;
4;13;9;47,33333333;40,33333333;23,66666667;18,66666667;18,33333333;17;2016;;;;;;;;
6;14;9;40,33333333;23,66666667;18,66666667;18,33333333;17;21,66666667;2016;;;;;;;;
3;15;9;23,66666667;18,66666667;18,33333333;17;21,66666667;20;2016;;;;;;;;
6;16;9;18,66666667;18,33333333;17;21,66666667;20;29,5;2016;;;;;;;;
1;17;9;18,33333333;17;21,66666667;20;29,5;39,66666667;2016;;;;;;;;
5;18;9;17;21,66666667;20;29,5;39,66666667;25,33333333;2016;;;;;;;;
3;19;9;21,66666667;20;29,5;39,66666667;25,33333333;34,33333333;2016;;;;;;;;
4;20;9;20;29,5;39,66666667;25,33333333;34,33333333;45;2016;;;;;;;;
3;21;9;29,5;39,66666667;25,33333333;34,33333333;45;45,66666667;2016;;;;;;;;
4;22;9;39,66666667;25,33333333;34,33333333;45;45,66666667;54;2016;;;;;;;;
3;23;9;25,33333333;34,33333333;45;45,66666667;54;57,33333333;2016;;;;;;;;
6;24;9;34,33333333;45;45,66666667;54;57,33333333;32,33333333;2016;;;;;;;;
7;25;9;45;45,66666667;54;57,33333333;32,33333333;23;2016;;;;;;;;
5;26;9;45,66666667;54;57,33333333;32,33333333;23;27,66666667;2016;;;;;;;;
2;27;9;54;57,33333333;32,33333333;23;27,66666667;24,33333333;2016;;;;;;;;
4;28;9;57,33333333;32,33333333;23;27,66666667;24,33333333;27,66666667;2016;;;;;;;;
5;29;9;32,33333333;23;27,66666667;24,33333333;27,66666667;34,66666667;2016;;;;;;;;
2;30;9;23;27,66666667;24,33333333;27,66666667;34,66666667;18,66666667;2016;;;;;;;;
3;1;10;27,66666667;24,33333333;27,66666667;34,66666667;18,66666667;41,33333333;2016;;;;;;;;
2;2;10;24,33333333;27,66666667;34,66666667;18,66666667;41,33333333;37,33333333;2016;;;;;;;;
6;3;10;27,66666667;34,66666667;18,66666667;41,33333333;37,33333333;18,33333333;2016;;;;;;;;
3;4;10;34,66666667;18,66666667;41,33333333;37,33333333;18,33333333;12;2016;;;;;;;;
4;5;10;18,66666667;41,33333333;37,33333333;18,33333333;12;18,66666667;2016;;;;;;;;
1;6;10;41,33333333;37,33333333;18,33333333;12;18,66666667;30,66666667;2016;;;;;;;;
3;7;10;37,33333333;18,33333333;12;18,66666667;30,66666667;31,33333333;2016;;;;;;;;
3;8;10;18,33333333;12;18,66666667;30,66666667;31,33333333;11,5;2016;;;;;;;;
6;9;10;12;18,66666667;30,66666667;31,33333333;11,5;19,5;2016;;;;;;;;
6;10;10;18,66666667;30,66666667;31,33333333;11,5;19,5;24,5;2016;;;;;;;;
7;11;10;30,66666667;31,33333333;11,5;19,5;24,5;49,5;2016;;;;;;;;
3;12;10;31,33333333;11,5;19,5;24,5;49,5;50;2016;;;;;;;;
13;13;10;11,5;19,5;24,5;49,5;50;60,33333333;2016;;;;;;;;
6;14;10;19,5;24,5;49,5;50;60,33333333;42,66666667;2016;;;;;;;;
6;15;10;24,5;49,5;50;60,33333333;42,66666667;23,66666667;2016;;;;;;;;
7;16;10;49,5;50;60,33333333;42,66666667;23,66666667;39,33333333;2016;;;;;;;;
7;17;10;50;60,33333333;42,66666667;23,66666667;39,33333333;35;2016;;;;;;;;
4;18;10;60,33333333;42,66666667;23,66666667;39,33333333;35;33;2016;;;;;;;;
8;19;10;42,66666667;23,66666667;39,33333333;35;33;31;2016;;;;;;;;
6;20;10;23,66666667;39,33333333;35;33;31;31;2016;;;;;;;;
3;21;10;39,33333333;35;33;31;31;26,5;2016;;;;;;;;
6;22;10;35;33;31;31;26,5;42,66666667;2016;;;;;;;;
3;23;10;33;31;31;26,5;42,66666667;54,66666667;2016;;;;;;;;
8;24;10;31;31;26,5;42,66666667;54,66666667;70,33333333;2016;;;;;;;;
2;25;10;31;26,5;42,66666667;54,66666667;70,33333333;60;2016;;;;;;;;
3;26;10;26,5;42,66666667;54,66666667;70,33333333;60;55;2016;;;;;;;;
6;27;10;42,66666667;54,66666667;70,33333333;60;55;55;2016;;;;;;;;
3;28;10;54,66666667;70,33333333;60;55;55;65,33333333;2016;;;;;;;;
3;29;10;70,33333333;60;55;55;65,33333333;33;2016;;;;;;;;
8;30;10;60;55;55;65,33333333;33;29,66666667;2016;;;;;;;;
8;31;10;55;55;65,33333333;33;29,66666667;27,66666667;2016;;;;;;;;
4;1;11;55;65,33333333;33;29,66666667;27,66666667;23,5;2016;;;;;;;;
6;2;11;65,33333333;33;29,66666667;27,66666667;23,5;30,66666667;2016;;;;;;;;
6;3;11;33;29,66666667;27,66666667;23,5;30,66666667;42;2016;;;;;;;;
4;4;11;29,66666667;27,66666667;23,5;30,66666667;42;59,5;2016;;;;;;;;
6;5;11;27,66666667;23,5;30,66666667;42;59,5;59,33333333;2016;;;;;;;;
5;6;11;23,5;30,66666667;42;59,5;59,33333333;41;2016;;;;;;;;
6;7;11;30,66666667;42;59,5;59,33333333;41;38;2016;;;;;;;;
5;8;11;42;59,5;59,33333333;41;38;30,33333333;2016;;;;;;;;
5;9;11;59,5;59,33333333;41;38;30,33333333;42,66666667;2016;;;;;;;;
3;10;11;59,33333333;41;38;30,33333333;42,66666667;76,33333333;2016;;;;;;;;
5;11;11;41;38;30,33333333;42,66666667;76,33333333;115;2016;;;;;;;;
5;12;11;38;30,33333333;42,66666667;76,33333333;115;91;2016;;;;;;;;
8;13;11;30,33333333;42,66666667;76,33333333;115;91;71;2016;;;;;;;;
7;14;11;42,66666667;76,33333333;115;91;71;46;2016;;;;;;;;
6;15;11;76,33333333;115;91;71;46;25,33333333;2016;;;;;;;;
7;16;11;115;91;71;46;25,33333333;20,66666667;2016;;;;;;;;
6;17;11;91;71;46;25,33333333;20,66666667;44;2016;;;;;;;;
2;18;11;71;46;25,33333333;20,66666667;44;31,33333333;2016;;;;;;;;
3;19;11;46;25,33333333;20,66666667;44;31,33333333;21,33333333;2016;;;;;;;;
6;20;11;25,33333333;20,66666667;44;31,33333333;21,33333333;17;2016;;;;;;;;
7;21;11;20,66666667;44;31,33333333;21,33333333;17;39;2016;;;;;;;;
2;22;11;44;31,33333333;21,33333333;17;39;38,33333333;2016;;;;;;;;
6;23;11;31,33333333;21,33333333;17;39;38,33333333;22,33333333;2016;;;;;;;;
6;24;11;21,33333333;17;39;38,33333333;22,33333333;34,66666667;2016;;;;;;;;
5;25;11;17;39;38,33333333;22,33333333;34,66666667;37;2016;;;;;;;;
6;26;11;39;38,33333333;22,33333333;34,66666667;37;43,66666667;2016;;;;;;;;
5;27;11;38,33333333;22,33333333;34,66666667;37;43,66666667;62;2016;;;;;;;;
5;28;11;22,33333333;34,66666667;37;43,66666667;62;69,66666667;2016;;;;;;;;
7;29;11;34,66666667;37;43,66666667;62;69,66666667;92;2016;;;;;;;;
0;30;11;37;43,66666667;62;69,66666667;92;94,66666667;2016;;;;;;;;
6;1;12;43,66666667;62;69,66666667;92;94,66666667;84,66666667;2016;;;;;;;;
4;2;12;62;69,66666667;92;94,66666667;84,66666667;86;2016;;;;;;;;
5;3;12;69,66666667;92;94,66666667;84,66666667;86;82;2016;;;;;;;;
3;4;12;92;94,66666667;84,66666667;86;82;93,33333333;2016;;;;;;;;
8;5;12;94,66666667;84,66666667;86;82;93,33333333;68,33333333;2016;;;;;;;;
5;6;12;84,66666667;86;82;93,33333333;68,33333333;77;2016;;;;;;;;
4;7;12;86;82;93,33333333;68,33333333;77;82;2016;;;;;;;;
2;8;12;82;93,33333333;68,33333333;77;82;63,33333333;2016;;;;;;;;
5;9;12;93,33333333;68,33333333;77;82;63,33333333;84,33333333;2016;;;;;;;;
6;10;12;68,33333333;77;82;63,33333333;84,33333333;79,33333333;2016;;;;;;;;
3;11;12;77;82;63,33333333;84,33333333;79,33333333;84;2016;;;;;;;;
7;12;12;82;63,33333333;84,33333333;79,33333333;84;55,33333333;2016;;;;;;;;
9;13;12;63,33333333;84,33333333;79,33333333;84;55,33333333;58,5;2016;;;;;;;;
5;14;12;84,33333333;79,33333333;84;55,33333333;58,5;43,33333333;2016;;;;;;;;
2;15;12;79,33333333;84;55,33333333;58,5;43,33333333;43,66666667;2016;;;;;;;;
5;16;12;84;55,33333333;58,5;43,33333333;43,66666667;63,66666667;2016;;;;;;;;
5;17;12;55,33333333;58,5;43,33333333;43,66666667;63,66666667;84,66666667;2016;;;;;;;;
7;18;12;58,5;43,33333333;43,66666667;63,66666667;84,66666667;55,66666667;2016;;;;;;;;
11;19;12;43,33333333;43,66666667;63,66666667;84,66666667;55,66666667;83;2016;;;;;;;;
13;20;12;43,66666667;63,66666667;84,66666667;55,66666667;83;82;2016;;;;;;;;
6;21;12;63,66666667;84,66666667;55,66666667;83;82;34;2016;;;;;;;;
1;22;12;84,66666667;55,66666667;83;82;34;44,33333333;2016;;;;;;;;
10;23;12;55,66666667;83;82;34;44,33333333;38,33333333;2016;;;;;;;;
5;24;12;83;82;34;44,33333333;38,33333333;69,66666667;2016;;;;;;;;
5;25;12;82;34;44,33333333;38,33333333;69,66666667;146,6666667;2016;;;;;;;;
6;26;12;34;44,33333333;38,33333333;69,66666667;146,6666667;;2016;;;;;;;;
8;27;12;44,33333333;38,33333333;69,66666667;146,6666667;;71;2016;;;;;;;;
5;28;12;38,33333333;69,66666667;146,6666667;;71;72;2016;;;;;;;;
6;29;12;69,66666667;146,6666667;;71;72;51;2016;;;;;;;;
9;30;12;146,6666667;;71;72;51;16,33333333;2016;;;;;;;;
5;31;12;;71;72;51;16,33333333;19,33333333;2016;;;;;;;;
6;1;1;71;72;51;16,33333333;19,33333333;41;2017;;;;;;;;
2;2;1;72;51;16,33333333;19,33333333;41;39,33333333;2017;;;;;;;;
13;3;1;51;16,33333333;19,33333333;41;39,33333333;77,66666667;2017;;;;;;;;
4;4;1;16,33333333;19,33333333;41;39,33333333;77,66666667;64,33333333;2017;;;;;;;;
6;5;1;19,33333333;41;39,33333333;77,66666667;64,33333333;48;2017;;;;;;;;
6;6;1;41;39,33333333;77,66666667;64,33333333;48;62,33333333;2017;;;;;;;;
7;7;1;39,33333333;77,66666667;64,33333333;48;62,33333333;34;2017;;;;;;;;
3;8;1;77,66666667;64,33333333;48;62,33333333;34;18,66666667;2017;;;;;;;;
5;9;1;64,33333333;48;62,33333333;34;18,66666667;33;2017;;;;;;;;
6;10;1;48;62,33333333;34;18,66666667;33;31;2017;;;;;;;;
7;11;1;62,33333333;34;18,66666667;33;31;38;2017;;;;;;;;
7;12;1;34;18,66666667;33;31;38;62;2017;;;;;;;;
7;13;1;18,66666667;33;31;38;62;59,5;2017;;;;;;;;
8;14;1;33;31;38;62;59,5;75,66666667;2017;;;;;;;;
3;15;1;31;38;62;59,5;75,66666667;93;2017;;;;;;;;
7;16;1;38;62;59,5;75,66666667;93;63,66666667;2017;;;;;;;;
8;17;1;62;59,5;75,66666667;93;63,66666667;66,66666667;2017;;;;;;;;
4;18;1;59,5;75,66666667;93;63,66666667;66,66666667;76;2017;;;;;;;;
5;19;1;75,66666667;93;63,66666667;66,66666667;76;59,66666667;2017;;;;;;;;
2;20;1;93;63,66666667;66,66666667;76;59,66666667;68;2017;;;;;;;;
9;21;1;63,66666667;66,66666667;76;59,66666667;68;72,66666667;2017;;;;;;;;
3;22;1;66,66666667;76;59,66666667;68;72,66666667;99,66666667;2017;;;;;;;;
6;23;1;76;59,66666667;68;72,66666667;99,66666667;132,6666667;2017;;;;;;;;
7;24;1;59,66666667;68;72,66666667;99,66666667;132,6666667;161;2017;;;;;;;;
4;25;1;68;72,66666667;99,66666667;132,6666667;161;158,3333333;2017;;;;;;;;
5;26;1;72,66666667;99,66666667;132,6666667;161;158,3333333;150,6666667;2017;;;;;;;;
4;27;1;99,66666667;132,6666667;161;158,3333333;150,6666667;125;2017;;;;;;;;
7;28;1;132,6666667;161;158,3333333;150,6666667;125;48,66666667;2017;;;;;;;;
2;29;1;161;158,3333333;150,6666667;125;48,66666667;35;2017;;;;;;;;
4;30;1;158,3333333;150,6666667;125;48,66666667;35;33,66666667;2017;;;;;;;;
5;31;1;150,6666667;125;48,66666667;35;33,66666667;39,5;2017;;;;;;;;
4;1;2;125;48,66666667;35;33,66666667;39,5;45;2017;;;;;;;;
7;2;2;48,66666667;35;33,66666667;39,5;45;39,5;2017;;;;;;;;
12;3;2;35;33,66666667;39,5;45;39,5;39,66666667;2017;;;;;;;;
2;4;2;33,66666667;39,5;45;39,5;39,66666667;36,66666667;2017;;;;;;;;
10;5;2;39,5;45;39,5;39,66666667;36,66666667;55,33333333;2017;;;;;;;;
7;6;2;45;39,5;39,66666667;36,66666667;55,33333333;51,66666667;2017;;;;;;;;
3;7;2;39,5;39,66666667;36,66666667;55,33333333;51,66666667;55,66666667;2017;;;;;;;;
2;8;2;39,66666667;36,66666667;55,33333333;51,66666667;55,66666667;46,33333333;2017;;;;;;;;
4;9;2;36,66666667;55,33333333;51,66666667;55,66666667;46,33333333;58,66666667;2017;;;;;;;;
5;10;2;55,33333333;51,66666667;55,66666667;46,33333333;58,66666667;67;2017;;;;;;;;
4;11;2;51,66666667;55,66666667;46,33333333;58,66666667;67;45,66666667;2017;;;;;;;;
6;12;2;55,66666667;46,33333333;58,66666667;67;45,66666667;96;2017;;;;;;;;
2;13;2;46,33333333;58,66666667;67;45,66666667;96;83,33333333;2017;;;;;;;;
3;14;2;58,66666667;67;45,66666667;96;83,33333333;82,5;2017;;;;;;;;
4;15;2;67;45,66666667;96;83,33333333;82,5;61,33333333;2017;;;;;;;;
4;16;2;45,66666667;96;83,33333333;82,5;61,33333333;92,33333333;2017;;;;;;;;
6;17;2;96;83,33333333;82,5;61,33333333;92,33333333;75;2017;;;;;;;;
11;18;2;83,33333333;82,5;61,33333333;92,33333333;75;87;2017;;;;;;;;
11;19;2;82,5;61,33333333;92,33333333;75;87;34,66666667;2017;;;;;;;;
7;20;2;61,33333333;92,33333333;75;87;34,66666667;45,33333333;2017;;;;;;;;
11;21;2;92,33333333;75;87;34,66666667;45,33333333;48,33333333;2017;;;;;;;;
4;22;2;75;87;34,66666667;45,33333333;48,33333333;49;2017;;;;;;;;
2;23;2;87;34,66666667;45,33333333;48,33333333;49;27,33333333;2017;;;;;;;;
3;24;2;34,66666667;45,33333333;48,33333333;49;27,33333333;42,33333333;2017;;;;;;;;
5;25;2;45,33333333;48,33333333;49;27,33333333;42,33333333;52,5;2017;;;;;;;;
1;26;2;48,33333333;49;27,33333333;42,33333333;52,5;33;2017;;;;;;;;
1;27;2;49;27,33333333;42,33333333;52,5;33;16,33333333;2017;;;;;;;;
2;28;2;27,33333333;42,33333333;52,5;33;16,33333333;30;2017;;;;;;;;
5;1;3;42,33333333;52,5;33;16,33333333;30;15,33333333;2017;;;;;;;;
6;2;3;52,5;33;16,33333333;30;15,33333333;24;2017;;;;;;;;
9;3;3;33;16,33333333;30;15,33333333;24;47,33333333;2017;;;;;;;;
6;4;3;16,33333333;30;15,33333333;24;47,33333333;40;2017;;;;;;;;
6;5;3;30;15,33333333;24;47,33333333;40;23,5;2017;;;;;;;;
4;6;3;15,33333333;24;47,33333333;40;23,5;23,66666667;2017;;;;;;;;
7;7;3;24;47,33333333;40;23,5;23,66666667;35;2017;;;;;;;;
3;8;3;47,33333333;40;23,5;23,66666667;35;62;2017;;;;;;;;
6;9;3;40;23,5;23,66666667;35;62;81,66666667;2017;;;;;;;;
6;10;3;23,5;23,66666667;35;62;81,66666667;116,3333333;2017;;;;;;;;
6;11;3;23,66666667;35;62;81,66666667;116,3333333;111,5;2017;;;;;;;;
4;12;3;35;62;81,66666667;116,3333333;111,5;36,66666667;2017;;;;;;;;
4;13;3;62;81,66666667;116,3333333;111,5;36,66666667;44;2017;;;;;;;;
5;14;3;81,66666667;116,3333333;111,5;36,66666667;44;81,5;2017;;;;;;;;
3;15;3;116,3333333;111,5;36,66666667;44;81,5;96,5;2017;;;;;;;;
3;16;3;111,5;36,66666667;44;81,5;96,5;63;2017;;;;;;;;
8;17;3;36,66666667;44;81,5;96,5;63;44,5;2017;;;;;;;;
4;18;3;44;81,5;96,5;63;44,5;31,5;2017;;;;;;;;
5;19;3;81,5;96,5;63;44,5;31,5;46,5;2017;;;;;;;;
7;20;3;96,5;63;44,5;31,5;46,5;16;2017;;;;;;;;
3;21;3;63;44,5;31,5;46,5;16;29,5;2017;;;;;;;;
4;22;3;44,5;31,5;46,5;16;29,5;41;2017;;;;;;;;
2;23;3;31,5;46,5;16;29,5;41;44,66666667;2017;;;;;;;;
2;24;3;46,5;16;29,5;41;44,66666667;49,33333333;2017;;;;;;;;
7;25;3;16;29,5;41;44,66666667;49,33333333;52;2017;;;;;;;;
5;26;3;29,5;41;44,66666667;49,33333333;52;32,33333333;2017;;;;;;;;
4;27;3;41;44,66666667;49,33333333;52;32,33333333;33,5;2017;;;;;;;;
5;28;3;44,66666667;49,33333333;52;32,33333333;33,5;36,33333333;2017;;;;;;;;
10;29;3;49,33333333;52;32,33333333;33,5;36,33333333;35,33333333;2017;;;;;;;;
5;30;3;52;32,33333333;33,5;36,33333333;35,33333333;19;2017;;;;;;;;
7;31;3;32,33333333;33,5;36,33333333;35,33333333;19;28;2017;;;;;;;;
2;1;4;33,5;36,33333333;35,33333333;19;28;39,66666667;2017;;;;;;;;
1;2;4;36,33333333;35,33333333;19;28;39,66666667;44,66666667;2017;;;;;;;;
8;3;4;35,33333333;19;28;39,66666667;44,66666667;46,66666667;2017;;;;;;;;
7;4;4;19;28;39,66666667;44,66666667;46,66666667;37,66666667;2017;;;;;;;;
5;5;4;28;39,66666667;44,66666667;46,66666667;37,66666667;36,33333333;2017;;;;;;;;
6;6;4;39,66666667;44,66666667;46,66666667;37,66666667;36,33333333;35;2017;;;;;;;;
10;7;4;44,66666667;46,66666667;37,66666667;36,33333333;35;32,33333333;2017;;;;;;;;
8;8;4;46,66666667;37,66666667;36,33333333;35;32,33333333;29,66666667;2017;;;;;;;;
4;9;4;37,66666667;36,33333333;35;32,33333333;29,66666667;28,33333333;2017;;;;;;;;
3;10;4;36,33333333;35;32,33333333;29,66666667;28,33333333;18,33333333;2017;;;;;;;;
6;11;4;35;32,33333333;29,66666667;28,33333333;18,33333333;14,66666667;2017;;;;;;;;
6;12;4;32,33333333;29,66666667;28,33333333;18,33333333;14,66666667;24,66666667;2017;;;;;;;;
2;13;4;29,66666667;28,33333333;18,33333333;14,66666667;24,66666667;14;2017;;;;;;;;
1;14;4;28,33333333;18,33333333;14,66666667;24,66666667;14;16;2017;;;;;;;;
1;15;4;18,33333333;14,66666667;24,66666667;14;16;27,5;2017;;;;;;;;
2;16;4;14,66666667;24,66666667;14;16;27,5;29;2017;;;;;;;;
4;17;4;24,66666667;14;16;27,5;29;24,33333333;2017;;;;;;;;
2;18;4;14;16;27,5;29;24,33333333;31,66666667;2017;;;;;;;;
5;19;4;16;27,5;29;24,33333333;31,66666667;35;2017;;;;;;;;
8;20;4;27,5;29;24,33333333;31,66666667;35;17,33333333;2017;;;;;;;;
5;21;4;29;24,33333333;31,66666667;35;17,33333333;17,66666667;2017;;;;;;;;
2;22;4;24,33333333;31,66666667;35;17,33333333;17,66666667;9,666666667;2017;;;;;;;;
6;23;4;31,66666667;35;17,33333333;17,66666667;9,666666667;18,66666667;2017;;;;;;;;
5;24;4;35;17,33333333;17,66666667;9,666666667;18,66666667;18,66666667;2017;;;;;;;;
5;25;4;17,33333333;17,66666667;9,666666667;18,66666667;18,66666667;19,33333333;2017;;;;;;;;
6;26;4;17,66666667;9,666666667;18,66666667;18,66666667;19,33333333;13;2017;;;;;;;;
7;27;4;9,666666667;18,66666667;18,66666667;19,33333333;13;12;2017;;;;;;;;
8;28;4;18,66666667;18,66666667;19,33333333;13;12;16,66666667;2017;;;;;;;;
3;29;4;18,66666667;19,33333333;13;12;16,66666667;21,66666667;2017;;;;;;;;
4;30;4;19,33333333;13;12;16,66666667;21,66666667;27,33333333;2017;;;;;;;;
3;1;5;13;12;16,66666667;21,66666667;27,33333333;19;2017;;;;;;;;
7;2;5;12;16,66666667;21,66666667;27,33333333;19;16,66666667;2017;;;;;;;;
8;3;5;16,66666667;21,66666667;27,33333333;19;16,66666667;12,66666667;2017;;;;;;;;
5;4;5;21,66666667;27,33333333;19;16,66666667;12,66666667;21,33333333;2017;;;;;;;;
11;5;5;27,33333333;19;16,66666667;12,66666667;21,33333333;26;2017;;;;;;;;
9;6;5;19;16,66666667;12,66666667;21,33333333;26;25;2017;;;;;;;;
6;7;5;16,66666667;12,66666667;21,33333333;26;25;15,66666667;2017;;;;;;;;
7;8;5;12,66666667;21,33333333;26;25;15,66666667;19;2017;;;;;;;;
4;9;5;21,33333333;26;25;15,66666667;19;16,66666667;2017;;;;;;;;
2;10;5;26;25;15,66666667;19;16,66666667;17,33333333;2017;;;;;;;;
2;11;5;25;15,66666667;19;16,66666667;17,33333333;25,33333333;2017;;;;;;;;
10;12;5;15,66666667;19;16,66666667;17,33333333;25,33333333;25,33333333;2017;;;;;;;;
5;13;5;19;16,66666667;17,33333333;25,33333333;25,33333333;24;2017;;;;;;;;
3;14;5;16,66666667;17,33333333;25,33333333;25,33333333;24;11,66666667;2017;;;;;;;;
5;15;5;17,33333333;25,33333333;25,33333333;24;11,66666667;13,66666667;2017;;;;;;;;
6;16;5;25,33333333;25,33333333;24;11,66666667;13,66666667;18,66666667;2017;;;;;;;;
5;17;5;25,33333333;24;11,66666667;13,66666667;18,66666667;20,66666667;2017;;;;;;;;
4;18;5;24;11,66666667;13,66666667;18,66666667;20,66666667;26;2017;;;;;;;;
4;19;5;11,66666667;13,66666667;18,66666667;20,66666667;26;30,66666667;2017;;;;;;;;
2;20;5;13,66666667;18,66666667;20,66666667;26;30,66666667;19,66666667;2017;;;;;;;;
0;21;5;18,66666667;20,66666667;26;30,66666667;19,66666667;25,66666667;2017;;;;;;;;
5;22;5;20,66666667;26;30,66666667;19,66666667;25,66666667;24;2017;;;;;;;;
4;23;5;26;30,66666667;19,66666667;25,66666667;24;26,33333333;2017;;;;;;;;
3;24;5;30,66666667;19,66666667;25,66666667;24;26,33333333;24;2017;;;;;;;;
4;25;5;19,66666667;25,66666667;24;26,33333333;24;20,66666667;2017;;;;;;;;
5;26;5;25,66666667;24;26,33333333;24;20,66666667;22,33333333;2017;;;;;;;;
6;27;5;24;26,33333333;24;20,66666667;22,33333333;16,33333333;2017;;;;;;;;
5;28;5;26,33333333;24;20,66666667;22,33333333;16,33333333;20,66666667;2017;;;;;;;;
6;29;5;24;20,66666667;22,33333333;16,33333333;20,66666667;17,33333333;2017;;;;;;;;
8;30;5;20,66666667;22,33333333;16,33333333;20,66666667;17,33333333;19,66666667;2017;;;;;;;;
5;31;5;22,33333333;16,33333333;20,66666667;17,33333333;19,66666667;19;2017;;;;;;;;
2;1;6;16,33333333;20,66666667;17,33333333;19,66666667;19;12,66666667;2017;;;;;;;;
1;2;6;20,66666667;17,33333333;19,66666667;19;12,66666667;20;2017;;;;;;;;
2;3;6;17,33333333;19,66666667;19;12,66666667;20;37;2017;;;;;;;;
3;4;6;19,66666667;19;12,66666667;20;37;43;2017;;;;;;;;
3;5;6;19;12,66666667;20;37;43;36,5;2017;;;;;;;;
7;6;6;12,66666667;20;37;43;36,5;31;2017;;;;;;;;
6;7;6;20;37;43;36,5;31;29,33333333;2017;;;;;;;;
6;8;6;37;43;36,5;31;29,33333333;34;2017;;;;;;;;
2;9;6;43;36,5;31;29,33333333;34;30,66666667;2017;;;;;;;;
3;10;6;36,5;31;29,33333333;34;30,66666667;22;2017;;;;;;;;
7;11;6;31;29,33333333;34;30,66666667;22;23,66666667;2017;;;;;;;;
4;12;6;29,33333333;34;30,66666667;22;23,66666667;16,33333333;2017;;;;;;;;
3;13;6;34;30,66666667;22;23,66666667;16,33333333;19,66666667;2017;;;;;;;;
3;14;6;30,66666667;22;23,66666667;16,33333333;19,66666667;25,5;2017;;;;;;;;
5;15;6;22;23,66666667;16,33333333;19,66666667;25,5;22,66666667;2017;;;;;;;;
2;16;6;23,66666667;16,33333333;19,66666667;25,5;22,66666667;28;2017;;;;;;;;
1;17;6;16,33333333;19,66666667;25,5;22,66666667;28;27;2017;;;;;;;;
3;18;6;19,66666667;25,5;22,66666667;28;27;27,66666667;2017;;;;;;;;
0;19;6;25,5;22,66666667;28;27;27,66666667;18,33333333;2017;;;;;;;;
3;20;6;22,66666667;28;27;27,66666667;18,33333333;19;2017;;;;;;;;
7;21;6;28;27;27,66666667;18,33333333;19;18;2017;;;;;;;;
7;22;6;27;27,66666667;18,33333333;19;18;22;2017;;;;;;;;
8;23;6;27,66666667;18,33333333;19;18;22;16,5;2017;;;;;;;;
5;24;6;18,33333333;19;18;22;16,5;13;2017;;;;;;;;
5;25;6;19;18;22;16,5;13;15;2017;;;;;;;;
1;26;6;18;22;16,5;13;15;10,66666667;2017;;;;;;;;
4;27;6;22;16,5;13;15;10,66666667;14;2017;;;;;;;;
2;28;6;16,5;13;15;10,66666667;14;18;2017;;;;;;;;
3;29;6;13;15;10,66666667;14;18;23;2017;;;;;;;;
2;30;6;15;10,66666667;14;18;23;21;2017;;;;;;;;
4;1;7;10,66666667;14;18;23;21;20,66666667;2017;;;;;;;;
4;2;7;14;18;23;21;20,66666667;25,33333333;2017;;;;;;;;
6;3;7;18;23;21;20,66666667;25,33333333;22,66666667;2017;;;;;;;;
8;4;7;23;21;20,66666667;25,33333333;22,66666667;25;2017;;;;;;;;
2;5;7;21;20,66666667;25,33333333;22,66666667;25;20;2017;;;;;;;;
2;6;7;20,66666667;25,33333333;22,66666667;25;20;24,33333333;2017;;;;;;;;
6;7;7;25,33333333;22,66666667;25;20;24,33333333;28,33333333;2017;;;;;;;;
3;8;7;22,66666667;25;20;24,33333333;28,33333333;14,66666667;2017;;;;;;;;
5;9;7;25;20;24,33333333;28,33333333;14,66666667;16;2017;;;;;;;;
3;10;7;20;24,33333333;28,33333333;14,66666667;16;11,33333333;2017;;;;;;;;
4;11;7;24,33333333;28,33333333;14,66666667;16;11,33333333;14;2017;;;;;;;;
5;12;7;28,33333333;14,66666667;16;11,33333333;14;20,33333333;2017;;;;;;;;
2;13;7;14,66666667;16;11,33333333;14;20,33333333;24;2017;;;;;;;;
4;14;7;16;11,33333333;14;20,33333333;24;23;2017;;;;;;;;
5;15;7;11,33333333;14;20,33333333;24;23;27;2017;;;;;;;;
4;16;7;14;20,33333333;24;23;27;18;2017;;;;;;;;
3;17;7;20,33333333;24;23;27;18;19,33333333;2017;;;;;;;;
5;18;7;24;23;27;18;19,33333333;18,33333333;2017;;;;;;;;
6;19;7;23;27;18;19,33333333;18,33333333;12;2017;;;;;;;;
3;20;7;27;18;19,33333333;18,33333333;12;12,33333333;2017;;;;;;;;
4;21;7;18;19,33333333;18,33333333;12;12,33333333;18;2017;;;;;;;;
6;22;7;19,33333333;18,33333333;12;12,33333333;18;26;2017;;;;;;;;
2;23;7;18,33333333;12;12,33333333;18;26;29,33333333;2017;;;;;;;;
2;24;7;12;12,33333333;18;26;29,33333333;12;2017;;;;;;;;
4;25;7;12,33333333;18;26;29,33333333;12;21;2017;;;;;;;;
3;26;7;18;26;29,33333333;12;21;31,5;2017;;;;;;;;
6;27;7;26;29,33333333;12;21;31,5;17;2017;;;;;;;;
4;28;7;29,33333333;12;21;31,5;17;38;2017;;;;;;;;
5;29;7;12;21;31,5;17;38;36,33333333;2017;;;;;;;;
7;30;7;21;31,5;17;38;36,33333333;40,33333333;2017;;;;;;;;
2;31;7;31,5;17;38;36,33333333;40,33333333;24,66666667;2017;;;;;;;;
3;1;8;17;38;36,33333333;40,33333333;24,66666667;10,66666667;2017;;;;;;;;
3;2;8;38;36,33333333;40,33333333;24,66666667;10,66666667;19,33333333;2017;;;;;;;;
4;3;8;36,33333333;40,33333333;24,66666667;10,66666667;19,33333333;20,66666667;2017;;;;;;;;
2;4;8;40,33333333;24,66666667;10,66666667;19,33333333;20,66666667;21,66666667;2017;;;;;;;;
3;5;8;24,66666667;10,66666667;19,33333333;20,66666667;21,66666667;10,66666667;2017;;;;;;;;
1;6;8;10,66666667;19,33333333;20,66666667;21,66666667;10,66666667;5;2017;;;;;;;;
1;7;8;19,33333333;20,66666667;21,66666667;10,66666667;5;10,33333333;2017;;;;;;;;
4;8;8;20,66666667;21,66666667;10,66666667;5;10,33333333;13,33333333;2017;;;;;;;;
4;9;8;21,66666667;10,66666667;5;10,33333333;13,33333333;14,66666667;2017;;;;;;;;
1;10;8;10,66666667;5;10,33333333;13,33333333;14,66666667;20;2017;;;;;;;;
2;11;8;5;10,33333333;13,33333333;14,66666667;20;21,66666667;2017;;;;;;;;
2;12;8;10,33333333;13,33333333;14,66666667;20;21,66666667;24,66666667;2017;;;;;;;;
1;13;8;13,33333333;14,66666667;20;21,66666667;24,66666667;16;2017;;;;;;;;
1;14;8;14,66666667;20;21,66666667;24,66666667;16;9,666666667;2017;;;;;;;;
4;15;8;20;21,66666667;24,66666667;16;9,666666667;13,33333333;2017;;;;;;;;
2;16;8;21,66666667;24,66666667;16;9,666666667;13,33333333;18,33333333;2017;;;;;;;;
0;17;8;24,66666667;16;9,666666667;13,33333333;18,33333333;25;2017;;;;;;;;
1;18;8;16;9,666666667;13,33333333;18,33333333;25;27,66666667;2017;;;;;;;;
1;19;8;9,666666667;13,33333333;18,33333333;25;27,66666667;29,33333333;2017;;;;;;;;
2;20;8;13,33333333;18,33333333;25;27,66666667;29,33333333;33,33333333;2017;;;;;;;;
5;21;8;18,33333333;25;27,66666667;29,33333333;33,33333333;29,33333333;2017;;;;;;;;
1;22;8;25;27,66666667;29,33333333;33,33333333;29,33333333;34,33333333;2017;;;;;;;;
5;23;8;27,66666667;29,33333333;33,33333333;29,33333333;34,33333333;25;2017;;;;;;;;
4;24;8;29,33333333;33,33333333;29,33333333;34,33333333;25;30,66666667;2017;;;;;;;;
3;25;8;33,33333333;29,33333333;34,33333333;25;30,66666667;27;2017;;;;;;;;
4;26;8;29,33333333;34,33333333;25;30,66666667;27;19,66666667;2017;;;;;;;;
2;27;8;34,33333333;25;30,66666667;27;19,66666667;8;2017;;;;;;;;
2;28;8;25;30,66666667;27;19,66666667;8;11,33333333;2017;;;;;;;;
4;29;8;30,66666667;27;19,66666667;8;11,33333333;14,33333333;2017;;;;;;;;
0;30;8;27;19,66666667;8;11,33333333;14,33333333;23,33333333;2017;;;;;;;;
5;31;8;19,66666667;8;11,33333333;14,33333333;23,33333333;25;2017;;;;;;;;
3;1;9;8;11,33333333;14,33333333;23,33333333;25;24;2017;;;;;;;;
4;2;9;11,33333333;14,33333333;23,33333333;25;24;16,33333333;2017;;;;;;;;
3;3;9;14,33333333;23,33333333;25;24;16,33333333;18;2017;;;;;;;;
2;4;9;23,33333333;25;24;16,33333333;18;8;2017;;;;;;;;
7;5;9;25;24;16,33333333;18;8;15,5;2017;;;;;;;;
2;6;9;24;16,33333333;18;8;15,5;18;2017;;;;;;;;
3;7;9;16,33333333;18;8;15,5;18;18,66666667;2017;;;;;;;;
2;8;9;18;8;15,5;18;18,66666667;24;2017;;;;;;;;
5;9;9;8;15,5;18;18,66666667;24;18,66666667;2017;;;;;;;;
4;10;9;15,5;18;18,66666667;24;18,66666667;10,33333333;2017;;;;;;;;
4;11;9;18;18,66666667;24;18,66666667;10,33333333;8,5;2017;;;;;;;;
7;12;9;18,66666667;24;18,66666667;10,33333333;8,5;16;2017;;;;;;;;
0;13;9;24;18,66666667;10,33333333;8,5;16;19,33333333;2017;;;;;;;;
5;14;9;18,66666667;10,33333333;8,5;16;19,33333333;19;2017;;;;;;;;
7;15;9;10,33333333;8,5;16;19,33333333;19;19,66666667;2017;;;;;;;;
3;16;9;8,5;16;19,33333333;19;19,66666667;24,33333333;2017;;;;;;;;
8;17;9;16;19,33333333;19;19,66666667;24,33333333;23,66666667;2017;;;;;;;;
4;18;9;19,33333333;19;19,66666667;24,33333333;23,66666667;19,33333333;2017;;;;;;;;
11;19;9;19;19,66666667;24,33333333;23,66666667;19,33333333;19;2017;;;;;;;;
7;20;9;19,66666667;24,33333333;23,66666667;19,33333333;19;29,33333333;2017;;;;;;;;
5;21;9;24,33333333;23,66666667;19,33333333;19;29,33333333;42,66666667;2017;;;;;;;;
4;22;9;23,66666667;19,33333333;19;29,33333333;42,66666667;54;2017;;;;;;;;
4;23;9;19,33333333;19;29,33333333;42,66666667;54;47,66666667;2017;;;;;;;;
2;24;9;19;29,33333333;42,66666667;54;47,66666667;40,33333333;2017;;;;;;;;
2;25;9;29,33333333;42,66666667;54;47,66666667;40,33333333;32;2017;;;;;;;;
4;26;9;42,66666667;54;47,66666667;40,33333333;32;49,66666667;2017;;;;;;;;
1;27;9;54;47,66666667;40,33333333;32;49,66666667;65,5;2017;;;;;;;;
7;28;9;47,66666667;40,33333333;32;49,66666667;65,5;83;2017;;;;;;;;
6;29;9;40,33333333;32;49,66666667;65,5;83;38;2017;;;;;;;;
1;30;9;32;49,66666667;65,5;83;38;33,5;2017;;;;;;;;
3;1;10;49,66666667;65,5;83;38;33,5;21;2017;;;;;;;;
4;2;10;65,5;83;38;33,5;21;23;2017;;;;;;;;
7;3;10;83;38;33,5;21;23;37,33333333;2017;;;;;;;;
3;4;10;38;33,5;21;23;37,33333333;54,33333333;2017;;;;;;;;
3;5;10;33,5;21;23;37,33333333;54,33333333;65;2017;;;;;;;;
3;6;10;21;23;37,33333333;54,33333333;65;76,33333333;2017;;;;;;;;
5;7;10;23;37,33333333;54,33333333;65;76,33333333;76,66666667;2017;;;;;;;;
3;8;10;37,33333333;54,33333333;65;76,33333333;76,66666667;87,66666667;2017;;;;;;;;
4;9;10;54,33333333;65;76,33333333;76,66666667;87,66666667;84,33333333;2017;;;;;;;;
5;10;10;65;76,33333333;76,66666667;87,66666667;84,33333333;81,33333333;2017;;;;;;;;
3;11;10;76,33333333;76,66666667;87,66666667;84,33333333;81,33333333;95,33333333;2017;;;;;;;;
9;12;10;76,66666667;87,66666667;84,33333333;81,33333333;95,33333333;104,6666667;2017;;;;;;;;
3;13;10;87,66666667;84,33333333;81,33333333;95,33333333;104,6666667;94,33333333;2017;;;;;;;;
1;14;10;84,33333333;81,33333333;95,33333333;104,6666667;94,33333333;93,66666667;2017;;;;;;;;
3;15;10;81,33333333;95,33333333;104,6666667;94,33333333;93,66666667;122,3333333;2017;;;;;;;;
3;16;10;95,33333333;104,6666667;94,33333333;93,66666667;122,3333333;78,66666667;2017;;;;;;;;
9;17;10;104,6666667;94,33333333;93,66666667;122,3333333;78,66666667;12;2017;;;;;;;;
8;18;10;94,33333333;93,66666667;122,3333333;78,66666667;12;44,33333333;2017;;;;;;;;
8;19;10;93,66666667;122,3333333;78,66666667;12;44,33333333;52,33333333;2017;;;;;;;;
3;20;10;122,3333333;78,66666667;12;44,33333333;52,33333333;79,66666667;2017;;;;;;;;
2;21;10;78,66666667;12;44,33333333;52,33333333;79,66666667;67,66666667;2017;;;;;;;;
3;22;10;12;44,33333333;52,33333333;79,66666667;67,66666667;78,66666667;2017;;;;;;;;
4;23;10;44,33333333;52,33333333;79,66666667;67,66666667;78,66666667;45,33333333;2017;;;;;;;;
2;24;10;52,33333333;79,66666667;67,66666667;78,66666667;45,33333333;55;2017;;;;;;;;
5;25;10;79,66666667;67,66666667;78,66666667;45,33333333;55;33;2017;;;;;;;;
3;26;10;67,66666667;78,66666667;45,33333333;55;33;50;2017;;;;;;;;
9;27;10;78,66666667;45,33333333;55;33;50;84,33333333;2017;;;;;;;;
5;28;10;45,33333333;55;33;50;84,33333333;80;2017;;;;;;;;
1;29;10;55;33;50;84,33333333;80;90,66666667;2017;;;;;;;;
3;30;10;33;50;84,33333333;80;90,66666667;;2017;;;;;;;;
3;31;10;50;84,33333333;80;90,66666667;;;2017;;;;;;;;
5;1;11;84,33333333;80;90,66666667;;;;2017;;;;;;;;
6;2;11;80;90,66666667;;;;;2017;;;;;;;;
4;3;11;90,66666667;;;;;;2017;;;;;;;;
8;4;11;;;;;;32;2017;;;;;;;;
2;5;11;;;;;32;45,66666667;2017;;;;;;;;
5;6;11;;;;32;45,66666667;41,66666667;2017;;;;;;;;
2;7;11;;;32;45,66666667;41,66666667;15;2017;;;;;;;;
6;8;11;;32;45,66666667;41,66666667;15;26,66666667;2017;;;;;;;;
4;9;11;32;45,66666667;41,66666667;15;26,66666667;40,66666667;2017;;;;;;;;
3;10;11;45,66666667;41,66666667;15;26,66666667;40,66666667;51,33333333;2017;;;;;;;;
3;11;11;41,66666667;15;26,66666667;40,66666667;51,33333333;77,66666667;2017;;;;;;;;
6;12;11;15;26,66666667;40,66666667;51,33333333;77,66666667;68;2017;;;;;;;;
4;13;11;26,66666667;40,66666667;51,33333333;77,66666667;68;56;2017;;;;;;;;
2;14;11;40,66666667;51,33333333;77,66666667;68;56;66,33333333;2017;;;;;;;;
5;15;11;51,33333333;77,66666667;68;56;66,33333333;60,33333333;2017;;;;;;;;
4;16;11;77,66666667;68;56;66,33333333;60,33333333;88;2017;;;;;;;;
4;17;11;68;56;66,33333333;60,33333333;88;96,33333333;2017;;;;;;;;
3;18;11;56;66,33333333;60,33333333;88;96,33333333;104,3333333;2017;;;;;;;;
2;19;11;66,33333333;60,33333333;88;96,33333333;104,3333333;52,33333333;2017;;;;;;;;
5;20;11;60,33333333;88;96,33333333;104,3333333;52,33333333;10,66666667;2017;;;;;;;;
7;21;11;88;96,33333333;104,3333333;52,33333333;10,66666667;35,66666667;2017;;;;;;;;
4;22;11;96,33333333;104,3333333;52,33333333;10,66666667;35,66666667;46;2017;;;;;;;;
5;23;11;104,3333333;52,33333333;10,66666667;35,66666667;46;46,66666667;2017;;;;;;;;
6;24;11;52,33333333;10,66666667;35,66666667;46;46,66666667;41;2017;;;;;;;;
5;25;11;10,66666667;35,66666667;46;46,66666667;41;29,66666667;2017;;;;;;;;
6;26;11;35,66666667;46;46,66666667;41;29,66666667;24,66666667;2017;;;;;;;;
4;27;11;46;46,66666667;41;29,66666667;24,66666667;44,33333333;2017;;;;;;;;
7;28;11;46,66666667;41;29,66666667;24,66666667;44,33333333;61,5;2017;;;;;;;;
5;29;11;41;29,66666667;24,66666667;44,33333333;61,5;82;2017;;;;;;;;
7;30;11;29,66666667;24,66666667;44,33333333;61,5;82;72;2017;;;;;;;;
2;1;12;24,66666667;44,33333333;61,5;82;72;62,33333333;2017;;;;;;;;
3;2;12;44,33333333;61,5;82;72;62,33333333;67;2017;;;;;;;;
5;3;12;61,5;82;72;62,33333333;67;12,33333333;2017;;;;;;;;
5;4;12;82;72;62,33333333;67;12,33333333;24;2017;;;;;;;;
5;5;12;72;62,33333333;67;12,33333333;24;31,33333333;2017;;;;;;;;
5;6;12;62,33333333;67;12,33333333;24;31,33333333;50;2017;;;;;;;;
2;7;12;67;12,33333333;24;31,33333333;50;49;2017;;;;;;;;
4;8;12;12,33333333;24;31,33333333;50;49;51;2017;;;;;;;;
3;9;12;24;31,33333333;50;49;51;59,33333333;2017;;;;;;;;
1;10;12;31,33333333;50;49;51;59,33333333;37;2017;;;;;;;;
8;11;12;50;49;51;59,33333333;37;33;2017;;;;;;;;
5;12;12;49;51;59,33333333;37;33;38,66666667;2017;;;;;;;;
8;13;12;51;59,33333333;37;33;38,66666667;62;2017;;;;;;;;
1;14;12;59,33333333;37;33;38,66666667;62;80,66666667;2017;;;;;;;;
6;15;12;37;33;38,66666667;62;80,66666667;97;2017;;;;;;;;
6;16;12;33;38,66666667;62;80,66666667;97;101,6666667;2017;;;;;;;;
2;17;12;38,66666667;62;80,66666667;97;101,6666667;95;2017;;;;;;;;
8;18;12;62;80,66666667;97;101,6666667;95;67,66666667;2017;;;;;;;;
4;19;12;80,66666667;97;101,6666667;95;67,66666667;59,33333333;2017;;;;;;;;
4;20;12;97;101,6666667;95;67,66666667;59,33333333;73;2017;;;;;;;;
7;21;12;101,6666667;95;67,66666667;59,33333333;73;33,33333333;2017;;;;;;;;
5;22;12;95;67,66666667;59,33333333;73;33,33333333;13;2017;;;;;;;;
3;23;12;67,66666667;59,33333333;73;33,33333333;13;19;2017;;;;;;;;
4;24;12;59,33333333;73;33,33333333;13;19;20,66666667;2017;;;;;;;;
2;25;12;73;33,33333333;13;19;20,66666667;47;2017;;;;;;;;
7;26;12;33,33333333;13;19;20,66666667;47;36,33333333;2017;;;;;;;;
3;27;12;13;19;20,66666667;47;36,33333333;;2017;;;;;;;;
6;28;12;19;20,66666667;47;36,33333333;;;2017;;;;;;;;
7;29;12;20,66666667;47;36,33333333;;;;2017;;;;;;;;
3;30;12;47;36,33333333;;;;;2017;;;;;;;;
6;31;12;36,33333333;;;;;;2017;;;;;;;;
