COUNT;Valore;Valore;Valore;Valore;Valore;Valore;;;;;;;;
4;0,834414832;3,298611111;4,496990741;9,461342593;7,339580908;4,326218097;;;;;;;;
4;3,298611111;4,496990741;9,461342593;7,339580908;4,326218097;5,08599537;;;0;1;2;3;4;5
0;4,496990741;9,461342593;7,339580908;4,326218097;5,08599537;6,785069444;;;-0,181;-0,187;-0,186;-0,179;-0,179;-0,185
0;9,461342593;7,339580908;4,326218097;5,08599537;6,785069444;5,719324796;;;;;;;;
0;7,339580908;4,326218097;5,08599537;6,785069444;5,719324796;10,03615295;;;;;;;;
3;4,326218097;5,08599537;6,785069444;5,719324796;10,03615295;8,396064815;;;;;;;;
1;5,08599537;6,785069444;5,719324796;10,03615295;8,396064815;8,834722222;;;;;;;;
2;6,785069444;5,719324796;10,03615295;8,396064815;8,834722222;6,184375;;;;;;;;
3;5,719324796;10,03615295;8,396064815;8,834722222;6,184375;6,548667439;;;;;;;;
3;10,03615295;8,396064815;8,834722222;6,184375;6,548667439;4,620023148;;;;;;;;
1;8,396064815;8,834722222;6,184375;6,548667439;4,620023148;6,304307334;;;;;;;;
5;8,834722222;6,184375;6,548667439;4,620023148;6,304307334;8,192093023;;;;;;;;
2;6,184375;6,548667439;4,620023148;6,304307334;8,192093023;5,699652778;;;;;;;;
5;6,548667439;4,620023148;6,304307334;8,192093023;5,699652778;4,46099537;;;;;;;;
4;4,620023148;6,304307334;8,192093023;5,699652778;4,46099537;5,474768519;;;;;;;;
3;6,304307334;8,192093023;5,699652778;4,46099537;5,474768519;3,758912037;;;;;;;;
4;8,192093023;5,699652778;4,46099537;5,474768519;3,758912037;4,210416667;;;;;;;;
2;5,699652778;4,46099537;5,474768519;3,758912037;4,210416667;5,888773148;;;;;;;;
2;4,46099537;5,474768519;3,758912037;4,210416667;5,888773148;5,652546296;;;;;;;;
4;5,474768519;3,758912037;4,210416667;5,888773148;5,652546296;6,844212963;;;;;;;;
1;3,758912037;4,210416667;5,888773148;5,652546296;6,844212963;5,689699074;;;;;;;;
1;4,210416667;5,888773148;5,652546296;6,844212963;5,689699074;3,272800926;;;;;;;;
2;5,888773148;5,652546296;6,844212963;5,689699074;3,272800926;3,41412037;;;;;;;;
2;5,652546296;6,844212963;5,689699074;3,272800926;3,41412037;3,031286211;;;;;;;;
4;6,844212963;5,689699074;3,272800926;3,41412037;3,031286211;3,367476852;;;;;;;;
2;5,689699074;3,272800926;3,41412037;3,031286211;3,367476852;2,90162037;;;;;;;;
4;3,272800926;3,41412037;3,031286211;3,367476852;2,90162037;3,624709977;;;;;;;;
3;3,41412037;3,031286211;3,367476852;2,90162037;3,624709977;4,301736111;;;;;;;;
2;3,031286211;3,367476852;2,90162037;3,624709977;4,301736111;3,308217593;;;;;;;;
2;3,367476852;2,90162037;3,624709977;4,301736111;3,308217593;5,376851852;;;;;;;;
5;2,90162037;3,624709977;4,301736111;3,308217593;5,376851852;2,474074074;;;;;;;;
1;3,624709977;4,301736111;3,308217593;5,376851852;2,474074074;1,689236111;;;;;;;;
2;4,301736111;3,308217593;5,376851852;2,474074074;1,689236111;2,831712963;;;;;;;;
3;3,308217593;5,376851852;2,474074074;1,689236111;2,831712963;3,235416667;;;;;;;;
3;5,376851852;2,474074074;1,689236111;2,831712963;3,235416667;3,886111111;;;;;;;;
1;2,474074074;1,689236111;2,831712963;3,235416667;3,886111111;4,649652778;;;;;;;;
3;1,689236111;2,831712963;3,235416667;3,886111111;4,649652778;5,67037037;;;;;;;;
3;2,831712963;3,235416667;3,886111111;4,649652778;5,67037037;4,747337963;;;;;;;;
2;3,235416667;3,886111111;4,649652778;5,67037037;4,747337963;5,846064815;;;;;;;;
6;3,886111111;4,649652778;5,67037037;4,747337963;5,846064815;4,25775463;;;;;;;;
1;4,649652778;5,67037037;4,747337963;5,846064815;4,25775463;4,266319444;;;;;;;;
2;5,67037037;4,747337963;5,846064815;4,25775463;4,266319444;7,445717593;;;;;;;;
2;4,747337963;5,846064815;4,25775463;4,266319444;7,445717593;9,017265353;;;;;;;;
1;5,846064815;4,25775463;4,266319444;7,445717593;9,017265353;6,74525463;;;;;;;;
1;4,25775463;4,266319444;7,445717593;9,017265353;6,74525463;6,209953704;;;;;;;;
4;4,266319444;7,445717593;9,017265353;6,74525463;6,209953704;6,869988413;;;;;;;;
2;7,445717593;9,017265353;6,74525463;6,209953704;6,869988413;5,899254658;;;;;;;;
4;9,017265353;6,74525463;6,209953704;6,869988413;5,899254658;6,796527778;;;;;;;;
3;6,74525463;6,209953704;6,869988413;5,899254658;6,796527778;7,251533742;;;;;;;;
5;6,209953704;6,869988413;5,899254658;6,796527778;7,251533742;7,587615741;;;;;;;;
3;6,869988413;5,899254658;6,796527778;7,251533742;7,587615741;9,387037037;;;;;;;;
4;5,899254658;6,796527778;7,251533742;7,587615741;9,387037037;8,032523148;;;;;;;;
6;6,796527778;7,251533742;7,587615741;9,387037037;8,032523148;8,323263889;;;;;;;;
4;7,251533742;7,587615741;9,387037037;8,032523148;8,323263889;8,629050926;;;;;;;;
4;7,587615741;9,387037037;8,032523148;8,323263889;8,629050926;9,005336427;;;;;;;;
3;9,387037037;8,032523148;8,323263889;8,629050926;9,005336427;9,748032407;;;;;;;;
2;8,032523148;8,323263889;8,629050926;9,005336427;9,748032407;10,42314815;;;;;;;;
1;8,323263889;8,629050926;9,005336427;9,748032407;10,42314815;8,618402778;;;;;;;;
10;8,629050926;9,005336427;9,748032407;10,42314815;8,618402778;9,493055556;;;;;;;;
5;9,005336427;9,748032407;10,42314815;8,618402778;9,493055556;8,541550926;;;;;;;;
4;9,748032407;10,42314815;8,618402778;9,493055556;8,541550926;8,433449074;;;;;;;;
6;10,42314815;8,618402778;9,493055556;8,541550926;8,433449074;8,357986111;;;;;;;;
5;8,618402778;9,493055556;8,541550926;8,433449074;8,357986111;7,795138889;;;;;;;;
2;9,493055556;8,541550926;8,433449074;8,357986111;7,795138889;9,828587963;;;;;;;;
3;8,541550926;8,433449074;8,357986111;7,795138889;9,828587963;12,68391204;;;;;;;;
2;8,433449074;8,357986111;7,795138889;9,828587963;12,68391204;10,88055556;;;;;;;;
3;8,357986111;7,795138889;9,828587963;12,68391204;10,88055556;10,44236111;;;;;;;;
4;7,795138889;9,828587963;12,68391204;10,88055556;10,44236111;9,814368482;;;;;;;;
5;9,828587963;12,68391204;10,88055556;10,44236111;9,814368482;9,868634259;;;;;;;;
10;12,68391204;10,88055556;10,44236111;9,814368482;9,868634259;7,623958333;;;;;;;;
3;10,88055556;10,44236111;9,814368482;9,868634259;7,623958333;9,776157407;;;;;;;;
4;10,44236111;9,814368482;9,868634259;7,623958333;9,776157407;10,81668598;;;;;;;;
4;9,814368482;9,868634259;7,623958333;9,776157407;10,81668598;12,01331019;;;;;;;;
3;9,868634259;7,623958333;9,776157407;10,81668598;12,01331019;12,48611111;;;;;;;;
4;7,623958333;9,776157407;10,81668598;12,01331019;12,48611111;11,51378911;;;;;;;;
3;9,776157407;10,81668598;12,01331019;12,48611111;11,51378911;8,943634259;;;;;;;;
5;10,81668598;12,01331019;12,48611111;11,51378911;8,943634259;11,27824074;;;;;;;;
5;12,01331019;12,48611111;11,51378911;8,943634259;11,27824074;12,03935185;;;;;;;;
2;12,48611111;11,51378911;8,943634259;11,27824074;12,03935185;10,24074074;;;;;;;;
2;11,51378911;8,943634259;11,27824074;12,03935185;10,24074074;11,9900232;;;;;;;;
2;8,943634259;11,27824074;12,03935185;10,24074074;11,9900232;14,7375;;;;;;;;
11;11,27824074;12,03935185;10,24074074;11,9900232;14,7375;14,08125;;;;;;;;
10;12,03935185;10,24074074;11,9900232;14,7375;14,08125;13,85486111;;;;;;;;
1;10,24074074;11,9900232;14,7375;14,08125;13,85486111;15,7037037;;;;;;;;
1;11,9900232;14,7375;14,08125;13,85486111;15,7037037;17,48946759;;;;;;;;
1;14,7375;14,08125;13,85486111;15,7037037;17,48946759;14,87624565;;;;;;;;
8;14,08125;13,85486111;15,7037037;17,48946759;14,87624565;13,98344907;;;;;;;;
4;13,85486111;15,7037037;17,48946759;14,87624565;13,98344907;13,21122685;;;;;;;;
1;15,7037037;17,48946759;14,87624565;13,98344907;13,21122685;10,274156;;;;;;;;
7;17,48946759;14,87624565;13,98344907;13,21122685;10,274156;8,513457077;;;;;;;;
5;14,87624565;13,98344907;13,21122685;10,274156;8,513457077;9,782638889;;;;;;;;
2;13,98344907;13,21122685;10,274156;8,513457077;9,782638889;11,44490741;;;;;;;;
3;13,21122685;10,274156;8,513457077;9,782638889;11,44490741;12,90208333;;;;;;;;
3;10,274156;8,513457077;9,782638889;11,44490741;12,90208333;15,00127462;;;;;;;;
0;8,513457077;9,782638889;11,44490741;12,90208333;15,00127462;15,8087963;;;;;;;;
3;9,782638889;11,44490741;12,90208333;15,00127462;15,8087963;15,1224537;;;;;;;;
8;11,44490741;12,90208333;15,00127462;15,8087963;15,1224537;16,46458333;;;;;;;;
3;12,90208333;15,00127462;15,8087963;15,1224537;16,46458333;18,88657407;;;;;;;;
5;15,00127462;15,8087963;15,1224537;16,46458333;18,88657407;19,79576784;;;;;;;;
4;15,8087963;15,1224537;16,46458333;18,88657407;19,79576784;19,23453237;;;;;;;;
6;15,1224537;16,46458333;18,88657407;19,79576784;19,23453237;17,4564951;;;;;;;;
3;16,46458333;18,88657407;19,79576784;19,23453237;17,4564951;14,09039352;;;;;;;;
4;18,88657407;19,79576784;19,23453237;17,4564951;14,09039352;14,11939394;;;;;;;;
4;19,79576784;19,23453237;17,4564951;14,09039352;14,11939394;11,87024793;;;;;;;;
3;19,23453237;17,4564951;14,09039352;14,11939394;11,87024793;13,96393245;;;;;;;;
4;17,4564951;14,09039352;14,11939394;11,87024793;13,96393245;17,52488263;;;;;;;;
3;14,09039352;14,11939394;11,87024793;13,96393245;17,52488263;19,0400463;;;;;;;;
0;14,11939394;11,87024793;13,96393245;17,52488263;19,0400463;17,53206019;;;;;;;;
2;11,87024793;13,96393245;17,52488263;19,0400463;17,53206019;17,35219907;;;;;;;;
2;13,96393245;17,52488263;19,0400463;17,53206019;17,35219907;15,20619159;;;;;;;;
4;17,52488263;19,0400463;17,53206019;17,35219907;15,20619159;15,69710648;;;;;;;;
4;19,0400463;17,53206019;17,35219907;15,20619159;15,69710648;13,51458333;;;;;;;;
4;17,53206019;17,35219907;15,20619159;15,69710648;13,51458333;16,46825029;;;;;;;;
3;17,35219907;15,20619159;15,69710648;13,51458333;16,46825029;15,56898148;;;;;;;;
2;15,20619159;15,69710648;13,51458333;16,46825029;15,56898148;15,47511574;;;;;;;;
4;15,69710648;13,51458333;16,46825029;15,56898148;15,47511574;13,65121669;;;;;;;;
4;13,51458333;16,46825029;15,56898148;15,47511574;13,65121669;17,5380787;;;;;;;;
5;16,46825029;15,56898148;15,47511574;13,65121669;17,5380787;17,34217845;;;;;;;;
2;15,56898148;15,47511574;13,65121669;17,5380787;17,34217845;19,03831019;;;;;;;;
4;15,47511574;13,65121669;17,5380787;17,34217845;19,03831019;19,78993056;;;;;;;;
4;13,65121669;17,5380787;17,34217845;19,03831019;19,78993056;20,8438007;;;;;;;;
2;17,5380787;17,34217845;19,03831019;19,78993056;20,8438007;20,49201389;;;;;;;;
2;17,34217845;19,03831019;19,78993056;20,8438007;20,49201389;19,96570104;;;;;;;;
3;19,03831019;19,78993056;20,8438007;20,49201389;19,96570104;20,56736111;;;;;;;;
8;19,78993056;20,8438007;20,49201389;19,96570104;20,56736111;22,05300926;;;;;;;;
6;20,8438007;20,49201389;19,96570104;20,56736111;22,05300926;22,02097335;;;;;;;;
1;20,49201389;19,96570104;20,56736111;22,05300926;22,02097335;22,65358796;;;;;;;;
1;19,96570104;20,56736111;22,05300926;22,02097335;22,65358796;22,66597222;;;;;;;;
3;20,56736111;22,05300926;22,02097335;22,65358796;22,66597222;22,31377315;;;;;;;;
0;22,05300926;22,02097335;22,65358796;22,66597222;22,31377315;18,40775463;;;;;;;;
2;22,02097335;22,65358796;22,66597222;22,31377315;18,40775463;19,43240741;;;;;;;;
3;22,65358796;22,66597222;22,31377315;18,40775463;19,43240741;22,76071842;;;;;;;;
5;22,66597222;22,31377315;18,40775463;19,43240741;22,76071842;22,84739282;;;;;;;;
5;22,31377315;18,40775463;19,43240741;22,76071842;22,84739282;21,39350348;;;;;;;;
5;18,40775463;19,43240741;22,76071842;22,84739282;21,39350348;16,20219907;;;;;;;;
3;19,43240741;22,76071842;22,84739282;21,39350348;16,20219907;13,84363426;;;;;;;;
3;22,76071842;22,84739282;21,39350348;16,20219907;13,84363426;15,61712963;;;;;;;;
0;22,84739282;21,39350348;16,20219907;13,84363426;15,61712963;15,74982415;;;;;;;;
4;21,39350348;16,20219907;13,84363426;15,61712963;15,74982415;18,11566125;;;;;;;;
1;16,20219907;13,84363426;15,61712963;15,74982415;18,11566125;20,03356481;;;;;;;;
5;13,84363426;15,61712963;15,74982415;18,11566125;20,03356481;18,28921114;;;;;;;;
4;15,61712963;15,74982415;18,11566125;20,03356481;18,28921114;18,7693287;;;;;;;;
0;15,74982415;18,11566125;20,03356481;18,28921114;18,7693287;19,57354988;;;;;;;;
3;18,11566125;20,03356481;18,28921114;18,7693287;19,57354988;20,53946759;;;;;;;;
4;20,03356481;18,28921114;18,7693287;19,57354988;20,53946759;20,88991889;;;;;;;;
5;18,28921114;18,7693287;19,57354988;20,53946759;20,88991889;20,56851852;;;;;;;;
1;18,7693287;19,57354988;20,53946759;20,88991889;20,56851852;22,59420626;;;;;;;;
4;19,57354988;20,53946759;20,88991889;20,56851852;22,59420626;24,21782407;;;;;;;;
7;20,53946759;20,88991889;20,56851852;22,59420626;24,21782407;25,57766204;;;;;;;;
2;20,88991889;20,56851852;22,59420626;24,21782407;25,57766204;27,39443801;;;;;;;;
2;20,56851852;22,59420626;24,21782407;25,57766204;27,39443801;28,20798611;;;;;;;;
2;22,59420626;24,21782407;25,57766204;27,39443801;28,20798611;28,62835648;;;;;;;;
3;24,21782407;25,57766204;27,39443801;28,20798611;28,62835648;27,80173611;;;;;;;;
4;25,57766204;27,39443801;28,20798611;28,62835648;27,80173611;24,74270833;;;;;;;;
6;27,39443801;28,20798611;28,62835648;27,80173611;24,74270833;23,83981481;;;;;;;;
5;28,20798611;28,62835648;27,80173611;24,74270833;23,83981481;23,34826389;;;;;;;;
4;28,62835648;27,80173611;24,74270833;23,83981481;23,34826389;25,29459135;;;;;;;;
2;27,80173611;24,74270833;23,83981481;23,34826389;25,29459135;23,54282407;;;;;;;;
4;24,74270833;23,83981481;23,34826389;25,29459135;23,54282407;22,31780488;;;;;;;;
2;23,83981481;23,34826389;25,29459135;23,54282407;22,31780488;19,58900463;;;;;;;;
6;23,34826389;25,29459135;23,54282407;22,31780488;19,58900463;21,298146;;;;;;;;
3;25,29459135;23,54282407;22,31780488;19,58900463;21,298146;19,32627315;;;;;;;;
5;23,54282407;22,31780488;19,58900463;21,298146;19,32627315;21,33391204;;;;;;;;
3;22,31780488;19,58900463;21,298146;19,32627315;21,33391204;22,67592593;;;;;;;;
2;19,58900463;21,298146;19,32627315;21,33391204;22,67592593;24,02025463;;;;;;;;
4;21,298146;19,32627315;21,33391204;22,67592593;24,02025463;22,19270833;;;;;;;;
1;19,32627315;21,33391204;22,67592593;24,02025463;22,19270833;21,97638889;;;;;;;;
6;21,33391204;22,67592593;24,02025463;22,19270833;21,97638889;22,04467593;;;;;;;;
6;22,67592593;24,02025463;22,19270833;21,97638889;22,04467593;23,5626883;;;;;;;;
4;24,02025463;22,19270833;21,97638889;22,04467593;23,5626883;20,51691773;;;;;;;;
2;22,19270833;21,97638889;22,04467593;23,5626883;20,51691773;22,47083333;;;;;;;;
2;21,97638889;22,04467593;23,5626883;20,51691773;22,47083333;24,06076389;;;;;;;;
3;22,04467593;23,5626883;20,51691773;22,47083333;24,06076389;25,65787037;;;;;;;;
2;23,5626883;20,51691773;22,47083333;24,06076389;25,65787037;25,66030093;;;;;;;;
4;20,51691773;22,47083333;24,06076389;25,65787037;25,66030093;25,85434531;;;;;;;;
1;22,47083333;24,06076389;25,65787037;25,66030093;25,85434531;26,31173055;;;;;;;;
3;24,06076389;25,65787037;25,66030093;25,85434531;26,31173055;27,7179606;;;;;;;;
2;25,65787037;25,66030093;25,85434531;26,31173055;27,7179606;28,85162413;;;;;;;;
3;25,66030093;25,85434531;26,31173055;27,7179606;28,85162413;29,32465278;;;;;;;;
4;25,85434531;26,31173055;27,7179606;28,85162413;29,32465278;29,0155633;;;;;;;;
9;26,31173055;27,7179606;28,85162413;29,32465278;29,0155633;30,31689815;;;;;;;;
5;27,7179606;28,85162413;29,32465278;29,0155633;30,31689815;31,09604651;;;;;;;;
0;28,85162413;29,32465278;29,0155633;30,31689815;31,09604651;31,43306265;;;;;;;;
2;29,32465278;29,0155633;30,31689815;31,09604651;31,43306265;28,92048611;;;;;;;;
4;29,0155633;30,31689815;31,09604651;31,43306265;28,92048611;27,18240741;;;;;;;;
2;30,31689815;31,09604651;31,43306265;28,92048611;27,18240741;26,1962963;;;;;;;;
4;31,09604651;31,43306265;28,92048611;27,18240741;26,1962963;26,99259259;;;;;;;;
6;31,43306265;28,92048611;27,18240741;26,1962963;26,99259259;28,6161066;;;;;;;;
3;28,92048611;27,18240741;26,1962963;26,99259259;28,6161066;28,92592593;;;;;;;;
4;27,18240741;26,1962963;26,99259259;28,6161066;28,92592593;29,42372685;;;;;;;;
6;26,1962963;26,99259259;28,6161066;28,92592593;29,42372685;29,95625;;;;;;;;
2;26,99259259;28,6161066;28,92592593;29,42372685;29,95625;30,33206019;;;;;;;;
3;28,6161066;28,92592593;29,42372685;29,95625;30,33206019;30,95451389;;;;;;;;
1;28,92592593;29,42372685;29,95625;30,33206019;30,95451389;30,60659722;;;;;;;;
1;29,42372685;29,95625;30,33206019;30,95451389;30,60659722;29,3755787;;;;;;;;
5;29,95625;30,33206019;30,95451389;30,60659722;29,3755787;30,17303241;;;;;;;;
2;30,33206019;30,95451389;30,60659722;29,3755787;30,17303241;31,48449074;;;;;;;;
4;30,95451389;30,60659722;29,3755787;30,17303241;31,48449074;32,03958333;;;;;;;;
2;30,60659722;29,3755787;30,17303241;31,48449074;32,03958333;30,99767981;;;;;;;;
3;29,3755787;30,17303241;31,48449074;32,03958333;30,99767981;29,35972222;;;;;;;;
2;30,17303241;31,48449074;32,03958333;30,99767981;29,35972222;26,52470998;;;;;;;;
4;31,48449074;32,03958333;30,99767981;29,35972222;26,52470998;26,54525463;;;;;;;;
3;32,03958333;30,99767981;29,35972222;26,52470998;26,54525463;27,47969662;;;;;;;;
2;30,99767981;29,35972222;26,52470998;26,54525463;27,47969662;26,82537659;;;;;;;;
2;29,35972222;26,52470998;26,54525463;27,47969662;26,82537659;26,3806489;;;;;;;;
0;26,52470998;26,54525463;27,47969662;26,82537659;26,3806489;25,2119213;;;;;;;;
1;26,54525463;27,47969662;26,82537659;26,3806489;25,2119213;23,70219907;;;;;;;;
4;27,47969662;26,82537659;26,3806489;25,2119213;23,70219907;20,05341831;;;;;;;;
0;26,82537659;26,3806489;25,2119213;23,70219907;20,05341831;23,03055556;;;;;;;;
4;26,3806489;25,2119213;23,70219907;20,05341831;23,03055556;26,17881944;;;;;;;;
3;25,2119213;23,70219907;20,05341831;23,03055556;26,17881944;27,48321759;;;;;;;;
4;23,70219907;20,05341831;23,03055556;26,17881944;27,48321759;28,64872685;;;;;;;;
9;20,05341831;23,03055556;26,17881944;27,48321759;28,64872685;30,07995365;;;;;;;;
1;23,03055556;26,17881944;27,48321759;28,64872685;30,07995365;30,86793981;;;;;;;;
1;26,17881944;27,48321759;28,64872685;30,07995365;30,86793981;30,47997685;;;;;;;;
3;27,48321759;28,64872685;30,07995365;30,86793981;30,47997685;28,36446759;;;;;;;;
3;28,64872685;30,07995365;30,86793981;30,47997685;28,36446759;22,03541667;;;;;;;;
2;30,07995365;30,86793981;30,47997685;28,36446759;22,03541667;26,64285714;;;;;;;;
1;30,86793981;30,47997685;28,36446759;22,03541667;26,64285714;28,47792056;;;;;;;;
2;30,47997685;28,36446759;22,03541667;26,64285714;28,47792056;29,63859649;;;;;;;;
2;28,36446759;22,03541667;26,64285714;28,47792056;29,63859649;25,14673784;;;;;;;;
1;22,03541667;26,64285714;28,47792056;29,63859649;25,14673784;22,50011614;;;;;;;;
4;26,64285714;28,47792056;29,63859649;25,14673784;22,50011614;20,51053241;;;;;;;;
2;28,47792056;29,63859649;25,14673784;22,50011614;20,51053241;22,90647059;;;;;;;;
1;29,63859649;25,14673784;22,50011614;20,51053241;22,90647059;21,94105263;;;;;;;;
0;25,14673784;22,50011614;20,51053241;22,90647059;21,94105263;20,92429907;;;;;;;;
4;22,50011614;20,51053241;22,90647059;21,94105263;20,92429907;23,02787456;;;;;;;;
0;20,51053241;22,90647059;21,94105263;20,92429907;23,02787456;22,26226636;;;;;;;;
4;22,90647059;21,94105263;20,92429907;23,02787456;22,26226636;23,10608187;;;;;;;;
1;21,94105263;20,92429907;23,02787456;22,26226636;23,10608187;19,68014019;;;;;;;;
4;20,92429907;23,02787456;22,26226636;23,10608187;19,68014019;19,12268409;;;;;;;;
4;23,02787456;22,26226636;23,10608187;19,68014019;19,12268409;21,99559524;;;;;;;;
2;22,26226636;23,10608187;19,68014019;19,12268409;21,99559524;23,24836449;;;;;;;;
3;23,10608187;19,68014019;19,12268409;21,99559524;23,24836449;24,47609988;;;;;;;;
4;19,68014019;19,12268409;21,99559524;23,24836449;24,47609988;25,71740167;;;;;;;;
1;19,12268409;21,99559524;23,24836449;24,47609988;25,71740167;26,94947368;;;;;;;;
0;21,99559524;23,24836449;24,47609988;25,71740167;26,94947368;27,2532634;;;;;;;;
1;23,24836449;24,47609988;25,71740167;26,94947368;27,2532634;27,25058962;;;;;;;;
2;24,47609988;25,71740167;26,94947368;27,2532634;27,25058962;24,9778679;;;;;;;;
4;25,71740167;26,94947368;27,2532634;27,25058962;24,9778679;24,26152047;;;;;;;;
2;26,94947368;27,2532634;27,25058962;24,9778679;24,26152047;23,06690058;;;;;;;;
0;27,2532634;27,25058962;24,9778679;24,26152047;23,06690058;22,45462963;;;;;;;;
5;27,25058962;24,9778679;24,26152047;23,06690058;22,45462963;19,81875;;;;;;;;
2;24,9778679;24,26152047;23,06690058;22,45462963;19,81875;19,4337963;;;;;;;;
4;24,26152047;23,06690058;22,45462963;19,81875;19,4337963;19,6193287;;;;;;;;
3;23,06690058;22,45462963;19,81875;19,4337963;19,6193287;20,31877173;;;;;;;;
5;22,45462963;19,81875;19,4337963;19,6193287;20,31877173;19,74143519;;;;;;;;
1;19,81875;19,4337963;19,6193287;20,31877173;19,74143519;19,7787037;;;;;;;;
2;19,4337963;19,6193287;20,31877173;19,74143519;19,7787037;18,97893519;;;;;;;;
2;19,6193287;20,31877173;19,74143519;19,7787037;18,97893519;20,68449074;;;;;;;;
1;20,31877173;19,74143519;19,7787037;18,97893519;20,68449074;18,47152778;;;;;;;;
2;19,74143519;19,7787037;18,97893519;20,68449074;18,47152778;20,00393519;;;;;;;;
2;19,7787037;18,97893519;20,68449074;18,47152778;20,00393519;21,26034884;;;;;;;;
5;18,97893519;20,68449074;18,47152778;20,00393519;21,26034884;19,21378911;;;;;;;;
6;20,68449074;18,47152778;20,00393519;21,26034884;19,21378911;22,03101852;;;;;;;;
3;18,47152778;20,00393519;21,26034884;19,21378911;22,03101852;22,17511574;;;;;;;;
4;20,00393519;21,26034884;19,21378911;22,03101852;22,17511574;20,41053241;;;;;;;;
3;21,26034884;19,21378911;22,03101852;22,17511574;20,41053241;20,47025463;;;;;;;;
3;19,21378911;22,03101852;22,17511574;20,41053241;20,47025463;19,58781903;;;;;;;;
6;22,03101852;22,17511574;20,41053241;20,47025463;19,58781903;18,71979167;;;;;;;;
3;22,17511574;20,41053241;20,47025463;19,58781903;18,71979167;13,60810185;;;;;;;;
3;20,41053241;20,47025463;19,58781903;18,71979167;13,60810185;15,73020833;;;;;;;;
4;20,47025463;19,58781903;18,71979167;13,60810185;15,73020833;18,32407407;;;;;;;;
5;19,58781903;18,71979167;13,60810185;15,73020833;18,32407407;19,03055556;;;;;;;;
4;18,71979167;13,60810185;15,73020833;18,32407407;19,03055556;18,06581692;;;;;;;;
3;13,60810185;15,73020833;18,32407407;19,03055556;18,06581692;17,33865741;;;;;;;;
4;15,73020833;18,32407407;19,03055556;18,06581692;17,33865741;15,61516204;;;;;;;;
8;18,32407407;19,03055556;18,06581692;17,33865741;15,61516204;15,65729167;;;;;;;;
2;19,03055556;18,06581692;17,33865741;15,61516204;15,65729167;13,95260718;;;;;;;;
3;18,06581692;17,33865741;15,61516204;15,65729167;13,95260718;14,10381944;;;;;;;;
5;17,33865741;15,61516204;15,65729167;13,95260718;14,10381944;15,05383721;;;;;;;;
1;15,61516204;15,65729167;13,95260718;14,10381944;15,05383721;16,30914352;;;;;;;;
4;15,65729167;13,95260718;14,10381944;15,05383721;16,30914352;16,884375;;;;;;;;
3;13,95260718;14,10381944;15,05383721;16,30914352;16,884375;16,08611111;;;;;;;;
9;14,10381944;15,05383721;16,30914352;16,884375;16,08611111;17,16894554;;;;;;;;
4;15,05383721;16,30914352;16,884375;16,08611111;17,16894554;18,46863426;;;;;;;;
2;16,30914352;16,884375;16,08611111;17,16894554;18,46863426;17,36828704;;;;;;;;
4;16,884375;16,08611111;17,16894554;18,46863426;17,36828704;16,74837963;;;;;;;;
4;16,08611111;17,16894554;18,46863426;17,36828704;16,74837963;16,54108796;;;;;;;;
6;17,16894554;18,46863426;17,36828704;16,74837963;16,54108796;16,63387471;;;;;;;;
3;18,46863426;17,36828704;16,74837963;16,54108796;16,63387471;14,14825581;;;;;;;;
8;17,36828704;16,74837963;16,54108796;16,63387471;14,14825581;14,71284722;;;;;;;;
6;16,74837963;16,54108796;16,63387471;14,14825581;14,71284722;12,90613426;;;;;;;;
7;16,54108796;16,63387471;14,14825581;14,71284722;12,90613426;11,39791667;;;;;;;;
5;16,63387471;14,14825581;14,71284722;12,90613426;11,39791667;11,30162037;;;;;;;;
5;14,14825581;14,71284722;12,90613426;11,39791667;11,30162037;11,73576389;;;;;;;;
2;14,71284722;12,90613426;11,39791667;11,30162037;11,73576389;12,28041958;;;;;;;;
2;12,90613426;11,39791667;11,30162037;11,73576389;12,28041958;12,65891204;;;;;;;;
3;11,39791667;11,30162037;11,73576389;12,28041958;12,65891204;11,60787037;;;;;;;;
7;11,30162037;11,73576389;12,28041958;12,65891204;11,60787037;11,25844907;;;;;;;;
1;11,73576389;12,28041958;12,65891204;11,60787037;11,25844907;12,33472222;;;;;;;;
4;12,28041958;12,65891204;11,60787037;11,25844907;12,33472222;12,5625;;;;;;;;
3;12,65891204;11,60787037;11,25844907;12,33472222;12,5625;13,28020833;;;;;;;;
6;11,60787037;11,25844907;12,33472222;12,5625;13,28020833;11,965625;;;;;;;;
2;11,25844907;12,33472222;12,5625;13,28020833;11,965625;10,94704519;;;;;;;;
2;12,33472222;12,5625;13,28020833;11,965625;10,94704519;11,94097222;;;;;;;;
1;12,5625;13,28020833;11,965625;10,94704519;11,94097222;12,73958333;;;;;;;;
6;13,28020833;11,965625;10,94704519;11,94097222;12,73958333;14,08541667;;;;;;;;
5;11,965625;10,94704519;11,94097222;12,73958333;14,08541667;13,33587963;;;;;;;;
5;10,94704519;11,94097222;12,73958333;14,08541667;13,33587963;12,25005794;;;;;;;;
4;11,94097222;12,73958333;14,08541667;13,33587963;12,25005794;11,31782407;;;;;;;;
2;12,73958333;14,08541667;13,33587963;12,25005794;11,31782407;10,19872685;;;;;;;;
7;14,08541667;13,33587963;12,25005794;11,31782407;10,19872685;12,46435185;;;;;;;;
6;13,33587963;12,25005794;11,31782407;10,19872685;12,46435185;12,68113426;;;;;;;;
4;12,25005794;11,31782407;10,19872685;12,46435185;12,68113426;13,44293981;;;;;;;;
3;11,31782407;10,19872685;12,46435185;12,68113426;13,44293981;13,62453704;;;;;;;;
4;10,19872685;12,46435185;12,68113426;13,44293981;13,62453704;14,0369213;;;;;;;;
3;12,46435185;12,68113426;13,44293981;13,62453704;14,0369213;13,96064815;;;;;;;;
7;12,68113426;13,44293981;13,62453704;14,0369213;13,96064815;14,00601852;;;;;;;;
2;13,44293981;13,62453704;14,0369213;13,96064815;14,00601852;13,66331019;;;;;;;;
3;13,62453704;14,0369213;13,96064815;14,00601852;13,66331019;12,72534722;;;;;;;;
5;14,0369213;13,96064815;14,00601852;13,66331019;12,72534722;11,91574074;;;;;;;;
5;13,96064815;14,00601852;13,66331019;12,72534722;11,91574074;9,98599537;;;;;;;;
7;14,00601852;13,66331019;12,72534722;11,91574074;9,98599537;9,947856315;;;;;;;;
1;13,66331019;12,72534722;11,91574074;9,98599537;9,947856315;9,366087963;;;;;;;;
2;12,72534722;11,91574074;9,98599537;9,947856315;9,366087963;9,055092593;;;;;;;;
8;11,91574074;9,98599537;9,947856315;9,366087963;9,055092593;8,93912037;;;;;;;;
3;9,98599537;9,947856315;9,366087963;9,055092593;8,93912037;10,72939815;;;;;;;;
6;9,947856315;9,366087963;9,055092593;8,93912037;10,72939815;11,55069444;;;;;;;;
10;9,366087963;9,055092593;8,93912037;10,72939815;11,55069444;10,10729167;;;;;;;;
2;9,055092593;8,93912037;10,72939815;11,55069444;10,10729167;7,953125;;;;;;;;
2;8,93912037;10,72939815;11,55069444;10,10729167;7,953125;5,603356481;;;;;;;;
6;10,72939815;11,55069444;10,10729167;7,953125;5,603356481;4,843055556;;;;;;;;
8;11,55069444;10,10729167;7,953125;5,603356481;4,843055556;4,071180556;;;;;;;;
3;10,10729167;7,953125;5,603356481;4,843055556;4,071180556;4,303125;;;;;;;;
6;7,953125;5,603356481;4,843055556;4,071180556;4,303125;5,381597222;;;;;;;;
3;5,603356481;4,843055556;4,071180556;4,303125;5,381597222;3,656892523;;;;;;;;
0;4,843055556;4,071180556;4,303125;5,381597222;3,656892523;4,36801854;;;;;;;;
3;4,071180556;4,303125;5,381597222;3,656892523;4,36801854;6,992708333;;;;;;;;
3;4,303125;5,381597222;3,656892523;4,36801854;6,992708333;7,373117034;;;;;;;;
7;5,381597222;3,656892523;4,36801854;6,992708333;7,373117034;6,054461182;;;;;;;;
8;3,656892523;4,36801854;6,992708333;7,373117034;6,054461182;4,815046296;;;;;;;;
4;4,36801854;6,992708333;7,373117034;6,054461182;4,815046296;3,681018519;;;;;;;;
5;6,992708333;7,373117034;6,054461182;4,815046296;3,681018519;6,355671296;;;;;;;;
3;7,373117034;6,054461182;4,815046296;3,681018519;6,355671296;6,329282407;;;;;;;;
9;6,054461182;4,815046296;3,681018519;6,355671296;6,329282407;6,861226852;;;;;;;;
3;4,815046296;3,681018519;6,355671296;6,329282407;6,861226852;6,775058275;;;;;;;;
3;3,681018519;6,355671296;6,329282407;6,861226852;6,775058275;5,641435185;;;;;;;;
4;6,355671296;6,329282407;6,861226852;6,775058275;5,641435185;3,974421296;;;;;;;;
5;6,329282407;6,861226852;6,775058275;5,641435185;3,974421296;3,083680556;;;;;;;;
6;6,861226852;6,775058275;5,641435185;3,974421296;3,083680556;4,928472222;;;;;;;;
3;6,775058275;5,641435185;3,974421296;3,083680556;4,928472222;6,88912037;;;;;;;;
10;5,641435185;3,974421296;3,083680556;4,928472222;6,88912037;6,624387398;;;;;;;;
1;3,974421296;3,083680556;4,928472222;6,88912037;6,624387398;7,068366165;;;;;;;;
3;3,083680556;4,928472222;6,88912037;6,624387398;7,068366165;8,203944316;;;;;;;;
1;4,928472222;6,88912037;6,624387398;7,068366165;8,203944316;7,31087963;;;;;;;;
2;6,88912037;6,624387398;7,068366165;8,203944316;7,31087963;6,850697674;;;;;;;;
3;6,624387398;7,068366165;8,203944316;7,31087963;6,850697674;7,293131548;;;;;;;;
3;7,068366165;8,203944316;7,31087963;6,850697674;7,293131548;7,529282407;;;;;;;;
7;8,203944316;7,31087963;6,850697674;7,293131548;7,529282407;7,964542294;;;;;;;;
5;7,31087963;6,850697674;7,293131548;7,529282407;7,964542294;8,52962963;;;;;;;;
4;6,850697674;7,293131548;7,529282407;7,964542294;8,52962963;8,26778679;;;;;;;;
3;7,293131548;7,529282407;7,964542294;8,52962963;8,26778679;7,508343266;;;;;;;;
3;7,529282407;7,964542294;8,52962963;8,26778679;7,508343266;6,333449074;;;;;;;;
6;7,964542294;8,52962963;8,26778679;7,508343266;6,333449074;4,338470452;;;;;;;;
2;8,52962963;8,26778679;7,508343266;6,333449074;4,338470452;2,684259259;;;;;;;;
5;8,26778679;7,508343266;6,333449074;4,338470452;2,684259259;2,161805556;;;;;;;;
2;7,508343266;6,333449074;4,338470452;2,684259259;2,161805556;2,834375;;;;;;;;
6;6,333449074;4,338470452;2,684259259;2,161805556;2,834375;6,822685185;;;;;;;;
4;4,338470452;2,684259259;2,161805556;2,834375;6,822685185;5,050637312;;;;;;;;
3;2,684259259;2,161805556;2,834375;6,822685185;5,050637312;2,474971031;;;;;;;;
8;2,161805556;2,834375;6,822685185;5,050637312;2,474971031;1,634953704;;;;;;;;
8;2,834375;6,822685185;5,050637312;2,474971031;1,634953704;1,711587486;;;;;;;;
5;6,822685185;5,050637312;2,474971031;1,634953704;1,711587486;2,037731481;;;;;;;;
6;5,050637312;2,474971031;1,634953704;1,711587486;2,037731481;3,413773148;;;;;;;;
3;2,474971031;1,634953704;1,711587486;2,037731481;3,413773148;4,957291667;;;;;;;;
5;1,634953704;1,711587486;2,037731481;3,413773148;4,957291667;3,455659277;;;;;;;;
3;1,711587486;2,037731481;3,413773148;4,957291667;3,455659277;3,422389791;;;;;;;;
1;2,037731481;3,413773148;4,957291667;3,455659277;3,422389791;4,665121669;;;;;;;;
6;3,413773148;4,957291667;3,455659277;3,422389791;4,665121669;5,336890951;;;;;;;;
4;4,957291667;3,455659277;3,422389791;4,665121669;5,336890951;6,635110081;;;;;;;;
4;3,455659277;3,422389791;4,665121669;5,336890951;6,635110081;6,697685185;;;;;;;;
3;3,422389791;4,665121669;5,336890951;6,635110081;6,697685185;7,880439815;;;;;;;;
4;4,665121669;5,336890951;6,635110081;6,697685185;7,880439815;3,727777778;;;;;;;;
7;5,336890951;6,635110081;6,697685185;7,880439815;3,727777778;5,237962963;;;;;;;;
3;6,635110081;6,697685185;7,880439815;3,727777778;5,237962963;5,771180556;;;;;;;;
3;6,697685185;7,880439815;3,727777778;5,237962963;5,771180556;5,480092593;;;;;;;;
8;7,880439815;3,727777778;5,237962963;5,771180556;5,480092593;1,786458333;;;;;;;;
2;3,727777778;5,237962963;5,771180556;5,480092593;1,786458333;0,722453704;;;;;;;;
2;5,237962963;5,771180556;5,480092593;1,786458333;0,722453704;1,050462963;;;;;;;;
5;5,771180556;5,480092593;1,786458333;0,722453704;1,050462963;1,12974537;;;;;;;;
4;5,480092593;1,786458333;0,722453704;1,050462963;1,12974537;1,925115741;;;;;;;;
3;1,786458333;0,722453704;1,050462963;1,12974537;1,925115741;3,42014218;;;;;;;;
1;0,722453704;1,050462963;1,12974537;1,925115741;3,42014218;3,810532407;;;;;;;;
9;1,050462963;1,12974537;1,925115741;3,42014218;3,810532407;6,215197216;;;;;;;;
2;1,12974537;1,925115741;3,42014218;3,810532407;6,215197216;8,207291667;;;;;;;;
1;1,925115741;3,42014218;3,810532407;6,215197216;8,207291667;8,325115741;;;;;;;;
5;3,42014218;3,810532407;6,215197216;8,207291667;8,325115741;9,843786295;;;;;;;;
7;3,810532407;6,215197216;8,207291667;8,325115741;9,843786295;10,71969873;;;;;;;;
9;6,215197216;8,207291667;8,325115741;9,843786295;10,71969873;8,545486111;;;;;;;;
14;8,207291667;8,325115741;9,843786295;10,71969873;8,545486111;8,982039397;;;;;;;;
14;8,325115741;9,843786295;10,71969873;8,545486111;8,982039397;6,672769409;;;;;;;;
6;9,843786295;10,71969873;8,545486111;8,982039397;6,672769409;8,14375;;;;;;;;
12;10,71969873;8,545486111;8,982039397;6,672769409;8,14375;8,775174014;;;;;;;;
11;8,545486111;8,982039397;6,672769409;8,14375;8,775174014;9,069444444;;;;;;;;
9;8,982039397;6,672769409;8,14375;8,775174014;9,069444444;7,161078546;;;;;;;;
4;6,672769409;8,14375;8,775174014;9,069444444;7,161078546;5,844212963;;;;;;;;
2;8,14375;8,775174014;9,069444444;7,161078546;5,844212963;5,912962963;;;;;;;;
2;8,775174014;9,069444444;7,161078546;5,844212963;5,912962963;7,469097222;;;;;;;;
5;9,069444444;7,161078546;5,844212963;5,912962963;7,469097222;8,527569528;;;;;;;;
1;7,161078546;5,844212963;5,912962963;7,469097222;8,527569528;8,732291667;;;;;;;;
5;5,844212963;5,912962963;7,469097222;8,527569528;8,732291667;6,194663573;;;;;;;;
6;5,912962963;7,469097222;8,527569528;8,732291667;6,194663573;5,41875;;;;;;;;
4;7,469097222;8,527569528;8,732291667;6,194663573;5,41875;4,406828704;;;;;;;;
2;8,527569528;8,732291667;6,194663573;5,41875;4,406828704;5,256365741;;;;;;;;
6;8,732291667;6,194663573;5,41875;4,406828704;5,256365741;7,655324074;;;;;;;;
7;6,194663573;5,41875;4,406828704;5,256365741;7,655324074;7,614849188;;;;;;;;
2;5,41875;4,406828704;5,256365741;7,655324074;7,614849188;5,892111369;;;;;;;;
2;4,406828704;5,256365741;7,655324074;7,614849188;5,892111369;7,072800926;;;;;;;;
3;5,256365741;7,655324074;7,614849188;5,892111369;7,072800926;8,551388889;;;;;;;;
4;7,655324074;7,614849188;5,892111369;7,072800926;8,551388889;8,27037037;;;;;;;;
7;7,614849188;5,892111369;7,072800926;8,551388889;8,27037037;10,09421296;;;;;;;;
3;5,892111369;7,072800926;8,551388889;8,27037037;10,09421296;9,805439815;;;;;;;;
4;7,072800926;8,551388889;8,27037037;10,09421296;9,805439815;10,18981481;;;;;;;;
2;8,551388889;8,27037037;10,09421296;9,805439815;10,18981481;9,214467593;;;;;;;;
4;8,27037037;10,09421296;9,805439815;10,18981481;9,214467593;7,904861111;;;;;;;;
2;10,09421296;9,805439815;10,18981481;9,214467593;7,904861111;5,869560185;;;;;;;;
6;9,805439815;10,18981481;9,214467593;7,904861111;5,869560185;5,297685185;;;;;;;;
1;10,18981481;9,214467593;7,904861111;5,869560185;5,297685185;6,985069444;;;;;;;;
2;9,214467593;7,904861111;5,869560185;5,297685185;6,985069444;9,555208333;;;;;;;;
6;7,904861111;5,869560185;5,297685185;6,985069444;9,555208333;10,14855156;;;;;;;;
4;5,869560185;5,297685185;6,985069444;9,555208333;10,14855156;10,25439815;;;;;;;;
2;5,297685185;6,985069444;9,555208333;10,14855156;10,25439815;10,36087963;;;;;;;;
5;6,985069444;9,555208333;10,14855156;10,25439815;10,36087963;7,497337963;;;;;;;;
2;9,555208333;10,14855156;10,25439815;10,36087963;7,497337963;4,698958333;;;;;;;;
2;10,14855156;10,25439815;10,36087963;7,497337963;4,698958333;3,723032407;;;;;;;;
6;10,25439815;10,36087963;7,497337963;4,698958333;3,723032407;5,344675926;;;;;;;;
3;10,36087963;7,497337963;4,698958333;3,723032407;5,344675926;5,764814815;;;;;;;;
6;7,497337963;4,698958333;3,723032407;5,344675926;5,764814815;6,872800926;;;;;;;;
5;4,698958333;3,723032407;5,344675926;5,764814815;6,872800926;9,580648899;;;;;;;;
3;3,723032407;5,344675926;5,764814815;6,872800926;9,580648899;10,02387022;;;;;;;;
5;5,344675926;5,764814815;6,872800926;9,580648899;10,02387022;12,15330243;;;;;;;;
3;5,764814815;6,872800926;9,580648899;10,02387022;12,15330243;11,11851852;;;;;;;;
5;6,872800926;9,580648899;10,02387022;12,15330243;11,11851852;10,71875;;;;;;;;
7;9,580648899;10,02387022;12,15330243;11,11851852;10,71875;9,488310185;;;;;;;;
10;10,02387022;12,15330243;11,11851852;10,71875;9,488310185;7,020745921;;;;;;;;
3;12,15330243;11,11851852;10,71875;9,488310185;7,020745921;9,894431555;;;;;;;;
4;11,11851852;10,71875;9,488310185;7,020745921;9,894431555;10,56597222;;;;;;;;
7;10,71875;9,488310185;7,020745921;9,894431555;10,56597222;12,31400463;;;;;;;;
3;9,488310185;7,020745921;9,894431555;10,56597222;12,31400463;12,30833333;;;;;;;;
1;7,020745921;9,894431555;10,56597222;12,31400463;12,30833333;12,6556713;;;;;;;;
1;9,894431555;10,56597222;12,31400463;12,30833333;12,6556713;12,33453071;;;;;;;;
6;10,56597222;12,31400463;12,30833333;12,6556713;12,33453071;11,24403244;;;;;;;;
4;12,31400463;12,30833333;12,6556713;12,33453071;11,24403244;11,190625;;;;;;;;
4;12,30833333;12,6556713;12,33453071;11,24403244;11,190625;11,6744213;;;;;;;;
1;12,6556713;12,33453071;11,24403244;11,190625;11,6744213;11,98344907;;;;;;;;
2;12,33453071;11,24403244;11,190625;11,6744213;11,98344907;12,44814815;;;;;;;;
6;11,24403244;11,190625;11,6744213;11,98344907;12,44814815;10,98576389;;;;;;;;
2;11,190625;11,6744213;11,98344907;12,44814815;10,98576389;14,49965278;;;;;;;;
2;11,6744213;11,98344907;12,44814815;10,98576389;14,49965278;14,29189815;;;;;;;;
1;11,98344907;12,44814815;10,98576389;14,49965278;14,29189815;15,29247685;;;;;;;;
5;12,44814815;10,98576389;14,49965278;14,29189815;15,29247685;14,51067285;;;;;;;;
5;10,98576389;14,49965278;14,29189815;15,29247685;14,51067285;15,57520278;;;;;;;;
6;14,49965278;14,29189815;15,29247685;14,51067285;15,57520278;16,49039352;;;;;;;;
1;14,29189815;15,29247685;14,51067285;15,57520278;16,49039352;14,88634259;;;;;;;;
4;15,29247685;14,51067285;15,57520278;16,49039352;14,88634259;14,17578216;;;;;;;;
7;14,51067285;15,57520278;16,49039352;14,88634259;14,17578216;16,83402778;;;;;;;;
6;15,57520278;16,49039352;14,88634259;14,17578216;16,83402778;17,20324074;;;;;;;;
8;16,49039352;14,88634259;14,17578216;16,83402778;17,20324074;15,61122685;;;;;;;;
5;14,88634259;14,17578216;16,83402778;17,20324074;15,61122685;14,89791667;;;;;;;;
5;14,17578216;16,83402778;17,20324074;15,61122685;14,89791667;15,56851852;;;;;;;;
3;16,83402778;17,20324074;15,61122685;14,89791667;15,56851852;15,89201389;;;;;;;;
3;17,20324074;15,61122685;14,89791667;15,56851852;15,89201389;16,33680556;;;;;;;;
4;15,61122685;14,89791667;15,56851852;15,89201389;16,33680556;15,81041667;;;;;;;;
4;14,89791667;15,56851852;15,89201389;16,33680556;15,81041667;16,82268519;;;;;;;;
3;15,56851852;15,89201389;16,33680556;15,81041667;16,82268519;16,09188876;;;;;;;;
6;15,89201389;16,33680556;15,81041667;16,82268519;16,09188876;16,89733796;;;;;;;;
5;16,33680556;15,81041667;16,82268519;16,09188876;16,89733796;16,65405093;;;;;;;;
4;15,81041667;16,82268519;16,09188876;16,89733796;16,65405093;16,77705678;;;;;;;;
0;16,82268519;16,09188876;16,89733796;16,65405093;16,77705678;16,01076389;;;;;;;;
2;16,09188876;16,89733796;16,65405093;16,77705678;16,01076389;16,89039352;;;;;;;;
0;16,89733796;16,65405093;16,77705678;16,01076389;16,89039352;17,34259259;;;;;;;;
6;16,65405093;16,77705678;16,01076389;16,89039352;17,34259259;17,88796296;;;;;;;;
5;16,77705678;16,01076389;16,89039352;17,34259259;17,88796296;16,04247685;;;;;;;;
4;16,01076389;16,89039352;17,34259259;17,88796296;16,04247685;14,22190035;;;;;;;;
5;16,89039352;17,34259259;17,88796296;16,04247685;14,22190035;11,99571263;;;;;;;;
4;17,34259259;17,88796296;16,04247685;14,22190035;11,99571263;12,2318287;;;;;;;;
4;17,88796296;16,04247685;14,22190035;11,99571263;12,2318287;13,25497685;;;;;;;;
4;16,04247685;14,22190035;11,99571263;12,2318287;13,25497685;12,24085648;;;;;;;;
5;14,22190035;11,99571263;12,2318287;13,25497685;12,24085648;14,27847222;;;;;;;;
2;11,99571263;12,2318287;13,25497685;12,24085648;14,27847222;15,52013889;;;;;;;;
4;12,2318287;13,25497685;12,24085648;14,27847222;15,52013889;10,42345238;;;;;;;;
9;13,25497685;12,24085648;14,27847222;15,52013889;10,42345238;14,24421931;;;;;;;;
5;12,24085648;14,27847222;15,52013889;10,42345238;14,24421931;17,88675958;;;;;;;;
5;14,27847222;15,52013889;10,42345238;14,24421931;17,88675958;18,57905093;;;;;;;;
4;15,52013889;10,42345238;14,24421931;17,88675958;18,57905093;16,6306713;;;;;;;;
0;10,42345238;14,24421931;17,88675958;18,57905093;16,6306713;18,02951389;;;;;;;;
1;14,24421931;17,88675958;18,57905093;16,6306713;18,02951389;18,50133333;;;;;;;;
2;17,88675958;18,57905093;16,6306713;18,02951389;18,50133333;18,87175926;;;;;;;;
4;18,57905093;16,6306713;18,02951389;18,50133333;18,87175926;15,5645933;;;;;;;;
7;16,6306713;18,02951389;18,50133333;18,87175926;15,5645933;15,60671296;;;;;;;;
3;18,02951389;18,50133333;18,87175926;15,5645933;15,60671296;14,58910776;;;;;;;;
5;18,50133333;18,87175926;15,5645933;15,60671296;14,58910776;14,41306884;;;;;;;;
6;18,87175926;15,5645933;15,60671296;14,58910776;14,41306884;15,46064815;;;;;;;;
4;15,5645933;15,60671296;14,58910776;14,41306884;15,46064815;17,80208333;;;;;;;;
4;15,60671296;14,58910776;14,41306884;15,46064815;17,80208333;17,74618056;;;;;;;;
6;14,58910776;14,41306884;15,46064815;17,80208333;17,74618056;15,17673611;;;;;;;;
5;14,41306884;15,46064815;17,80208333;17,74618056;15,17673611;16,5727907;;;;;;;;
3;15,46064815;17,80208333;17,74618056;15,17673611;16,5727907;17,50904872;;;;;;;;
7;17,80208333;17,74618056;15,17673611;16,5727907;17,50904872;12,80891204;;;;;;;;
3;17,74618056;15,17673611;16,5727907;17,50904872;12,80891204;17,5116144;;;;;;;;
6;15,17673611;16,5727907;17,50904872;12,80891204;17,5116144;20,67847222;;;;;;;;
6;16,5727907;17,50904872;12,80891204;17,5116144;20,67847222;21,61053241;;;;;;;;
9;17,50904872;12,80891204;17,5116144;20,67847222;21,61053241;16,67002315;;;;;;;;
2;12,80891204;17,5116144;20,67847222;21,61053241;16,67002315;19,04895833;;;;;;;;
3;17,5116144;20,67847222;21,61053241;16,67002315;19,04895833;19,06724537;;;;;;;;
8;20,67847222;21,61053241;16,67002315;19,04895833;19,06724537;21,08317865;;;;;;;;
5;21,61053241;16,67002315;19,04895833;19,06724537;21,08317865;23,00416667;;;;;;;;
4;16,67002315;19,04895833;19,06724537;21,08317865;23,00416667;24,0255787;;;;;;;;
12;19,04895833;19,06724537;21,08317865;23,00416667;24,0255787;17,71042874;;;;;;;;
2;19,06724537;21,08317865;23,00416667;24,0255787;17,71042874;16,31157407;;;;;;;;
3;21,08317865;23,00416667;24,0255787;17,71042874;16,31157407;17,01886574;;;;;;;;
4;23,00416667;24,0255787;17,71042874;16,31157407;17,01886574;17,51274623;;;;;;;;
9;24,0255787;17,71042874;16,31157407;17,01886574;17,51274623;17,98171296;;;;;;;;
2;17,71042874;16,31157407;17,01886574;17,51274623;17,98171296;18,83981481;;;;;;;;
0;16,31157407;17,01886574;17,51274623;17,98171296;18,83981481;18,5443287;;;;;;;;
2;17,01886574;17,51274623;17,98171296;18,83981481;18,5443287;19,49780093;;;;;;;;
9;17,51274623;17,98171296;18,83981481;18,5443287;19,49780093;21,58472222;;;;;;;;
2;17,98171296;18,83981481;18,5443287;19,49780093;21,58472222;22,65416667;;;;;;;;
6;18,83981481;18,5443287;19,49780093;21,58472222;22,65416667;21,46435185;;;;;;;;
5;18,5443287;19,49780093;21,58472222;22,65416667;21,46435185;18,88043981;;;;;;;;
5;19,49780093;21,58472222;22,65416667;21,46435185;18,88043981;20,88422274;;;;;;;;
5;21,58472222;22,65416667;21,46435185;18,88043981;20,88422274;20,17766204;;;;;;;;
6;22,65416667;21,46435185;18,88043981;20,88422274;20,17766204;20,42037037;;;;;;;;
1;21,46435185;18,88043981;20,88422274;20,17766204;20,42037037;22,07013889;;;;;;;;
4;18,88043981;20,88422274;20,17766204;20,42037037;22,07013889;19,8495338;;;;;;;;
6;20,88422274;20,17766204;20,42037037;22,07013889;19,8495338;19,12920046;;;;;;;;
5;20,17766204;20,42037037;22,07013889;19,8495338;19,12920046;19,78308227;;;;;;;;
5;20,42037037;22,07013889;19,8495338;19,12920046;19,78308227;20,45735805;;;;;;;;
3;22,07013889;19,8495338;19,12920046;19,78308227;20,45735805;19,47265353;;;;;;;;
1;19,8495338;19,12920046;19,78308227;20,45735805;19,47265353;18,87615741;;;;;;;;
4;19,12920046;19,78308227;20,45735805;19,47265353;18,87615741;22,00810185;;;;;;;;
3;19,78308227;20,45735805;19,47265353;18,87615741;22,00810185;24,37804878;;;;;;;;
5;20,45735805;19,47265353;18,87615741;22,00810185;24,37804878;25,95816918;;;;;;;;
3;19,47265353;18,87615741;22,00810185;24,37804878;25,95816918;27,68125;;;;;;;;
3;18,87615741;22,00810185;24,37804878;25,95816918;27,68125;28,77149479;;;;;;;;
4;22,00810185;24,37804878;25,95816918;27,68125;28,77149479;27,37222222;;;;;;;;
4;24,37804878;25,95816918;27,68125;28,77149479;27,37222222;25,09872538;;;;;;;;
6;25,95816918;27,68125;28,77149479;27,37222222;25,09872538;25,15677868;;;;;;;;
7;27,68125;28,77149479;27,37222222;25,09872538;25,15677868;25,21575898;;;;;;;;
4;28,77149479;27,37222222;25,09872538;25,15677868;25,21575898;26,36273148;;;;;;;;
8;27,37222222;25,09872538;25,15677868;25,21575898;26,36273148;26,17592593;;;;;;;;
2;25,09872538;25,15677868;25,21575898;26,36273148;26,17592593;26,51196283;;;;;;;;
4;25,15677868;25,21575898;26,36273148;26,17592593;26,51196283;24,62465278;;;;;;;;
6;25,21575898;26,36273148;26,17592593;26,51196283;24,62465278;25,37210648;;;;;;;;
1;26,36273148;26,17592593;26,51196283;24,62465278;25,37210648;24,25752315;;;;;;;;
4;26,17592593;26,51196283;24,62465278;25,37210648;24,25752315;25,92030162;;;;;;;;
5;26,51196283;24,62465278;25,37210648;24,25752315;25,92030162;26,68171296;;;;;;;;
2;24,62465278;25,37210648;24,25752315;25,92030162;26,68171296;26,68696742;;;;;;;;
3;25,37210648;24,25752315;25,92030162;26,68171296;26,68696742;26,92063694;;;;;;;;
2;24,25752315;25,92030162;26,68171296;26,68696742;26,92063694;28,20579374;;;;;;;;
4;25,92030162;26,68171296;26,68696742;26,92063694;28,20579374;29,40417149;;;;;;;;
2;26,68171296;26,68696742;26,92063694;28,20579374;29,40417149;29,23704994;;;;;;;;
2;26,68696742;26,92063694;28,20579374;29,40417149;29,23704994;24,10034843;;;;;;;;
4;26,92063694;28,20579374;29,40417149;29,23704994;24,10034843;22,484375;;;;;;;;
4;28,20579374;29,40417149;29,23704994;24,10034843;22,484375;22,31319444;;;;;;;;
6;29,40417149;29,23704994;24,10034843;22,484375;22,31319444;22,325;;;;;;;;
5;29,23704994;24,10034843;22,484375;22,31319444;22,325;22,65520833;;;;;;;;
4;24,10034843;22,484375;22,31319444;22,325;22,65520833;23,97314815;;;;;;;;
9;22,484375;22,31319444;22,325;22,65520833;23,97314815;26,44918415;;;;;;;;
5;22,31319444;22,325;22,65520833;23,97314815;26,44918415;27,49699074;;;;;;;;
11;22,325;22,65520833;23,97314815;26,44918415;27,49699074;28,74189815;;;;;;;;
5;22,65520833;23,97314815;26,44918415;27,49699074;28,74189815;27,98587963;;;;;;;;
2;23,97314815;26,44918415;27,49699074;28,74189815;27,98587963;25,75590278;;;;;;;;
3;26,44918415;27,49699074;28,74189815;27,98587963;25,75590278;24,55173611;;;;;;;;
2;27,49699074;28,74189815;27,98587963;25,75590278;24,55173611;25,67326389;;;;;;;;
3;28,74189815;27,98587963;25,75590278;24,55173611;25,67326389;27,909375;;;;;;;;
3;27,98587963;25,75590278;24,55173611;25,67326389;27,909375;26,12361111;;;;;;;;
5;25,75590278;24,55173611;25,67326389;27,909375;26,12361111;25,48654292;;;;;;;;
4;24,55173611;25,67326389;27,909375;26,12361111;25,48654292;24,62094907;;;;;;;;
4;25,67326389;27,909375;26,12361111;25,48654292;24,62094907;26,85497685;;;;;;;;
4;27,909375;26,12361111;25,48654292;24,62094907;26,85497685;27,85509259;;;;;;;;
2;26,12361111;25,48654292;24,62094907;26,85497685;27,85509259;23,71354167;;;;;;;;
2;25,48654292;24,62094907;26,85497685;27,85509259;23,71354167;23,97555041;;;;;;;;
2;24,62094907;26,85497685;27,85509259;23,71354167;23,97555041;25,35219907;;;;;;;;
7;26,85497685;27,85509259;23,71354167;23,97555041;25,35219907;26,43391204;;;;;;;;
6;27,85509259;23,71354167;23,97555041;25,35219907;26,43391204;27,56909722;;;;;;;;
2;23,71354167;23,97555041;25,35219907;26,43391204;27,56909722;21,8900463;;;;;;;;
4;23,97555041;25,35219907;26,43391204;27,56909722;21,8900463;23,54895833;;;;;;;;
4;25,35219907;26,43391204;27,56909722;21,8900463;23,54895833;24,62858796;;;;;;;;
3;26,43391204;27,56909722;21,8900463;23,54895833;24,62858796;24,69606481;;;;;;;;
3;27,56909722;21,8900463;23,54895833;24,62858796;24,69606481;25,26477404;;;;;;;;
4;21,8900463;23,54895833;24,62858796;24,69606481;25,26477404;22,16608796;;;;;;;;
6;23,54895833;24,62858796;24,69606481;25,26477404;22,16608796;20,75185185;;;;;;;;
4;24,62858796;24,69606481;25,26477404;22,16608796;20,75185185;21,49860465;;;;;;;;
4;24,69606481;25,26477404;22,16608796;20,75185185;21,49860465;23,01527778;;;;;;;;
2;25,26477404;22,16608796;20,75185185;21,49860465;23,01527778;25,16319444;;;;;;;;
2;22,16608796;20,75185185;21,49860465;23,01527778;25,16319444;26,59618056;;;;;;;;
2;20,75185185;21,49860465;23,01527778;25,16319444;26,59618056;26,2412037;;;;;;;;
2;21,49860465;23,01527778;25,16319444;26,59618056;26,2412037;25,15555556;;;;;;;;
1;23,01527778;25,16319444;26,59618056;26,2412037;25,15555556;24,26597222;;;;;;;;
3;25,16319444;26,59618056;26,2412037;25,15555556;24,26597222;24,24878331;;;;;;;;
3;26,59618056;26,2412037;25,15555556;24,26597222;24,24878331;23,334375;;;;;;;;
2;26,2412037;25,15555556;24,26597222;24,24878331;23,334375;24,74074074;;;;;;;;
3;25,15555556;24,26597222;24,24878331;23,334375;24,74074074;23,53564815;;;;;;;;
1;24,26597222;24,24878331;23,334375;24,74074074;23,53564815;23,790625;;;;;;;;
1;24,24878331;23,334375;24,74074074;23,53564815;23,790625;24,82569444;;;;;;;;
3;23,334375;24,74074074;23,53564815;23,790625;24,82569444;25,47152778;;;;;;;;
2;24,74074074;23,53564815;23,790625;24,82569444;25,47152778;25,29513889;;;;;;;;
4;23,53564815;23,790625;24,82569444;25,47152778;25,29513889;25,91203704;;;;;;;;
3;23,790625;24,82569444;25,47152778;25,29513889;25,91203704;26,62094907;;;;;;;;
1;24,82569444;25,47152778;25,29513889;25,91203704;26,62094907;26,67858796;;;;;;;;
4;25,47152778;25,29513889;25,91203704;26,62094907;26,67858796;22,81064815;;;;;;;;
2;25,29513889;25,91203704;26,62094907;26,67858796;22,81064815;25,05289352;;;;;;;;
1;25,91203704;26,62094907;26,67858796;22,81064815;25,05289352;25,63198146;;;;;;;;
3;26,62094907;26,67858796;22,81064815;25,05289352;25,63198146;26,49282407;;;;;;;;
3;26,67858796;22,81064815;25,05289352;25,63198146;26,49282407;26,565625;;;;;;;;
2;22,81064815;25,05289352;25,63198146;26,49282407;26,565625;26,01516204;;;;;;;;
5;25,05289352;25,63198146;26,49282407;26,565625;26,01516204;25,92696759;;;;;;;;
8;25,63198146;26,49282407;26,565625;26,01516204;25,92696759;23,94907407;;;;;;;;
6;26,49282407;26,565625;26,01516204;25,92696759;23,94907407;23,52618772;;;;;;;;
3;26,565625;26,01516204;25,92696759;23,94907407;23,52618772;25,15702671;;;;;;;;
4;26,01516204;25,92696759;23,94907407;23,52618772;25,15702671;25,61747685;;;;;;;;
5;25,92696759;23,94907407;23,52618772;25,15702671;25,61747685;25,49594438;;;;;;;;
3;23,94907407;23,52618772;25,15702671;25,61747685;25,49594438;26,03499421;;;;;;;;
6;23,52618772;25,15702671;25,61747685;25,49594438;26,03499421;25,74456019;;;;;;;;
4;25,15702671;25,61747685;25,49594438;26,03499421;25,74456019;25,63793503;;;;;;;;
4;25,61747685;25,49594438;26,03499421;25,74456019;25,63793503;25,25538818;;;;;;;;
5;25,49594438;26,03499421;25,74456019;25,63793503;25,25538818;21,61877173;;;;;;;;
3;26,03499421;25,74456019;25,63793503;25,25538818;21,61877173;20,37372685;;;;;;;;
5;25,74456019;25,63793503;25,25538818;21,61877173;20,37372685;19,80220674;;;;;;;;
4;25,63793503;25,25538818;21,61877173;20,37372685;19,80220674;19,396292;;;;;;;;
6;25,25538818;21,61877173;20,37372685;19,80220674;19,396292;21,44495944;;;;;;;;
3;21,61877173;20,37372685;19,80220674;19,396292;21,44495944;21,09328704;;;;;;;;
6;20,37372685;19,80220674;19,396292;21,44495944;21,09328704;18,24560185;;;;;;;;
1;19,80220674;19,396292;21,44495944;21,09328704;18,24560185;18,45767442;;;;;;;;
5;19,396292;21,44495944;21,09328704;18,24560185;18,45767442;18,89455388;;;;;;;;
3;21,44495944;21,09328704;18,24560185;18,45767442;18,89455388;19,64912689;;;;;;;;
4;21,09328704;18,24560185;18,45767442;18,89455388;19,64912689;18,921875;;;;;;;;
3;18,24560185;18,45767442;18,89455388;19,64912689;18,921875;19,38599537;;;;;;;;
4;18,45767442;18,89455388;19,64912689;18,921875;19,38599537;19,59791667;;;;;;;;
3;18,89455388;19,64912689;18,921875;19,38599537;19,59791667;19,5224537;;;;;;;;
6;19,64912689;18,921875;19,38599537;19,59791667;19,5224537;19,95607477;;;;;;;;
7;18,921875;19,38599537;19,59791667;19,5224537;19,95607477;20,06500579;;;;;;;;
5;19,38599537;19,59791667;19,5224537;19,95607477;20,06500579;18,99594438;;;;;;;;
2;19,59791667;19,5224537;19,95607477;20,06500579;18,99594438;19,03252315;;;;;;;;
4;19,5224537;19,95607477;20,06500579;18,99594438;19,03252315;18,74350877;;;;;;;;
5;19,95607477;20,06500579;18,99594438;19,03252315;18,74350877;17,41981132;;;;;;;;
2;20,06500579;18,99594438;19,03252315;18,74350877;17,41981132;15,54227642;;;;;;;;
3;18,99594438;19,03252315;18,74350877;17,41981132;15,54227642;13,43990499;;;;;;;;
2;19,03252315;18,74350877;17,41981132;15,54227642;13,43990499;13,91666667;;;;;;;;
6;18,74350877;17,41981132;15,54227642;13,43990499;13,91666667;13,97395833;;;;;;;;
3;17,41981132;15,54227642;13,43990499;13,91666667;13,97395833;13,16183295;;;;;;;;
4;15,54227642;13,43990499;13,91666667;13,97395833;13,16183295;11,48824912;;;;;;;;
1;13,43990499;13,91666667;13,97395833;13,16183295;11,48824912;11,0661597;;;;;;;;
3;13,91666667;13,97395833;13,16183295;11,48824912;11,0661597;10,37719715;;;;;;;;
3;13,97395833;13,16183295;11,48824912;11,0661597;10,37719715;10,12373494;;;;;;;;
6;13,16183295;11,48824912;11,0661597;10,37719715;10,12373494;9,967252196;;;;;;;;
6;11,48824912;11,0661597;10,37719715;10,12373494;9,967252196;12,1020979;;;;;;;;
7;11,0661597;10,37719715;10,12373494;9,967252196;12,1020979;14,8300464;;;;;;;;
3;10,37719715;10,12373494;9,967252196;12,1020979;14,8300464;14,58;;;;;;;;
13;10,12373494;9,967252196;12,1020979;14,8300464;14,58;14,85158637;;;;;;;;
6;9,967252196;12,1020979;14,8300464;14,58;14,85158637;13,82164352;;;;;;;;
6;12,1020979;14,8300464;14,58;14,85158637;13,82164352;13,25405093;;;;;;;;
7;14,8300464;14,58;14,85158637;13,82164352;13,25405093;12,34854482;;;;;;;;
7;14,58;14,85158637;13,82164352;13,25405093;12,34854482;11,42939815;;;;;;;;
4;14,85158637;13,82164352;13,25405093;12,34854482;11,42939815;11,14930556;;;;;;;;
8;13,82164352;13,25405093;12,34854482;11,42939815;11,14930556;11,91382114;;;;;;;;
6;13,25405093;12,34854482;11,42939815;11,14930556;11,91382114;12,88400927;;;;;;;;
3;12,34854482;11,42939815;11,14930556;11,91382114;12,88400927;14,33402778;;;;;;;;
6;11,42939815;11,14930556;11,91382114;12,88400927;14,33402778;15,66087963;;;;;;;;
3;11,14930556;11,91382114;12,88400927;14,33402778;15,66087963;13,91818182;;;;;;;;
8;11,91382114;12,88400927;14,33402778;15,66087963;13,91818182;12,71490148;;;;;;;;
2;12,88400927;14,33402778;15,66087963;13,91818182;12,71490148;11,18583433;;;;;;;;
3;14,33402778;15,66087963;13,91818182;12,71490148;11,18583433;10,50750605;;;;;;;;
6;15,66087963;13,91818182;12,71490148;11,18583433;10,50750605;10,79941589;;;;;;;;
3;13,91818182;12,71490148;11,18583433;10,50750605;10,79941589;12,72287048;;;;;;;;
3;12,71490148;11,18583433;10,50750605;10,79941589;12,72287048;11,37714617;;;;;;;;
8;11,18583433;10,50750605;10,79941589;12,72287048;11,37714617;11,8039801;;;;;;;;
8;10,50750605;10,79941589;12,72287048;11,37714617;11,8039801;9,764947245;;;;;;;;
4;10,79941589;12,72287048;11,37714617;11,8039801;9,764947245;9,876725146;;;;;;;;
6;12,72287048;11,37714617;11,8039801;9,764947245;9,876725146;8,296759259;;;;;;;;
6;11,37714617;11,8039801;9,764947245;9,876725146;8,296759259;7,886342593;;;;;;;;
4;11,8039801;9,764947245;9,876725146;8,296759259;7,886342593;5,575115741;;;;;;;;
6;9,764947245;9,876725146;8,296759259;7,886342593;5,575115741;6,197798378;;;;;;;;
5;9,876725146;8,296759259;7,886342593;5,575115741;6,197798378;8,049303944;;;;;;;;
6;8,296759259;7,886342593;5,575115741;6,197798378;8,049303944;7,658449074;;;;;;;;
5;7,886342593;5,575115741;6,197798378;8,049303944;7,658449074;7,767476852;;;;;;;;
5;5,575115741;6,197798378;8,049303944;7,658449074;7,767476852;7,339064327;;;;;;;;
3;6,197798378;8,049303944;7,658449074;7,767476852;7,339064327;5,679490151;;;;;;;;
5;8,049303944;7,658449074;7,767476852;7,339064327;5,679490151;5,682325581;;;;;;;;
5;7,658449074;7,767476852;7,339064327;5,679490151;5,682325581;6,694438007;;;;;;;;
8;7,767476852;7,339064327;5,679490151;5,682325581;6,694438007;7,375;;;;;;;;
7;7,339064327;5,679490151;5,682325581;6,694438007;7,375;8,036458333;;;;;;;;
6;5,679490151;5,682325581;6,694438007;7,375;8,036458333;8,197106481;;;;;;;;
7;5,682325581;6,694438007;7,375;8,036458333;8,197106481;9,27650463;;;;;;;;
6;6,694438007;7,375;8,036458333;8,197106481;9,27650463;11,33333333;;;;;;;;
2;7,375;8,036458333;8,197106481;9,27650463;11,33333333;13,1818287;;;;;;;;
3;8,036458333;8,197106481;9,27650463;11,33333333;13,1818287;13,14108796;;;;;;;;
6;8,197106481;9,27650463;11,33333333;13,1818287;13,14108796;12,91631944;;;;;;;;
7;9,27650463;11,33333333;13,1818287;13,14108796;12,91631944;12,32615741;;;;;;;;
2;11,33333333;13,1818287;13,14108796;12,91631944;12,32615741;9,102893519;;;;;;;;
6;13,1818287;13,14108796;12,91631944;12,32615741;9,102893519;9,054861111;;;;;;;;
6;13,14108796;12,91631944;12,32615741;9,102893519;9,054861111;5,3235363;;;;;;;;
5;12,91631944;12,32615741;9,102893519;9,054861111;5,3235363;3,715610329;;;;;;;;
6;12,32615741;9,102893519;9,054861111;5,3235363;3,715610329;6,649823737;;;;;;;;
5;9,102893519;9,054861111;5,3235363;3,715610329;6,649823737;9,346064815;;;;;;;;
5;9,054861111;5,3235363;3,715610329;6,649823737;9,346064815;7,687731481;;;;;;;;
7;5,3235363;3,715610329;6,649823737;9,346064815;7,687731481;7,900347222;;;;;;;;
0;3,715610329;6,649823737;9,346064815;7,687731481;7,900347222;6,785069444;;;;;;;;
6;6,649823737;9,346064815;7,687731481;7,900347222;6,785069444;6,036111111;;;;;;;;
4;9,346064815;7,687731481;7,900347222;6,785069444;6,036111111;4,441550926;;;;;;;;
5;7,687731481;7,900347222;6,785069444;6,036111111;4,441550926;2,83900463;;;;;;;;
3;7,900347222;6,785069444;6,036111111;4,441550926;2,83900463;2,213773148;;;;;;;;
8;6,785069444;6,036111111;4,441550926;2,83900463;2,213773148;2,105902778;;;;;;;;
5;6,036111111;4,441550926;2,83900463;2,213773148;2,105902778;4,063078704;;;;;;;;
4;4,441550926;2,83900463;2,213773148;2,105902778;4,063078704;3,087717265;;;;;;;;
2;2,83900463;2,213773148;2,105902778;4,063078704;3,087717265;3,546697567;;;;;;;;
5;2,213773148;2,105902778;4,063078704;3,087717265;3,546697567;2,435763889;;;;;;;;
6;2,105902778;4,063078704;3,087717265;3,546697567;2,435763889;2,382926829;;;;;;;;
3;4,063078704;3,087717265;3,546697567;2,435763889;2,382926829;3,812847222;;;;;;;;
7;3,087717265;3,546697567;2,435763889;2,382926829;3,812847222;1,594212963;;;;;;;;
9;3,546697567;2,435763889;2,382926829;3,812847222;1,594212963;-0,186689815;;;;;;;;
5;2,435763889;2,382926829;3,812847222;1,594212963;-0,186689815;1,937587007;;;;;;;;
2;2,382926829;3,812847222;1,594212963;-0,186689815;1,937587007;6,312195122;;;;;;;;
5;3,812847222;1,594212963;-0,186689815;1,937587007;6,312195122;7,887037037;;;;;;;;
5;1,594212963;-0,186689815;1,937587007;6,312195122;7,887037037;5,837093023;;;;;;;;
7;-0,186689815;1,937587007;6,312195122;7,887037037;5,837093023;4,929976852;;;;;;;;
11;1,937587007;6,312195122;7,887037037;5,837093023;4,929976852;5,032097335;;;;;;;;
13;6,312195122;7,887037037;5,837093023;4,929976852;5,032097335;5,26712963;;;;;;;;
6;7,887037037;5,837093023;4,929976852;5,032097335;5,26712963;6,968171296;;;;;;;;
1;5,837093023;4,929976852;5,032097335;5,26712963;6,968171296;13,32303241;;;;;;;;
10;4,929976852;5,032097335;5,26712963;6,968171296;13,32303241;7,561921296;;;;;;;;
5;5,032097335;5,26712963;6,968171296;13,32303241;7,561921296;5,750231481;;;;;;;;
5;5,26712963;6,968171296;13,32303241;7,561921296;5,750231481;3,343402778;;;;;;;;
6;6,968171296;13,32303241;7,561921296;5,750231481;3,343402778;2,258217593;;;;;;;;
8;13,32303241;7,561921296;5,750231481;3,343402778;2,258217593;2,519119351;;;;;;;;
5;7,561921296;5,750231481;3,343402778;2,258217593;2,519119351;3,571527778;;;;;;;;
6;5,750231481;3,343402778;2,258217593;2,519119351;3,571527778;3,649189815;;;;;;;;
9;3,343402778;2,258217593;2,519119351;3,571527778;3,649189815;4,969791667;;;;;;;;
5;2,258217593;2,519119351;3,571527778;3,649189815;4,969791667;6,180555556;;;;;;;;
6;2,519119351;3,571527778;3,649189815;4,969791667;6,180555556;1,722800926;;;;;;;;
2;3,571527778;3,649189815;4,969791667;6,180555556;1,722800926;-0,769328704;;;;;;;;
13;3,649189815;4,969791667;6,180555556;1,722800926;-0,769328704;-1,065625;;;;;;;;
4;4,969791667;6,180555556;1,722800926;-0,769328704;-1,065625;-0,06087963;;;;;;;;
6;6,180555556;1,722800926;-0,769328704;-1,065625;-0,06087963;0,224305556;;;;;;;;
6;1,722800926;-0,769328704;-1,065625;-0,06087963;0,224305556;-0,165277778;;;;;;;;
7;-0,769328704;-1,065625;-0,06087963;0,224305556;-0,165277778;0,853240741;;;;;;;;
3;-1,065625;-0,06087963;0,224305556;-0,165277778;0,853240741;1,952777778;;;;;;;;
5;-0,06087963;0,224305556;-0,165277778;0,853240741;1,952777778;4,569328704;;;;;;;;
6;0,224305556;-0,165277778;0,853240741;1,952777778;4,569328704;3,996180556;;;;;;;;
7;-0,165277778;0,853240741;1,952777778;4,569328704;3,996180556;1,655156431;;;;;;;;
7;0,853240741;1,952777778;4,569328704;3,996180556;1,655156431;2,929861111;;;;;;;;
7;1,952777778;4,569328704;3,996180556;1,655156431;2,929861111;2,443634259;;;;;;;;
8;4,569328704;3,996180556;1,655156431;2,929861111;2,443634259;2,817013889;;;;;;;;
3;3,996180556;1,655156431;2,929861111;2,443634259;2,817013889;2,232523148;;;;;;;;
7;1,655156431;2,929861111;2,443634259;2,817013889;2,232523148;2,218287037;;;;;;;;
8;2,929861111;2,443634259;2,817013889;2,232523148;2,218287037;3,277546296;;;;;;;;
4;2,443634259;2,817013889;2,232523148;2,218287037;3,277546296;3,976593279;;;;;;;;
5;2,817013889;2,232523148;2,218287037;3,277546296;3,976593279;4,462037037;;;;;;;;
2;2,232523148;2,218287037;3,277546296;3,976593279;4,462037037;4,092592593;;;;;;;;
9;2,218287037;3,277546296;3,976593279;4,462037037;4,092592593;2,080208333;;;;;;;;
3;3,277546296;3,976593279;4,462037037;4,092592593;2,080208333;2,89212963;;;;;;;;
6;3,976593279;4,462037037;4,092592593;2,080208333;2,89212963;2,601851852;;;;;;;;
7;4,462037037;4,092592593;2,080208333;2,89212963;2,601851852;2,698263889;;;;;;;;
4;4,092592593;2,080208333;2,89212963;2,601851852;2,698263889;4,078009259;;;;;;;;
5;2,080208333;2,89212963;2,601851852;2,698263889;4,078009259;4,21412037;;;;;;;;
4;2,89212963;2,601851852;2,698263889;4,078009259;4,21412037;4,968253968;;;;;;;;
7;2,601851852;2,698263889;4,078009259;4,21412037;4,968253968;5,729513889;;;;;;;;
2;2,698263889;4,078009259;4,21412037;4,968253968;5,729513889;6,450925926;;;;;;;;
4;4,078009259;4,21412037;4,968253968;5,729513889;6,450925926;6,366782407;;;;;;;;
5;4,21412037;4,968253968;5,729513889;6,450925926;6,366782407;3,684953704;;;;;;;;
4;4,968253968;5,729513889;6,450925926;6,366782407;3,684953704;6,082175926;;;;;;;;
7;5,729513889;6,450925926;6,366782407;3,684953704;6,082175926;8,246180556;;;;;;;;
12;6,450925926;6,366782407;3,684953704;6,082175926;8,246180556;6,683680556;;;;;;;;
2;6,366782407;3,684953704;6,082175926;8,246180556;6,683680556;5,816570104;;;;;;;;
10;3,684953704;6,082175926;8,246180556;6,683680556;5,816570104;3,989930556;;;;;;;;
7;6,082175926;8,246180556;6,683680556;5,816570104;3,989930556;5,260648148;;;;;;;;
3;8,246180556;6,683680556;5,816570104;3,989930556;5,260648148;6,892013889;;;;;;;;
2;6,683680556;5,816570104;3,989930556;5,260648148;6,892013889;6,013541667;;;;;;;;
4;5,816570104;3,989930556;5,260648148;6,892013889;6,013541667;8,675;;;;;;;;
5;3,989930556;5,260648148;6,892013889;6,013541667;8,675;8,047916667;;;;;;;;
4;5,260648148;6,892013889;6,013541667;8,675;8,047916667;9,265121669;;;;;;;;
6;6,892013889;6,013541667;8,675;8,047916667;9,265121669;10,08006952;;;;;;;;
2;6,013541667;8,675;8,047916667;9,265121669;10,08006952;6,733680556;;;;;;;;
3;8,675;8,047916667;9,265121669;10,08006952;6,733680556;6,445116279;;;;;;;;
4;8,047916667;9,265121669;10,08006952;6,733680556;6,445116279;5,066319444;;;;;;;;
4;9,265121669;10,08006952;6,733680556;6,445116279;5,066319444;7,59224537;;;;;;;;
6;10,08006952;6,733680556;6,445116279;5,066319444;7,59224537;7,09212963;;;;;;;;
11;6,733680556;6,445116279;5,066319444;7,59224537;7,09212963;6,690603248;;;;;;;;
11;6,445116279;5,066319444;7,59224537;7,09212963;6,690603248;9,621602787;;;;;;;;
7;5,066319444;7,59224537;7,09212963;6,690603248;9,621602787;8,970023148;;;;;;;;
11;7,59224537;7,09212963;6,690603248;9,621602787;8,970023148;8,624593968;;;;;;;;
4;7,09212963;6,690603248;9,621602787;8,970023148;8,624593968;8,309722222;;;;;;;;
2;6,690603248;9,621602787;8,970023148;8,624593968;8,309722222;7,944444444;;;;;;;;
3;9,621602787;8,970023148;8,624593968;8,309722222;7,944444444;11,07612978;;;;;;;;
5;8,970023148;8,624593968;8,309722222;7,944444444;11,07612978;10,40659722;;;;;;;;
1;8,624593968;8,309722222;7,944444444;11,07612978;10,40659722;8,869675926;;;;;;;;
1;8,309722222;7,944444444;11,07612978;10,40659722;8,869675926;9,310648148;;;;;;;;
2;7,944444444;11,07612978;10,40659722;8,869675926;9,310648148;10,44826389;;;;;;;;
5;11,07612978;10,40659722;8,869675926;9,310648148;10,44826389;9,410763889;;;;;;;;
6;10,40659722;8,869675926;9,310648148;10,44826389;9,410763889;11,74328704;;;;;;;;
9;8,869675926;9,310648148;10,44826389;9,410763889;11,74328704;11,24530707;;;;;;;;
6;9,310648148;10,44826389;9,410763889;11,74328704;11,24530707;12,42523148;;;;;;;;
6;10,44826389;9,410763889;11,74328704;11,24530707;12,42523148;15,54889919;;;;;;;;
4;9,410763889;11,74328704;11,24530707;12,42523148;15,54889919;12,37157895;;;;;;;;
7;11,74328704;11,24530707;12,42523148;15,54889919;12,37157895;11,45392732;;;;;;;;
3;11,24530707;12,42523148;15,54889919;12,37157895;11,45392732;10,53356481;;;;;;;;
6;12,42523148;15,54889919;12,37157895;11,45392732;10,53356481;12,52966396;;;;;;;;
6;15,54889919;12,37157895;11,45392732;10,53356481;12,52966396;13,80046296;;;;;;;;
6;12,37157895;11,45392732;10,53356481;12,52966396;13,80046296;13,4181713;;;;;;;;
4;11,45392732;10,53356481;12,52966396;13,80046296;13,4181713;14,24079254;;;;;;;;
4;10,53356481;12,52966396;13,80046296;13,4181713;14,24079254;14,48217593;;;;;;;;
5;12,52966396;13,80046296;13,4181713;14,24079254;14,48217593;15,06099537;;;;;;;;
3;13,80046296;13,4181713;14,24079254;14,48217593;15,06099537;14,59965278;;;;;;;;
3;13,4181713;14,24079254;14,48217593;15,06099537;14,59965278;14,47384259;;;;;;;;
8;14,24079254;14,48217593;15,06099537;14,59965278;14,47384259;12,88020833;;;;;;;;
4;14,48217593;15,06099537;14,59965278;14,47384259;12,88020833;12,36245655;;;;;;;;
5;15,06099537;14,59965278;14,47384259;12,88020833;12,36245655;12,75717593;;;;;;;;
7;14,59965278;14,47384259;12,88020833;12,36245655;12,75717593;14,4181713;;;;;;;;
3;14,47384259;12,88020833;12,36245655;12,75717593;14,4181713;11,52546296;;;;;;;;
4;12,88020833;12,36245655;12,75717593;14,4181713;11,52546296;11,91375598;;;;;;;;
2;12,36245655;12,75717593;14,4181713;11,52546296;11,91375598;13,42662037;;;;;;;;
2;12,75717593;14,4181713;11,52546296;11,91375598;13,42662037;15,921875;;;;;;;;
7;14,4181713;11,52546296;11,91375598;13,42662037;15,921875;17,38113426;;;;;;;;
5;11,52546296;11,91375598;13,42662037;15,921875;17,38113426;17,74131944;;;;;;;;
4;11,91375598;13,42662037;15,921875;17,38113426;17,74131944;16,44305556;;;;;;;;
5;13,42662037;15,921875;17,38113426;17,74131944;16,44305556;14,60717593;;;;;;;;
10;15,921875;17,38113426;17,74131944;16,44305556;14,60717593;16,96697567;;;;;;;;
5;17,38113426;17,74131944;16,44305556;14,60717593;16,96697567;17,00787949;;;;;;;;
7;17,74131944;16,44305556;14,60717593;16,96697567;17,00787949;14,01944444;;;;;;;;
2;16,44305556;14,60717593;16,96697567;17,00787949;14,01944444;15,23680556;;;;;;;;
1;14,60717593;16,96697567;17,00787949;14,01944444;15,23680556;14,90625;;;;;;;;
8;16,96697567;17,00787949;14,01944444;15,23680556;14,90625;16,03888889;;;;;;;;
7;17,00787949;14,01944444;15,23680556;14,90625;16,03888889;17,36388889;;;;;;;;
5;14,01944444;15,23680556;14,90625;16,03888889;17,36388889;18,97962963;;;;;;;;
6;15,23680556;14,90625;16,03888889;17,36388889;18,97962963;18,86157407;;;;;;;;
10;14,90625;16,03888889;17,36388889;18,97962963;18,86157407;17,93900463;;;;;;;;
8;16,03888889;17,36388889;18,97962963;18,86157407;17,93900463;18,35856481;;;;;;;;
4;17,36388889;18,97962963;18,86157407;17,93900463;18,35856481;17,48275463;;;;;;;;
3;18,97962963;18,86157407;17,93900463;18,35856481;17,48275463;17,55185185;;;;;;;;
6;18,86157407;17,93900463;18,35856481;17,48275463;17,55185185;18,35659722;;;;;;;;
6;17,93900463;18,35856481;17,48275463;17,55185185;18,35659722;14,93541667;;;;;;;;
2;18,35856481;17,48275463;17,55185185;18,35659722;14,93541667;12,48773148;;;;;;;;
1;17,48275463;17,55185185;18,35659722;14,93541667;12,48773148;11,42719907;;;;;;;;
1;17,55185185;18,35659722;14,93541667;12,48773148;11,42719907;11,81041667;;;;;;;;
2;18,35659722;14,93541667;12,48773148;11,42719907;11,81041667;12,12662037;;;;;;;;
4;14,93541667;12,48773148;11,42719907;11,81041667;12,12662037;14,46284722;;;;;;;;
2;12,48773148;11,42719907;11,81041667;12,12662037;14,46284722;16,11678241;;;;;;;;
5;11,42719907;11,81041667;12,12662037;14,46284722;16,11678241;14,78171296;;;;;;;;
8;11,81041667;12,12662037;14,46284722;16,11678241;14,78171296;15,5068287;;;;;;;;
5;12,12662037;14,46284722;16,11678241;14,78171296;15,5068287;12,26712963;;;;;;;;
2;14,46284722;16,11678241;14,78171296;15,5068287;12,26712963;12,41597222;;;;;;;;
6;16,11678241;14,78171296;15,5068287;12,26712963;12,41597222;12,36712963;;;;;;;;
5;14,78171296;15,5068287;12,26712963;12,41597222;12,36712963;12,77210648;;;;;;;;
5;15,5068287;12,26712963;12,41597222;12,36712963;12,77210648;14,32604167;;;;;;;;
6;12,26712963;12,41597222;12,36712963;12,77210648;14,32604167;10,38287037;;;;;;;;
7;12,41597222;12,36712963;12,77210648;14,32604167;10,38287037;11,28969907;;;;;;;;
8;12,36712963;12,77210648;14,32604167;10,38287037;11,28969907;11,79166667;;;;;;;;
3;12,77210648;14,32604167;10,38287037;11,28969907;11,79166667;12,57418981;;;;;;;;
4;14,32604167;10,38287037;11,28969907;11,79166667;12,57418981;15,18865741;;;;;;;;
3;10,38287037;11,28969907;11,79166667;12,57418981;15,18865741;13,65590278;;;;;;;;
7;11,28969907;11,79166667;12,57418981;15,18865741;13,65590278;13,3119213;;;;;;;;
8;11,79166667;12,57418981;15,18865741;13,65590278;13,3119213;16,86736111;;;;;;;;
5;12,57418981;15,18865741;13,65590278;13,3119213;16,86736111;17,18310185;;;;;;;;
11;15,18865741;13,65590278;13,3119213;16,86736111;17,18310185;15,76921296;;;;;;;;
9;13,65590278;13,3119213;16,86736111;17,18310185;15,76921296;14,93958333;;;;;;;;
6;13,3119213;16,86736111;17,18310185;15,76921296;14,93958333;16,69351852;;;;;;;;
7;16,86736111;17,18310185;15,76921296;14,93958333;16,69351852;18,44641204;;;;;;;;
4;17,18310185;15,76921296;14,93958333;16,69351852;18,44641204;19,90115741;;;;;;;;
2;15,76921296;14,93958333;16,69351852;18,44641204;19,90115741;20,85208333;;;;;;;;
2;14,93958333;16,69351852;18,44641204;19,90115741;20,85208333;22,00694444;;;;;;;;
10;16,69351852;18,44641204;19,90115741;20,85208333;22,00694444;23,11516204;;;;;;;;
5;18,44641204;19,90115741;20,85208333;22,00694444;23,11516204;22,9099537;;;;;;;;
3;19,90115741;20,85208333;22,00694444;23,11516204;22,9099537;18,67407407;;;;;;;;
5;20,85208333;22,00694444;23,11516204;22,9099537;18,67407407;18,6462963;;;;;;;;
6;22,00694444;23,11516204;22,9099537;18,67407407;18,6462963;20,30520833;;;;;;;;
5;23,11516204;22,9099537;18,67407407;18,6462963;20,30520833;22,12615933;;;;;;;;
4;22,9099537;18,67407407;18,6462963;20,30520833;22,12615933;23,92328932;;;;;;;;
4;18,67407407;18,6462963;20,30520833;22,12615933;23,92328932;25,35590278;;;;;;;;
2;18,6462963;20,30520833;22,12615933;23,92328932;25,35590278;23,17094907;;;;;;;;
0;20,30520833;22,12615933;23,92328932;25,35590278;23,17094907;22,92581019;;;;;;;;
5;22,12615933;23,92328932;25,35590278;23,17094907;22,92581019;24,15023148;;;;;;;;
4;23,92328932;25,35590278;23,17094907;22,92581019;24,15023148;25,80625;;;;;;;;
3;25,35590278;23,17094907;22,92581019;24,15023148;25,80625;26,26423611;;;;;;;;
4;23,17094907;22,92581019;24,15023148;25,80625;26,26423611;26,13951049;;;;;;;;
5;22,92581019;24,15023148;25,80625;26,26423611;26,13951049;25,32824074;;;;;;;;
6;24,15023148;25,80625;26,26423611;26,13951049;25,32824074;24,65266204;;;;;;;;
5;25,80625;26,26423611;26,13951049;25,32824074;24,65266204;25,09224537;;;;;;;;
6;26,26423611;26,13951049;25,32824074;24,65266204;25,09224537;24,93321759;;;;;;;;
8;26,13951049;25,32824074;24,65266204;25,09224537;24,93321759;23,75659722;;;;;;;;
5;25,32824074;24,65266204;25,09224537;24,93321759;23,75659722;21,00208575;;;;;;;;
2;24,65266204;25,09224537;24,93321759;23,75659722;21,00208575;20,02094907;;;;;;;;
1;25,09224537;24,93321759;23,75659722;21,00208575;20,02094907;21,4619213;;;;;;;;
2;24,93321759;23,75659722;21,00208575;20,02094907;21,4619213;20,74340278;;;;;;;;
3;23,75659722;21,00208575;20,02094907;21,4619213;20,74340278;22,45393519;;;;;;;;
3;21,00208575;20,02094907;21,4619213;20,74340278;22,45393519;24,89188876;;;;;;;;
7;20,02094907;21,4619213;20,74340278;22,45393519;24,89188876;26,10694444;;;;;;;;
6;21,4619213;20,74340278;22,45393519;24,89188876;26,10694444;27,24502315;;;;;;;;
6;20,74340278;22,45393519;24,89188876;26,10694444;27,24502315;27,93958333;;;;;;;;
2;22,45393519;24,89188876;26,10694444;27,24502315;27,93958333;26,87881944;;;;;;;;
3;24,89188876;26,10694444;27,24502315;27,93958333;26,87881944;25,52843823;;;;;;;;
7;26,10694444;27,24502315;27,93958333;26,87881944;25,52843823;28,56967593;;;;;;;;
4;27,24502315;27,93958333;26,87881944;25,52843823;28,56967593;28,79721578;;;;;;;;
3;27,93958333;26,87881944;25,52843823;28,56967593;28,79721578;25,60208575;;;;;;;;
3;26,87881944;25,52843823;28,56967593;28,79721578;25,60208575;26,34236111;;;;;;;;
5;25,52843823;28,56967593;28,79721578;25,60208575;26,34236111;27,503125;;;;;;;;
2;28,56967593;28,79721578;25,60208575;26,34236111;27,503125;27,92025463;;;;;;;;
1;28,79721578;25,60208575;26,34236111;27,503125;27,92025463;28,83429896;;;;;;;;
3;25,60208575;26,34236111;27,503125;27,92025463;28,83429896;28,25504056;;;;;;;;
0;26,34236111;27,503125;27,92025463;28,83429896;28,25504056;28,64467593;;;;;;;;
3;27,503125;27,92025463;28,83429896;28,25504056;28,64467593;25,69849363;;;;;;;;
7;27,92025463;28,83429896;28,25504056;28,64467593;25,69849363;24,94178241;;;;;;;;
7;28,83429896;28,25504056;28,64467593;25,69849363;24,94178241;24,55173611;;;;;;;;
8;28,25504056;28,64467593;25,69849363;24,94178241;24,55173611;22,21053241;;;;;;;;
5;28,64467593;25,69849363;24,94178241;24,55173611;22,21053241;19,63368056;;;;;;;;
5;25,69849363;24,94178241;24,55173611;22,21053241;19,63368056;20,92916667;;;;;;;;
1;24,94178241;24,55173611;22,21053241;19,63368056;20,92916667;20,86801854;;;;;;;;
4;24,55173611;22,21053241;19,63368056;20,92916667;20,86801854;23,3375;;;;;;;;
2;22,21053241;19,63368056;20,92916667;20,86801854;23,3375;25,84224537;;;;;;;;
3;19,63368056;20,92916667;20,86801854;23,3375;25,84224537;25,74386574;;;;;;;;
2;20,92916667;20,86801854;23,3375;25,84224537;25,74386574;27,19236111;;;;;;;;
4;20,86801854;23,3375;25,84224537;25,74386574;27,19236111;28,64768519;;;;;;;;
4;23,3375;25,84224537;25,74386574;27,19236111;28,64768519;28,81006944;;;;;;;;
6;25,84224537;25,74386574;27,19236111;28,64768519;28,81006944;29,7005787;;;;;;;;
8;25,74386574;27,19236111;28,64768519;28,81006944;29,7005787;27,89490741;;;;;;;;
2;27,19236111;28,64768519;28,81006944;29,7005787;27,89490741;26,49039352;;;;;;;;
2;28,64768519;28,81006944;29,7005787;27,89490741;26,49039352;24,71972158;;;;;;;;
6;28,81006944;29,7005787;27,89490741;26,49039352;24,71972158;26,10868056;;;;;;;;
3;29,7005787;27,89490741;26,49039352;24,71972158;26,10868056;27,91772885;;;;;;;;
5;27,89490741;26,49039352;24,71972158;26,10868056;27,91772885;24,40208333;;;;;;;;
3;26,49039352;24,71972158;26,10868056;27,91772885;24,40208333;25,56574074;;;;;;;;
4;24,71972158;26,10868056;27,91772885;24,40208333;25,56574074;24,56678241;;;;;;;;
5;26,10868056;27,91772885;24,40208333;25,56574074;24,56678241;25,48171296;;;;;;;;
2;27,91772885;24,40208333;25,56574074;24,56678241;25,48171296;26,6318287;;;;;;;;
4;24,40208333;25,56574074;24,56678241;25,48171296;26,6318287;27,13298611;;;;;;;;
5;25,56574074;24,56678241;25,48171296;26,6318287;27,13298611;26,52453704;;;;;;;;
4;24,56678241;25,48171296;26,6318287;27,13298611;26,52453704;25,88425926;;;;;;;;
3;25,48171296;26,6318287;27,13298611;26,52453704;25,88425926;26,62615741;;;;;;;;
5;26,6318287;27,13298611;26,52453704;25,88425926;26,62615741;27,39479167;;;;;;;;
6;27,13298611;26,52453704;25,88425926;26,62615741;27,39479167;24,62592593;;;;;;;;
3;26,52453704;25,88425926;26,62615741;27,39479167;24,62592593;25,36423611;;;;;;;;
4;25,88425926;26,62615741;27,39479167;24,62592593;25,36423611;24,65046296;;;;;;;;
6;26,62615741;27,39479167;24,62592593;25,36423611;24,65046296;25,75497685;;;;;;;;
2;27,39479167;24,62592593;25,36423611;24,65046296;25,75497685;26,22731481;;;;;;;;
2;24,62592593;25,36423611;24,65046296;25,75497685;26,22731481;26,63611111;;;;;;;;
4;25,36423611;24,65046296;25,75497685;26,22731481;26,63611111;24,96041667;;;;;;;;
3;24,65046296;25,75497685;26,22731481;26,63611111;24,96041667;27,22673611;;;;;;;;
6;25,75497685;26,22731481;26,63611111;24,96041667;27,22673611;29,40787037;;;;;;;;
4;26,22731481;26,63611111;24,96041667;27,22673611;29,40787037;30,83946759;;;;;;;;
5;26,63611111;24,96041667;27,22673611;29,40787037;30,83946759;31,27476852;;;;;;;;
7;24,96041667;27,22673611;29,40787037;30,83946759;31,27476852;31,69780093;;;;;;;;
2;27,22673611;29,40787037;30,83946759;31,27476852;31,69780093;31,40949074;;;;;;;;
3;29,40787037;30,83946759;31,27476852;31,69780093;31,40949074;28,04826389;;;;;;;;
3;30,83946759;31,27476852;31,69780093;31,40949074;28,04826389;26,08263889;;;;;;;;
4;31,27476852;31,69780093;31,40949074;28,04826389;26,08263889;25,73090278;;;;;;;;
2;31,69780093;31,40949074;28,04826389;26,08263889;25,73090278;26,43391204;;;;;;;;
3;31,40949074;28,04826389;26,08263889;25,73090278;26,43391204;24,81099537;;;;;;;;
1;28,04826389;26,08263889;25,73090278;26,43391204;24,81099537;20,00081019;;;;;;;;
1;26,08263889;25,73090278;26,43391204;24,81099537;20,00081019;22,88877315;;;;;;;;
4;25,73090278;26,43391204;24,81099537;20,00081019;22,88877315;24,18240741;;;;;;;;
4;26,43391204;24,81099537;20,00081019;22,88877315;24,18240741;25,50543981;;;;;;;;
1;24,81099537;20,00081019;22,88877315;24,18240741;25,50543981;26,53738426;;;;;;;;
2;20,00081019;22,88877315;24,18240741;25,50543981;26,53738426;27,54155093;;;;;;;;
2;22,88877315;24,18240741;25,50543981;26,53738426;27,54155093;28,16898148;;;;;;;;
1;24,18240741;25,50543981;26,53738426;27,54155093;28,16898148;28,28819444;;;;;;;;
1;25,50543981;26,53738426;27,54155093;28,16898148;28,28819444;26,30474537;;;;;;;;
4;26,53738426;27,54155093;28,16898148;28,28819444;26,30474537;23,71967593;;;;;;;;
2;27,54155093;28,16898148;28,28819444;26,30474537;23,71967593;23,7181713;;;;;;;;
0;28,16898148;28,28819444;26,30474537;23,71967593;23,7181713;24,05219907;;;;;;;;
1;28,28819444;26,30474537;23,71967593;23,7181713;24,05219907;24,90543981;;;;;;;;
1;26,30474537;23,71967593;23,7181713;24,05219907;24,90543981;25,99502315;;;;;;;;
2;23,71967593;23,7181713;24,05219907;24,90543981;25,99502315;26,82013889;;;;;;;;
5;23,7181713;24,05219907;24,90543981;25,99502315;26,82013889;27,98877315;;;;;;;;
1;24,05219907;24,90543981;25,99502315;26,82013889;27,98877315;28,94409722;;;;;;;;
5;24,90543981;25,99502315;26,82013889;27,98877315;28,94409722;28,01527778;;;;;;;;
4;25,99502315;26,82013889;27,98877315;28,94409722;28,01527778;26,5412037;;;;;;;;
3;26,82013889;27,98877315;28,94409722;28,01527778;26,5412037;27,23217593;;;;;;;;
4;27,98877315;28,94409722;28,01527778;26,5412037;27,23217593;25,79398148;;;;;;;;
2;28,94409722;28,01527778;26,5412037;27,23217593;25,79398148;23,61793981;;;;;;;;
2;28,01527778;26,5412037;27,23217593;25,79398148;23,61793981;16,24722222;;;;;;;;
4;26,5412037;27,23217593;25,79398148;23,61793981;16,24722222;19,20011574;;;;;;;;
0;27,23217593;25,79398148;23,61793981;16,24722222;19,20011574;20,5630787;;;;;;;;
5;25,79398148;23,61793981;16,24722222;19,20011574;20,5630787;22,04814815;;;;;;;;
3;23,61793981;16,24722222;19,20011574;20,5630787;22,04814815;22,73680556;;;;;;;;
4;16,24722222;19,20011574;20,5630787;22,04814815;22,73680556;22,90775463;;;;;;;;
3;19,20011574;20,5630787;22,04814815;22,73680556;22,90775463;20,61539352;;;;;;;;
2;20,5630787;22,04814815;22,73680556;22,90775463;20,61539352;20,03009259;;;;;;;;
7;22,04814815;22,73680556;22,90775463;20,61539352;20,03009259;15,07824074;;;;;;;;
2;22,73680556;22,90775463;20,61539352;20,03009259;15,07824074;18,99328704;;;;;;;;
3;22,90775463;20,61539352;20,03009259;15,07824074;18,99328704;20,14444444;;;;;;;;
2;20,61539352;20,03009259;15,07824074;18,99328704;20,14444444;19,18703704;;;;;;;;
5;20,03009259;15,07824074;18,99328704;20,14444444;19,18703704;18,14826389;;;;;;;;
4;15,07824074;18,99328704;20,14444444;19,18703704;18,14826389;15,55011574;;;;;;;;
4;18,99328704;20,14444444;19,18703704;18,14826389;15,55011574;15,86435185;;;;;;;;
7;20,14444444;19,18703704;18,14826389;15,55011574;15,86435185;15,4125;;;;;;;;
0;19,18703704;18,14826389;15,55011574;15,86435185;15,4125;14,59583333;;;;;;;;
5;18,14826389;15,55011574;15,86435185;15,4125;14,59583333;16,16241299;;;;;;;;
7;15,55011574;15,86435185;15,4125;14,59583333;16,16241299;16,82366589;;;;;;;;
3;15,86435185;15,4125;14,59583333;16,16241299;16,82366589;17,03391204;;;;;;;;
8;15,4125;14,59583333;16,16241299;16,82366589;17,03391204;17,52430556;;;;;;;;
4;14,59583333;16,16241299;16,82366589;17,03391204;17,52430556;18,52928241;;;;;;;;
11;16,16241299;16,82366589;17,03391204;17,52430556;18,52928241;19,03483796;;;;;;;;
7;16,82366589;17,03391204;17,52430556;18,52928241;19,03483796;17,74201389;;;;;;;;
5;17,03391204;17,52430556;18,52928241;19,03483796;17,74201389;17,88148148;;;;;;;;
4;17,52430556;18,52928241;19,03483796;17,74201389;17,88148148;19,33668981;;;;;;;;
4;18,52928241;19,03483796;17,74201389;17,88148148;19,33668981;18,87928241;;;;;;;;
2;19,03483796;17,74201389;17,88148148;19,33668981;18,87928241;18,03726852;;;;;;;;
2;17,74201389;17,88148148;19,33668981;18,87928241;18,03726852;17,83472222;;;;;;;;
4;17,88148148;19,33668981;18,87928241;18,03726852;17,83472222;15,44067599;;;;;;;;
1;19,33668981;18,87928241;18,03726852;17,83472222;15,44067599;16,34796748;;;;;;;;
7;18,87928241;18,03726852;17,83472222;15,44067599;16,34796748;16,38865741;;;;;;;;
6;18,03726852;17,83472222;15,44067599;16,34796748;16,38865741;16,28530093;;;;;;;;
1;17,83472222;15,44067599;16,34796748;16,38865741;16,28530093;17,47962963;;;;;;;;
3;15,44067599;16,34796748;16,38865741;16,28530093;17,47962963;17,7;;;;;;;;
4;16,34796748;16,38865741;16,28530093;17,47962963;17,7;15,68368056;;;;;;;;
7;16,38865741;16,28530093;17,47962963;17,7;15,68368056;16,95949074;;;;;;;;
3;16,28530093;17,47962963;17,7;15,68368056;16,95949074;15,99640788;;;;;;;;
3;17,47962963;17,7;15,68368056;16,95949074;15,99640788;16,11238426;;;;;;;;
3;17,7;15,68368056;16,95949074;15,99640788;16,11238426;16,47002315;;;;;;;;
5;15,68368056;16,95949074;15,99640788;16,11238426;16,47002315;16,76956019;;;;;;;;
3;16,95949074;15,99640788;16,11238426;16,47002315;16,76956019;13,36641791;;;;;;;;
4;15,99640788;16,11238426;16,47002315;16,76956019;13,36641791;14,8996;;;;;;;;
5;16,11238426;16,47002315;16,76956019;13,36641791;14,8996;13,76577103;;;;;;;;
3;16,47002315;16,76956019;13,36641791;14,8996;13,76577103;13,71655093;;;;;;;;
9;16,76956019;13,36641791;14,8996;13,76577103;13,71655093;15,71423611;;;;;;;;
3;13,36641791;14,8996;13,76577103;13,71655093;15,71423611;13,52858796;;;;;;;;
1;14,8996;13,76577103;13,71655093;15,71423611;13,52858796;14,74652778;;;;;;;;
3;13,76577103;13,71655093;15,71423611;13,52858796;14,74652778;13,72141204;;;;;;;;
3;13,71655093;15,71423611;13,52858796;14,74652778;13,72141204;12,93279258;;;;;;;;
9;15,71423611;13,52858796;14,74652778;13,72141204;12,93279258;11,55474537;;;;;;;;
8;13,52858796;14,74652778;13,72141204;12,93279258;11,55474537;11,89976852;;;;;;;;
8;14,74652778;13,72141204;12,93279258;11,55474537;11,89976852;13,7380787;;;;;;;;
3;13,72141204;12,93279258;11,55474537;11,89976852;13,7380787;13,24710648;;;;;;;;
2;12,93279258;11,55474537;11,89976852;13,7380787;13,24710648;11,02314815;;;;;;;;
3;11,55474537;11,89976852;13,7380787;13,24710648;11,02314815;8,955208333;;;;;;;;
4;11,89976852;13,7380787;13,24710648;11,02314815;8,955208333;9,31087963;;;;;;;;
2;13,7380787;13,24710648;11,02314815;8,955208333;9,31087963;9,969444444;;;;;;;;
5;13,24710648;11,02314815;8,955208333;9,31087963;9,969444444;10,04976852;;;;;;;;
3;11,02314815;8,955208333;9,31087963;9,969444444;10,04976852;9,923263889;;;;;;;;
9;8,955208333;9,31087963;9,969444444;10,04976852;9,923263889;7,845486111;;;;;;;;
5;9,31087963;9,969444444;10,04976852;9,923263889;7,845486111;7,620601852;;;;;;;;
1;9,969444444;10,04976852;9,923263889;7,845486111;7,620601852;7,796412037;;;;;;;;
3;10,04976852;9,923263889;7,845486111;7,620601852;7,796412037;8,196180556;;;;;;;;
3;9,923263889;7,845486111;7,620601852;7,796412037;8,196180556;7,234953704;;;;;;;;
5;7,845486111;7,620601852;7,796412037;8,196180556;7,234953704;8,632175926;;;;;;;;
6;7,620601852;7,796412037;8,196180556;7,234953704;8,632175926;8,028240741;;;;;;;;
4;7,796412037;8,196180556;7,234953704;8,632175926;8,028240741;7,972222222;;;;;;;;
8;8,196180556;7,234953704;8,632175926;8,028240741;7,972222222;8,06724537;;;;;;;;
2;7,234953704;8,632175926;8,028240741;7,972222222;8,06724537;7,455555556;;;;;;;;
5;8,632175926;8,028240741;7,972222222;8,06724537;7,455555556;9,997106481;;;;;;;;
2;8,028240741;7,972222222;8,06724537;7,455555556;9,997106481;9,13125;;;;;;;;
6;7,972222222;8,06724537;7,455555556;9,997106481;9,13125;9,644444444;;;;;;;;
4;8,06724537;7,455555556;9,997106481;9,13125;9,644444444;9,017592593;;;;;;;;
3;7,455555556;9,997106481;9,13125;9,644444444;9,017592593;8,622685185;;;;;;;;
3;9,997106481;9,13125;9,644444444;9,017592593;8,622685185;8,703703704;;;;;;;;
6;9,13125;9,644444444;9,017592593;8,622685185;8,703703704;4,760532407;;;;;;;;
4;9,644444444;9,017592593;8,622685185;8,703703704;4,760532407;3,930208333;;;;;;;;
2;9,017592593;8,622685185;8,703703704;4,760532407;3,930208333;4,121296296;;;;;;;;
5;8,622685185;8,703703704;4,760532407;3,930208333;4,121296296;5,665625;;;;;;;;
4;8,703703704;4,760532407;3,930208333;4,121296296;5,665625;4,078125;;;;;;;;
4;4,760532407;3,930208333;4,121296296;5,665625;4,078125;4,653819444;;;;;;;;
3;3,930208333;4,121296296;5,665625;4,078125;4,653819444;2,810763889;;;;;;;;
2;4,121296296;5,665625;4,078125;4,653819444;2,810763889;2,526157407;;;;;;;;
5;5,665625;4,078125;4,653819444;2,810763889;2,526157407;3,137384259;;;;;;;;
7;4,078125;4,653819444;2,810763889;2,526157407;3,137384259;5,630902778;;;;;;;;
4;4,653819444;2,810763889;2,526157407;3,137384259;5,630902778;5,907986111;;;;;;;;
5;2,810763889;2,526157407;3,137384259;5,630902778;5,907986111;5,732638889;;;;;;;;
6;2,526157407;3,137384259;5,630902778;5,907986111;5,732638889;5,915740741;;;;;;;;
5;3,137384259;5,630902778;5,907986111;5,732638889;5,915740741;0,842361111;;;;;;;;
6;5,630902778;5,907986111;5,732638889;5,915740741;0,842361111;0,904513889;;;;;;;;
4;5,907986111;5,732638889;5,915740741;0,842361111;0,904513889;3,333680556;;;;;;;;
7;5,732638889;5,915740741;0,842361111;0,904513889;3,333680556;3,431823461;;;;;;;;
5;5,915740741;0,842361111;0,904513889;3,333680556;3,431823461;4,696055684;;;;;;;;
7;0,842361111;0,904513889;3,333680556;3,431823461;4,696055684;2,863194444;;;;;;;;
2;0,904513889;3,333680556;3,431823461;4,696055684;2,863194444;2,987152778;;;;;;;;
3;3,333680556;3,431823461;4,696055684;2,863194444;2,987152778;3,837731481;;;;;;;;
5;3,431823461;4,696055684;2,863194444;2,987152778;3,837731481;1,799421296;;;;;;;;
5;4,696055684;2,863194444;2,987152778;3,837731481;1,799421296;1,930671296;;;;;;;;
5;2,863194444;2,987152778;3,837731481;1,799421296;1,930671296;1,433680556;;;;;;;;
5;2,987152778;3,837731481;1,799421296;1,930671296;1,433680556;1,705555556;;;;;;;;
2;3,837731481;1,799421296;1,930671296;1,433680556;1,705555556;2,207415991;;;;;;;;
4;1,799421296;1,930671296;1,433680556;1,705555556;2,207415991;3,924305556;;;;;;;;
3;1,930671296;1,433680556;1,705555556;2,207415991;3,924305556;5,44837963;;;;;;;;
1;1,433680556;1,705555556;2,207415991;3,924305556;5,44837963;6,365046296;;;;;;;;
8;1,705555556;2,207415991;3,924305556;5,44837963;6,365046296;5,137962963;;;;;;;;
5;2,207415991;3,924305556;5,44837963;6,365046296;5,137962963;4,760648148;;;;;;;;
8;3,924305556;5,44837963;6,365046296;5,137962963;4,760648148;6,35;;;;;;;;
1;5,44837963;6,365046296;5,137962963;4,760648148;6,35;4,684259259;;;;;;;;
6;6,365046296;5,137962963;4,760648148;6,35;4,684259259;4,403935185;;;;;;;;
6;5,137962963;4,760648148;6,35;4,684259259;4,403935185;3,711574074;;;;;;;;
2;4,760648148;6,35;4,684259259;4,403935185;3,711574074;;;;;;;;;
8;6,35;4,684259259;4,403935185;3,711574074;;;;;;;;;;
4;4,684259259;4,403935185;3,711574074;;;;;;;;;;;
4;4,403935185;3,711574074;;;;;;;;;;;;
7;3,711574074;;;;;;;;;;;;;
5;;;;;;;;;;;;;;
3;;;;;;;;;;;;;;
4;;;;;;;;;;;;;;
2;;;;;;;;;;;;;;
7;;;;;;;;;;;;;;
3;;;;;;;;;;;;;;
6;;;;;;;;;;;;;;
7;;;;;;;;;;;;;;
3;;;;;;;;;;;;;;
6;;;;;;;;;;;;;;
