COUNT;DAY;MONTH;Valore;Valore;Valore;Valore;Valore;Valore;YEAR;;;;;;;
4;1;1;3,3;4,4;2,45;2,1;3;4,05;2015;;0;1;2;3;4;5
4;2;1;4,4;2,45;2,1;3;4,05;3,7;2015;;0,160;0,155;0,147;0,140;0,134;0,135
0;3;1;2,45;2,1;3;4,05;3,7;4,2;2015;;;;;;;
0;4;1;2,1;3;4,05;3,7;4,2;2,233333333;2015;;;;;;;
0;5;1;3;4,05;3,7;4,2;2,233333333;2,066666667;2015;;;;;;;
3;6;1;4,05;3,7;4,2;2,233333333;2,066666667;3,066666667;2015;;;;;;;
1;7;1;3,7;4,2;2,233333333;2,066666667;3,066666667;4,433333333;2015;;;;;;;
2;8;1;4,2;2,233333333;2,066666667;3,066666667;4,433333333;4,9;2015;;;;;;;
3;9;1;2,233333333;2,066666667;3,066666667;4,433333333;4,9;4,4;2015;;;;;;;
3;10;1;2,066666667;3,066666667;4,433333333;4,9;4,4;3,166666667;2015;;;;;;;
1;11;1;3,066666667;4,433333333;4,9;4,4;3,166666667;2,433333333;2015;;;;;;;
5;12;1;4,433333333;4,9;4,4;3,166666667;2,433333333;2,566666667;2015;;;;;;;
2;13;1;4,9;4,4;3,166666667;2,433333333;2,566666667;4,866666667;2015;;;;;;;
5;14;1;4,4;3,166666667;2,433333333;2,566666667;4,866666667;3,975;2015;;;;;;;
4;15;1;3,166666667;2,433333333;2,566666667;4,866666667;3,975;3,166666667;2015;;;;;;;
3;16;1;2,433333333;2,566666667;4,866666667;3,975;3,166666667;3,2;2015;;;;;;;
4;17;1;2,566666667;4,866666667;3,975;3,166666667;3,2;4,125;2015;;;;;;;
2;18;1;4,866666667;3,975;3,166666667;3,2;4,125;4,733333333;2015;;;;;;;
2;19;1;3,975;3,166666667;3,2;4,125;4,733333333;1,9;2015;;;;;;;
4;20;1;3,166666667;3,2;4,125;4,733333333;1,9;2,233333333;2015;;;;;;;
1;21;1;3,2;4,125;4,733333333;1,9;2,233333333;4,5;2015;;;;;;;
1;22;1;4,125;4,733333333;1,9;2,233333333;4,5;3,966666667;2015;;;;;;;
2;23;1;4,733333333;1,9;2,233333333;4,5;3,966666667;6,066666667;2015;;;;;;;
2;24;1;1,9;2,233333333;4,5;3,966666667;6,066666667;2,3;2015;;;;;;;
4;25;1;2,233333333;4,5;3,966666667;6,066666667;2,3;3,066666667;2015;;;;;;;
2;26;1;4,5;3,966666667;6,066666667;2,3;3,066666667;2,866666667;2015;;;;;;;
4;27;1;3,966666667;6,066666667;2,3;3,066666667;2,866666667;3,5;2015;;;;;;;
3;28;1;6,066666667;2,3;3,066666667;2,866666667;3,5;3,1;2015;;;;;;;
2;29;1;2,3;3,066666667;2,866666667;3,5;3,1;2,95;2015;;;;;;;
2;30;1;3,066666667;2,866666667;3,5;3,1;2,95;2,3;2015;;;;;;;
5;31;1;2,866666667;3,5;3,1;2,95;2,3;3,05;2015;;;;;;;
1;1;2;3,5;3,1;2,95;2,3;3,05;1,966666667;2015;;;;;;;
2;2;2;3,1;2,95;2,3;3,05;1,966666667;2,1;2015;;;;;;;
3;3;2;2,95;2,3;3,05;1,966666667;2,1;2,766666667;2015;;;;;;;
3;4;2;2,3;3,05;1,966666667;2,1;2,766666667;3,65;2015;;;;;;;
1;5;2;3,05;1,966666667;2,1;2,766666667;3,65;4,5;2015;;;;;;;
3;6;2;1,966666667;2,1;2,766666667;3,65;4,5;5,366666667;2015;;;;;;;
3;7;2;2,1;2,766666667;3,65;4,5;5,366666667;3,966666667;2015;;;;;;;
2;8;2;2,766666667;3,65;4,5;5,366666667;3,966666667;2,625;2015;;;;;;;
6;9;2;3,65;4,5;5,366666667;3,966666667;2,625;2,5;2015;;;;;;;
1;10;2;4,5;5,366666667;3,966666667;2,625;2,5;3,2;2015;;;;;;;
2;11;2;5,366666667;3,966666667;2,625;2,5;3,2;2,825;2015;;;;;;;
2;12;2;3,966666667;2,625;2,5;3,2;2,825;2,45;2015;;;;;;;
1;13;2;2,625;2,5;3,2;2,825;2,45;3,8;2015;;;;;;;
1;14;2;2,5;3,2;2,825;2,45;3,8;3,95;2015;;;;;;;
4;15;2;3,2;2,825;2,45;3,8;3,95;1,633333333;2015;;;;;;;
2;16;2;2,825;2,45;3,8;3,95;1,633333333;1,1;2015;;;;;;;
4;17;2;2,45;3,8;3,95;1,633333333;1,1;3,566666667;2015;;;;;;;
3;18;2;3,8;3,95;1,633333333;1,1;3,566666667;2,7;2015;;;;;;;
5;19;2;3,95;1,633333333;1,1;3,566666667;2,7;1,5;2015;;;;;;;
3;20;2;1,633333333;1,1;3,566666667;2,7;1,5;2,333333333;2015;;;;;;;
4;21;2;1,1;3,566666667;2,7;1,5;2,333333333;2,533333333;2015;;;;;;;
6;22;2;3,566666667;2,7;1,5;2,333333333;2,533333333;2,8;2015;;;;;;;
4;23;2;2,7;1,5;2,333333333;2,533333333;2,8;3,566666667;2015;;;;;;;
4;24;2;1,5;2,333333333;2,533333333;2,8;3,566666667;1,8;2015;;;;;;;
3;25;2;2,333333333;2,533333333;2,8;3,566666667;1,8;1,766666667;2015;;;;;;;
2;26;2;2,533333333;2,8;3,566666667;1,8;1,766666667;2,166666667;2015;;;;;;;
1;27;2;2,8;3,566666667;1,8;1,766666667;2,166666667;0,9;2015;;;;;;;
10;28;2;3,566666667;1,8;1,766666667;2,166666667;0,9;1,766666667;2015;;;;;;;
5;1;3;1,8;1,766666667;2,166666667;0,9;1,766666667;1,35;2015;;;;;;;
4;2;3;1,766666667;2,166666667;0,9;1,766666667;1,35;1,925;2015;;;;;;;
6;3;3;2,166666667;0,9;1,766666667;1,35;1,925;2,125;2015;;;;;;;
5;4;3;0,9;1,766666667;1,35;1,925;2,125;2,975;2015;;;;;;;
2;5;3;1,766666667;1,35;1,925;2,125;2,975;3,4;2015;;;;;;;
3;6;3;1,35;1,925;2,125;2,975;3,4;1,7;2015;;;;;;;
2;7;3;1,925;2,125;2,975;3,4;1,7;2,233333333;2015;;;;;;;
3;8;3;2,125;2,975;3,4;1,7;2,233333333;1,5;2015;;;;;;;
4;9;3;2,975;3,4;1,7;2,233333333;1,5;1,433333333;2015;;;;;;;
5;10;3;3,4;1,7;2,233333333;1,5;1,433333333;1,9;2015;;;;;;;
10;11;3;1,7;2,233333333;1,5;1,433333333;1,9;2,533333333;2015;;;;;;;
3;12;3;2,233333333;1,5;1,433333333;1,9;2,533333333;2,966666667;2015;;;;;;;
4;13;3;1,5;1,433333333;1,9;2,533333333;2,966666667;2,425;2015;;;;;;;
4;14;3;1,433333333;1,9;2,533333333;2,966666667;2,425;1,85;2015;;;;;;;
3;15;3;1,9;2,533333333;2,966666667;2,425;1,85;1,475;2015;;;;;;;
4;16;3;2,533333333;2,966666667;2,425;1,85;1,475;1,275;2015;;;;;;;
3;17;3;2,966666667;2,425;1,85;1,475;1,275;2,3;2015;;;;;;;
5;18;3;2,425;1,85;1,475;1,275;2,3;2,05;2015;;;;;;;
5;19;3;1,85;1,475;1,275;2,3;2,05;1,525;2015;;;;;;;
2;20;3;1,475;1,275;2,3;2,05;1,525;1,566666667;2015;;;;;;;
2;21;3;1,275;2,3;2,05;1,525;1,566666667;1,05;2015;;;;;;;
2;22;3;2,3;2,05;1,525;1,566666667;1,05;1,325;2015;;;;;;;
11;23;3;2,05;1,525;1,566666667;1,05;1,325;1,3;2015;;;;;;;
10;24;3;1,525;1,566666667;1,05;1,325;1,3;1,225;2015;;;;;;;
1;25;3;1,566666667;1,05;1,325;1,3;1,225;1;2015;;;;;;;
1;26;3;1,05;1,325;1,3;1,225;1;0,525;2015;;;;;;;
1;27;3;1,325;1,3;1,225;1;0,525;0,85;2015;;;;;;;
8;28;3;1,3;1,225;1;0,525;0,85;1,2;2015;;;;;;;
4;29;3;1,225;1;0,525;0,85;1,2;0,6;2015;;;;;;;
1;30;3;1;0,525;0,85;1,2;0,6;0,675;2015;;;;;;;
7;31;3;0,525;0,85;1,2;0,6;0,675;0,575;2015;;;;;;;
5;1;4;0,85;1,2;0,6;0,675;0,575;0,875;2015;;;;;;;
2;2;4;1,2;0,6;0,675;0,575;0,875;1,6;2015;;;;;;;
3;3;4;0,6;0,675;0,575;0,875;1,6;1,55;2015;;;;;;;
3;4;4;0,675;0,575;0,875;1,6;1,55;1,533333333;2015;;;;;;;
0;5;4;0,575;0,875;1,6;1,55;1,533333333;1;2015;;;;;;;
3;6;4;0,875;1,6;1,55;1,533333333;1;0,975;2015;;;;;;;
8;7;4;1,6;1,55;1,533333333;1;0,975;1,733333333;2015;;;;;;;
3;8;4;1,55;1,533333333;1;0,975;1,733333333;1,733333333;2015;;;;;;;
5;9;4;1,533333333;1;0,975;1,733333333;1,733333333;1,566666667;2015;;;;;;;
4;10;4;1;0,975;1,733333333;1,733333333;1,566666667;1,133333333;2015;;;;;;;
6;11;4;0,975;1,733333333;1,733333333;1,566666667;1,133333333;1,066666667;2015;;;;;;;
3;12;4;1,733333333;1,733333333;1,566666667;1,133333333;1,066666667;1,233333333;2015;;;;;;;
4;13;4;1,733333333;1,566666667;1,133333333;1,066666667;1,233333333;0,666666667;2015;;;;;;;
4;14;4;1,566666667;1,133333333;1,066666667;1,233333333;0,666666667;1,6;2015;;;;;;;
3;15;4;1,133333333;1,066666667;1,233333333;0,666666667;1,6;2,1;2015;;;;;;;
4;16;4;1,066666667;1,233333333;0,666666667;1,6;2,1;1,55;2015;;;;;;;
3;17;4;1,233333333;0,666666667;1,6;2,1;1,55;0,775;2015;;;;;;;
0;18;4;0,666666667;1,6;2,1;1,55;0,775;0,9;2015;;;;;;;
2;19;4;1,6;2,1;1,55;0,775;0,9;0,775;2015;;;;;;;
2;20;4;2,1;1,55;0,775;0,9;0,775;0,9;2015;;;;;;;
4;21;4;1,55;0,775;0,9;0,775;0,9;0,766666667;2015;;;;;;;
4;22;4;0,775;0,9;0,775;0,9;0,766666667;1,033333333;2015;;;;;;;
4;23;4;0,9;0,775;0,9;0,766666667;1,033333333;0,833333333;2015;;;;;;;
3;24;4;0,775;0,9;0,766666667;1,033333333;0,833333333;0,975;2015;;;;;;;
2;25;4;0,9;0,766666667;1,033333333;0,833333333;0,975;0,9;2015;;;;;;;
4;26;4;0,766666667;1,033333333;0,833333333;0,975;0,9;0,825;2015;;;;;;;
4;27;4;1,033333333;0,833333333;0,975;0,9;0,825;1,3;2015;;;;;;;
5;28;4;0,833333333;0,975;0,9;0,825;1,3;1,733333333;2015;;;;;;;
2;29;4;0,975;0,9;0,825;1,3;1,733333333;1,666666667;2015;;;;;;;
4;30;4;0,9;0,825;1,3;1,733333333;1,666666667;1,966666667;2015;;;;;;;
4;1;5;0,825;1,3;1,733333333;1,666666667;1,966666667;1,225;2015;;;;;;;
2;2;5;1,3;1,733333333;1,666666667;1,966666667;1,225;1,45;2015;;;;;;;
2;3;5;1,733333333;1,666666667;1,966666667;1,225;1,45;1,075;2015;;;;;;;
3;4;5;1,666666667;1,966666667;1,225;1,45;1,075;0,9;2015;;;;;;;
8;5;5;1,966666667;1,225;1,45;1,075;0,9;1,833333333;2015;;;;;;;
6;6;5;1,225;1,45;1,075;0,9;1,833333333;1,433333333;2015;;;;;;;
1;7;5;1,45;1,075;0,9;1,833333333;1,433333333;1,3;2015;;;;;;;
1;8;5;1,075;0,9;1,833333333;1,433333333;1,3;0,675;2015;;;;;;;
3;9;5;0,9;1,833333333;1,433333333;1,3;0,675;0,625;2015;;;;;;;
0;10;5;1,833333333;1,433333333;1,3;0,675;0,625;0,725;2015;;;;;;;
2;11;5;1,433333333;1,3;0,675;0,625;0,725;0,725;2015;;;;;;;
3;12;5;1,3;0,675;0,625;0,725;0,725;1,125;2015;;;;;;;
5;13;5;0,675;0,625;0,725;0,725;1,125;0,875;2015;;;;;;;
5;14;5;0,625;0,725;0,725;1,125;0,875;0,8;2015;;;;;;;
5;15;5;0,725;0,725;1,125;0,875;0,8;0,825;2015;;;;;;;
3;16;5;0,725;1,125;0,875;0,8;0,825;0,825;2015;;;;;;;
3;17;5;1,125;0,875;0,8;0,825;0,825;0,925;2015;;;;;;;
0;18;5;0,875;0,8;0,825;0,825;0,925;0,65;2015;;;;;;;
4;19;5;0,8;0,825;0,825;0,925;0,65;1,05;2015;;;;;;;
1;20;5;0,825;0,825;0,925;0,65;1,05;0,925;2015;;;;;;;
5;21;5;0,825;0,925;0,65;1,05;0,925;1,025;2015;;;;;;;
4;22;5;0,925;0,65;1,05;0,925;1,025;0,9;2015;;;;;;;
0;23;5;0,65;1,05;0,925;1,025;0,9;0,85;2015;;;;;;;
3;24;5;1,05;0,925;1,025;0,9;0,85;0,425;2015;;;;;;;
4;25;5;0,925;1,025;0,9;0,85;0,425;0,5;2015;;;;;;;
5;26;5;1,025;0,9;0,85;0,425;0,5;0,65;2015;;;;;;;
1;27;5;0,9;0,85;0,425;0,5;0,65;0,6;2015;;;;;;;
4;28;5;0,85;0,425;0,5;0,65;0,6;0,975;2015;;;;;;;
7;29;5;0,425;0,5;0,65;0,6;0,975;1,625;2015;;;;;;;
2;30;5;0,5;0,65;0,6;0,975;1,625;1,35;2015;;;;;;;
2;31;5;0,65;0,6;0,975;1,625;1,35;0,925;2015;;;;;;;
2;1;6;0,6;0,975;1,625;1,35;0,925;0,55;2015;;;;;;;
3;2;6;0,975;1,625;1,35;0,925;0,55;0,675;2015;;;;;;;
4;3;6;1,625;1,35;0,925;0,55;0,675;0,8;2015;;;;;;;
6;4;6;1,35;0,925;0,55;0,675;0,8;0,825;2015;;;;;;;
5;5;6;0,925;0,55;0,675;0,8;0,825;1,225;2015;;;;;;;
4;6;6;0,55;0,675;0,8;0,825;1,225;1,1;2015;;;;;;;
2;7;6;0,675;0,8;0,825;1,225;1,1;0,9;2015;;;;;;;
4;8;6;0,8;0,825;1,225;1,1;0,9;0,733333333;2015;;;;;;;
2;9;6;0,825;1,225;1,1;0,9;0,733333333;0,933333333;2015;;;;;;;
6;10;6;1,225;1,1;0,9;0,733333333;0,933333333;1,1;2015;;;;;;;
3;11;6;1,1;0,9;0,733333333;0,933333333;1,1;1,066666667;2015;;;;;;;
5;12;6;0,9;0,733333333;0,933333333;1,1;1,066666667;1,266666667;2015;;;;;;;
3;13;6;0,733333333;0,933333333;1,1;1,066666667;1,266666667;1,333333333;2015;;;;;;;
2;14;6;0,933333333;1,1;1,066666667;1,266666667;1,333333333;0,666666667;2015;;;;;;;
4;15;6;1,1;1,066666667;1,266666667;1,333333333;0,666666667;0,5;2015;;;;;;;
1;16;6;1,066666667;1,266666667;1,333333333;0,666666667;0,5;1;2015;;;;;;;
6;17;6;1,266666667;1,333333333;0,666666667;0,5;1;0,933333333;2015;;;;;;;
6;18;6;1,333333333;0,666666667;0,5;1;0,933333333;0,766666667;2015;;;;;;;
4;19;6;0,666666667;0,5;1;0,933333333;0,766666667;1,1;2015;;;;;;;
2;20;6;0,5;1;0,933333333;0,766666667;1,1;1,2;2015;;;;;;;
2;21;6;1;0,933333333;0,766666667;1,1;1,2;0,933333333;2015;;;;;;;
3;22;6;0,933333333;0,766666667;1,1;1,2;0,933333333;0,6;2015;;;;;;;
2;23;6;0,766666667;1,1;1,2;0,933333333;0,6;1;2015;;;;;;;
4;24;6;1,1;1,2;0,933333333;0,6;1;1,033333333;2015;;;;;;;
1;25;6;1,2;0,933333333;0,6;1;1,033333333;1,033333333;2015;;;;;;;
3;26;6;0,933333333;0,6;1;1,033333333;1,033333333;1,033333333;2015;;;;;;;
2;27;6;0,6;1;1,033333333;1,033333333;1,033333333;0,9;2015;;;;;;;
3;28;6;1;1,033333333;1,033333333;1,033333333;0,9;0,6;2015;;;;;;;
4;29;6;1,033333333;1,033333333;1,033333333;0,9;0,6;0,466666667;2015;;;;;;;
9;30;6;1,033333333;1,033333333;0,9;0,6;0,466666667;1;2015;;;;;;;
5;1;7;1,033333333;0,9;0,6;0,466666667;1;0,85;2015;;;;;;;
0;2;7;0,9;0,6;0,466666667;1;0,85;0,5;2015;;;;;;;
2;3;7;0,6;0,466666667;1;0,85;0,5;0,8;2015;;;;;;;
4;4;7;0,466666667;1;0,85;0,5;0,8;0,766666667;2015;;;;;;;
2;5;7;1;0,85;0,5;0,8;0,766666667;0,766666667;2015;;;;;;;
4;6;7;0,85;0,5;0,8;0,766666667;0,766666667;0,6;2015;;;;;;;
6;7;7;0,5;0,8;0,766666667;0,766666667;0,6;0,966666667;2015;;;;;;;
3;8;7;0,8;0,766666667;0,766666667;0,6;0,966666667;0,9;2015;;;;;;;
4;9;7;0,766666667;0,766666667;0,6;0,966666667;0,9;1,033333333;2015;;;;;;;
6;10;7;0,766666667;0,6;0,966666667;0,9;1,033333333;0,8;2015;;;;;;;
2;11;7;0,6;0,966666667;0,9;1,033333333;0,8;1,066666667;2015;;;;;;;
3;12;7;0,966666667;0,9;1,033333333;0,8;1,066666667;0,75;2015;;;;;;;
1;13;7;0,9;1,033333333;0,8;1,066666667;0,75;0,45;2015;;;;;;;
1;14;7;1,033333333;0,8;1,066666667;0,75;0,45;0,575;2015;;;;;;;
5;15;7;0,8;1,066666667;0,75;0,45;0,575;1;2015;;;;;;;
2;16;7;1,066666667;0,75;0,45;0,575;1;1,033333333;2015;;;;;;;
4;17;7;0,75;0,45;0,575;1;1,033333333;0,8;2015;;;;;;;
2;18;7;0,45;0,575;1;1,033333333;0,8;0,7;2015;;;;;;;
3;19;7;0,575;1;1,033333333;0,8;0,7;0,4;2015;;;;;;;
2;20;7;1;1,033333333;0,8;0,7;0,4;0,466666667;2015;;;;;;;
4;21;7;1,033333333;0,8;0,7;0,4;0,466666667;0,633333333;2015;;;;;;;
3;22;7;0,8;0,7;0,4;0,466666667;0,633333333;0,825;2015;;;;;;;
2;23;7;0,7;0,4;0,466666667;0,633333333;0,825;0,65;2015;;;;;;;
2;24;7;0,4;0,466666667;0,633333333;0,825;0,65;0,833333333;2015;;;;;;;
0;25;7;0,466666667;0,633333333;0,825;0,65;0,833333333;0,833333333;2015;;;;;;;
1;26;7;0,633333333;0,825;0,65;0,833333333;0,833333333;0,7;2015;;;;;;;
4;27;7;0,825;0,65;0,833333333;0,833333333;0,7;0,533333333;2015;;;;;;;
0;28;7;0,65;0,833333333;0,833333333;0,7;0,533333333;0,966666667;2015;;;;;;;
4;29;7;0,833333333;0,833333333;0,7;0,533333333;0,966666667;1;2015;;;;;;;
3;30;7;0,833333333;0,7;0,533333333;0,966666667;1;0,933333333;2015;;;;;;;
4;31;7;0,7;0,533333333;0,966666667;1;0,933333333;1,25;2015;;;;;;;
9;1;8;0,533333333;0,966666667;1;0,933333333;1,25;1;2015;;;;;;;
1;2;8;0,966666667;1;0,933333333;1,25;1;1,2;2015;;;;;;;
1;3;8;1;0,933333333;1,25;1;1,2;0,5;2015;;;;;;;
3;4;8;0,933333333;1,25;1;1,2;0,5;0,5;2015;;;;;;;
3;5;8;1,25;1;1,2;0,5;0,5;0,9;2015;;;;;;;
2;6;8;1;1,2;0,5;0,5;0,9;1,066666667;2015;;;;;;;
1;7;8;1,2;0,5;0,5;0,9;1,066666667;0,966666667;2015;;;;;;;
2;8;8;0,5;0,5;0,9;1,066666667;0,966666667;0,766666667;2015;;;;;;;
2;9;8;0,5;0,9;1,066666667;0,966666667;0,766666667;0,466666667;2015;;;;;;;
1;10;8;0,9;1,066666667;0,966666667;0,766666667;0,466666667;0,266666667;2015;;;;;;;
4;11;8;1,066666667;0,966666667;0,766666667;0,466666667;0,266666667;0,4;2015;;;;;;;
2;12;8;0,966666667;0,766666667;0,466666667;0,266666667;0,4;0,433333333;2015;;;;;;;
1;13;8;0,766666667;0,466666667;0,266666667;0,4;0,433333333;0,433333333;2015;;;;;;;
0;14;8;0,466666667;0,266666667;0,4;0,433333333;0,433333333;0,6;2015;;;;;;;
4;15;8;0,266666667;0,4;0,433333333;0,433333333;0,6;0,533333333;2015;;;;;;;
0;16;8;0,4;0,433333333;0,433333333;0,6;0,533333333;0,5;2015;;;;;;;
4;17;8;0,433333333;0,433333333;0,6;0,533333333;0,5;0,466666667;2015;;;;;;;
1;18;8;0,433333333;0,6;0,533333333;0,5;0,466666667;0,633333333;2015;;;;;;;
4;19;8;0,6;0,533333333;0,5;0,466666667;0,633333333;0,7;2015;;;;;;;
4;20;8;0,533333333;0,5;0,466666667;0,633333333;0,7;1;2015;;;;;;;
2;21;8;0,5;0,466666667;0,633333333;0,7;1;1,266666667;2015;;;;;;;
3;22;8;0,466666667;0,633333333;0,7;1;1,266666667;1,533333333;2015;;;;;;;
4;23;8;0,633333333;0,7;1;1,266666667;1,533333333;1,133333333;2015;;;;;;;
1;24;8;0,7;1;1,266666667;1,533333333;1,133333333;1,233333333;2015;;;;;;;
0;25;8;1;1,266666667;1,533333333;1,133333333;1,233333333;1,4;2015;;;;;;;
1;26;8;1,266666667;1,533333333;1,133333333;1,233333333;1,4;1,233333333;2015;;;;;;;
2;27;8;1,533333333;1,133333333;1,233333333;1,4;1,233333333;1,033333333;2015;;;;;;;
4;28;8;1,133333333;1,233333333;1,4;1,233333333;1,033333333;0,9;2015;;;;;;;
2;29;8;1,233333333;1,4;1,233333333;1,033333333;0,9;0,833333333;2015;;;;;;;
0;30;8;1,4;1,233333333;1,033333333;0,9;0,833333333;0,525;2015;;;;;;;
5;31;8;1,233333333;1,033333333;0,9;0,833333333;0,525;0,675;2015;;;;;;;
2;1;9;1,033333333;0,9;0,833333333;0,525;0,675;1,175;2015;;;;;;;
4;2;9;0,9;0,833333333;0,525;0,675;1,175;1,225;2015;;;;;;;
3;3;9;0,833333333;0,525;0,675;1,175;1,225;1,175;2015;;;;;;;
5;4;9;0,525;0,675;1,175;1,225;1,175;1,166666667;2015;;;;;;;
1;5;9;0,675;1,175;1,225;1,175;1,166666667;1,233333333;2015;;;;;;;
2;6;9;1,175;1,225;1,175;1,166666667;1,233333333;1,366666667;2015;;;;;;;
2;7;9;1,225;1,175;1,166666667;1,233333333;1,366666667;0,933333333;2015;;;;;;;
1;8;9;1,175;1,166666667;1,233333333;1,366666667;0,933333333;1,3;2015;;;;;;;
2;9;9;1,166666667;1,233333333;1,366666667;0,933333333;1,3;1,7;2015;;;;;;;
2;10;9;1,233333333;1,366666667;0,933333333;1,3;1,7;2,333333333;2015;;;;;;;
5;11;9;1,366666667;0,933333333;1,3;1,7;2,333333333;2,266666667;2015;;;;;;;
6;12;9;0,933333333;1,3;1,7;2,333333333;2,266666667;1,9;2015;;;;;;;
3;13;9;1,3;1,7;2,333333333;2,266666667;1,9;1,05;2015;;;;;;;
4;14;9;1,7;2,333333333;2,266666667;1,9;1,05;0,9;2015;;;;;;;
3;15;9;2,333333333;2,266666667;1,9;1,05;0,9;1,675;2015;;;;;;;
3;16;9;2,266666667;1,9;1,05;0,9;1,675;1,375;2015;;;;;;;
6;17;9;1,9;1,05;0,9;1,675;1,375;1,325;2015;;;;;;;
3;18;9;1,05;0,9;1,675;1,375;1,325;2,2;2015;;;;;;;
3;19;9;0,9;1,675;1,375;1,325;2,2;2,25;2015;;;;;;;
4;20;9;1,675;1,375;1,325;2,2;2,25;1,325;2015;;;;;;;
5;21;9;1,375;1,325;2,2;2,25;1,325;0,9;2015;;;;;;;
4;22;9;1,325;2,2;2,25;1,325;0,9;1,05;2015;;;;;;;
3;23;9;2,2;2,25;1,325;0,9;1,05;1,45;2015;;;;;;;
4;24;9;2,25;1,325;0,9;1,05;1,45;1,5;2015;;;;;;;
8;25;9;1,325;0,9;1,05;1,45;1,5;1,25;2015;;;;;;;
2;26;9;0,9;1,05;1,45;1,5;1,25;1,925;2015;;;;;;;
3;27;9;1,05;1,45;1,5;1,25;1,925;1,4;2015;;;;;;;
5;28;9;1,45;1,5;1,25;1,925;1,4;1,2;2015;;;;;;;
1;29;9;1,5;1,25;1,925;1,4;1,2;2,033333333;2015;;;;;;;
4;30;9;1,25;1,925;1,4;1,2;2,033333333;1,7;2015;;;;;;;
3;1;10;1,925;1,4;1,2;2,033333333;1,7;1,8;2015;;;;;;;
9;2;10;1,4;1,2;2,033333333;1,7;1,8;1,85;2015;;;;;;;
4;3;10;1,2;2,033333333;1,7;1,8;1,85;1,775;2015;;;;;;;
2;4;10;2,033333333;1,7;1,8;1,85;1,775;1,125;2015;;;;;;;
4;5;10;1,7;1,8;1,85;1,775;1,125;1,75;2015;;;;;;;
4;6;10;1,8;1,85;1,775;1,125;1,75;1,925;2015;;;;;;;
6;7;10;1,85;1,775;1,125;1,75;1,925;1,3;2015;;;;;;;
3;8;10;1,775;1,125;1,75;1,925;1,3;1,4;2015;;;;;;;
8;9;10;1,125;1,75;1,925;1,3;1,4;1,375;2015;;;;;;;
6;10;10;1,75;1,925;1,3;1,4;1,375;1,275;2015;;;;;;;
7;11;10;1,925;1,3;1,4;1,375;1,275;1,6;2015;;;;;;;
5;12;10;1,3;1,4;1,375;1,275;1,6;1,4;2015;;;;;;;
5;13;10;1,4;1,375;1,275;1,6;1,4;2,475;2015;;;;;;;
2;14;10;1,375;1,275;1,6;1,4;2,475;2,45;2015;;;;;;;
2;15;10;1,275;1,6;1,4;2,475;2,45;2,975;2015;;;;;;;
3;16;10;1,6;1,4;2,475;2,45;2,975;2,85;2015;;;;;;;
7;17;10;1,4;2,475;2,45;2,975;2,85;3,9;2015;;;;;;;
1;18;10;2,475;2,45;2,975;2,85;3,9;4;2015;;;;;;;
4;19;10;2,45;2,975;2,85;3,9;4;3,925;2015;;;;;;;
3;20;10;2,975;2,85;3,9;4;3,925;4,875;2015;;;;;;;
6;21;10;2,85;3,9;4;3,925;4,875;5,1;2015;;;;;;;
2;22;10;3,9;4;3,925;4,875;5,1;2,625;2015;;;;;;;
2;23;10;4;3,925;4,875;5,1;2,625;2,1;2015;;;;;;;
1;24;10;3,925;4,875;5,1;2,625;2,1;3,75;2015;;;;;;;
6;25;10;4,875;5,1;2,625;2,1;3,75;2,925;2015;;;;;;;
5;26;10;5,1;2,625;2,1;3,75;2,925;2,525;2015;;;;;;;
5;27;10;2,625;2,1;3,75;2,925;2,525;3;2015;;;;;;;
4;28;10;2,1;3,75;2,925;2,525;3;4,1;2015;;;;;;;
2;29;10;3,75;2,925;2,525;3;4,1;3;2015;;;;;;;
7;30;10;2,925;2,525;3;4,1;3;4,925;2015;;;;;;;
6;31;10;2,525;3;4,1;3;4,925;5,05;2015;;;;;;;
4;1;11;3;4,1;3;4,925;5,05;5,375;2015;;;;;;;
3;2;11;4,1;3;4,925;5,05;5,375;4,95;2015;;;;;;;
4;3;11;3;4,925;5,05;5,375;4,95;3,125;2015;;;;;;;
3;4;11;4,925;5,05;5,375;4,95;3,125;4,2;2015;;;;;;;
7;5;11;5,05;5,375;4,95;3,125;4,2;5,175;2015;;;;;;;
2;6;11;5,375;4,95;3,125;4,2;5,175;4,733333333;2015;;;;;;;
3;7;11;4,95;3,125;4,2;5,175;4,733333333;5,65;2015;;;;;;;
5;8;11;3,125;4,2;5,175;4,733333333;5,65;2,375;2015;;;;;;;
5;9;11;4,2;5,175;4,733333333;5,65;2,375;2,05;2015;;;;;;;
7;10;11;5,175;4,733333333;5,65;2,375;2,05;2,95;2015;;;;;;;
1;11;11;4,733333333;5,65;2,375;2,05;2,95;3,225;2015;;;;;;;
2;12;11;5,65;2,375;2,05;2,95;3,225;3,325;2015;;;;;;;
8;13;11;2,375;2,05;2,95;3,225;3,325;2,475;2015;;;;;;;
3;14;11;2,05;2,95;3,225;3,325;2,475;2,575;2015;;;;;;;
6;15;11;2,95;3,225;3,325;2,475;2,575;2,075;2015;;;;;;;
10;16;11;3,225;3,325;2,475;2,575;2,075;0,766666667;2015;;;;;;;
2;17;11;3,325;2,475;2,575;2,075;0,766666667;1,65;2015;;;;;;;
2;18;11;2,475;2,575;2,075;0,766666667;1,65;2,95;2015;;;;;;;
6;19;11;2,575;2,075;0,766666667;1,65;2,95;3,05;2015;;;;;;;
8;20;11;2,075;0,766666667;1,65;2,95;3,05;3,975;2015;;;;;;;
3;21;11;0,766666667;1,65;2,95;3,05;3,975;4,325;2015;;;;;;;
6;22;11;1,65;2,95;3,05;3,975;4,325;4,05;2015;;;;;;;
3;23;11;2,95;3,05;3,975;4,325;4,05;4;2015;;;;;;;
0;24;11;3,05;3,975;4,325;4,05;4;4,35;2015;;;;;;;
3;25;11;3,975;4,325;4,05;4;4,35;4;2015;;;;;;;
3;26;11;4,325;4,05;4;4,35;4;4,45;2015;;;;;;;
7;27;11;4,05;4;4,35;4;4,45;4,975;2015;;;;;;;
8;28;11;4;4,35;4;4,45;4,975;5;2015;;;;;;;
4;29;11;4,35;4;4,45;4,975;5;2,85;2015;;;;;;;
5;30;11;4;4,45;4,975;5;2,85;2,75;2015;;;;;;;
3;1;12;4,45;4,975;5;2,85;2,75;3,1;2015;;;;;;;
9;2;12;4,975;5;2,85;2,75;3,1;4;2015;;;;;;;
3;3;12;5;2,85;2,75;3,1;4;3,35;2015;;;;;;;
3;4;12;2,85;2,75;3,1;4;3,35;3,7;2015;;;;;;;
4;5;12;2,75;3,1;4;3,35;3,7;4,3;2015;;;;;;;
5;6;12;3,1;4;3,35;3,7;4,3;4,3;2015;;;;;;;
6;7;12;4;3,35;3,7;4,3;4,3;3,65;2015;;;;;;;
3;8;12;3,35;3,7;4,3;4,3;3,65;3,85;2015;;;;;;;
10;9;12;3,7;4,3;4,3;3,65;3,85;4,7;2015;;;;;;;
1;10;12;4,3;4,3;3,65;3,85;4,7;4,8;2015;;;;;;;
3;11;12;4,3;3,65;3,85;4,7;4,8;5,4;2015;;;;;;;
1;12;12;3,65;3,85;4,7;4,8;5,4;5,933333333;2015;;;;;;;
2;13;12;3,85;4,7;4,8;5,4;5,933333333;5,433333333;2015;;;;;;;
3;14;12;4,7;4,8;5,4;5,933333333;5,433333333;5,2;2015;;;;;;;
3;15;12;4,8;5,4;5,933333333;5,433333333;5,2;4,533333333;2015;;;;;;;
7;16;12;5,4;5,933333333;5,433333333;5,2;4,533333333;4,2;2015;;;;;;;
5;17;12;5,933333333;5,433333333;5,2;4,533333333;4,2;4,066666667;2015;;;;;;;
4;18;12;5,433333333;5,2;4,533333333;4,2;4,066666667;2,566666667;2015;;;;;;;
3;19;12;5,2;4,533333333;4,2;4,066666667;2,566666667;2,533333333;2015;;;;;;;
3;20;12;4,533333333;4,2;4,066666667;2,566666667;2,533333333;3,4;2015;;;;;;;
6;21;12;4,2;4,066666667;2,566666667;2,533333333;3,4;4,4;2015;;;;;;;
2;22;12;4,066666667;2,566666667;2,533333333;3,4;4,4;3,966666667;2015;;;;;;;
5;23;12;2,566666667;2,533333333;3,4;4,4;3,966666667;5,033333333;2015;;;;;;;
2;24;12;2,533333333;3,4;4,4;3,966666667;5,033333333;3,4;2015;;;;;;;
6;25;12;3,4;4,4;3,966666667;5,033333333;3,4;1,7;2015;;;;;;;
4;26;12;4,4;3,966666667;5,033333333;3,4;1,7;2,7;2015;;;;;;;
3;27;12;3,966666667;5,033333333;3,4;1,7;2,7;2,233333333;2015;;;;;;;
8;28;12;5,033333333;3,4;1,7;2,7;2,233333333;2,066666667;2015;;;;;;;
8;29;12;3,4;1,7;2,7;2,233333333;2,066666667;2,133333333;2015;;;;;;;
5;30;12;1,7;2,7;2,233333333;2,066666667;2,133333333;2,433333333;2015;;;;;;;
6;31;12;2,7;2,233333333;2,066666667;2,133333333;2,433333333;2,1;2015;;;;;;;
3;1;1;2,233333333;2,066666667;2,133333333;2,433333333;2,1;3,2;2016;;;;;;;
5;2;1;2,066666667;2,133333333;2,433333333;2,1;3,2;3,1;2016;;;;;;;
3;3;1;2,133333333;2,433333333;2,1;3,2;3,1;3,2;2016;;;;;;;
1;4;1;2,433333333;2,1;3,2;3,1;3,2;3,5;2016;;;;;;;
6;5;1;2,1;3,2;3,1;3,2;3,5;2,9;2016;;;;;;;
4;6;1;3,2;3,1;3,2;3,5;2,9;5,05;2016;;;;;;;
4;7;1;3,1;3,2;3,5;2,9;5,05;3;2016;;;;;;;
3;8;1;3,2;3,5;2,9;5,05;3;3,65;2016;;;;;;;
4;9;1;3,5;2,9;5,05;3;3,65;2,85;2016;;;;;;;
7;10;1;2,9;5,05;3;3,65;2,85;3,25;2016;;;;;;;
3;11;1;5,05;3;3,65;2,85;3,25;0,5;2016;;;;;;;
3;12;1;3;3,65;2,85;3,25;0,5;1,7;2016;;;;;;;
8;13;1;3,65;2,85;3,25;0,5;1,7;4,1;2016;;;;;;;
2;14;1;2,85;3,25;0,5;1,7;4,1;4,9;2016;;;;;;;
2;15;1;3,25;0,5;1,7;4,1;4,9;5,4;2016;;;;;;;
5;16;1;0,5;1,7;4,1;4,9;5,4;6,8;2016;;;;;;;
4;17;1;1,7;4,1;4,9;5,4;6,8;4,65;2016;;;;;;;
3;18;1;4,1;4,9;5,4;6,8;4,65;4,65;2016;;;;;;;
1;19;1;4,9;5,4;6,8;4,65;4,65;5,05;2016;;;;;;;
9;20;1;5,4;6,8;4,65;4,65;5,05;4,5;2016;;;;;;;
2;21;1;6,8;4,65;4,65;5,05;4,5;5,4;2016;;;;;;;
1;22;1;4,65;4,65;5,05;4,5;5,4;5,033333333;2016;;;;;;;
5;23;1;4,65;5,05;4,5;5,4;5,033333333;4,9;2016;;;;;;;
7;24;1;5,05;4,5;5,4;5,033333333;4,9;4,966666667;2016;;;;;;;
9;25;1;4,5;5,4;5,033333333;4,9;4,966666667;4,133333333;2016;;;;;;;
14;26;1;5,4;5,033333333;4,9;4,966666667;4,133333333;3,866666667;2016;;;;;;;
14;27;1;5,033333333;4,9;4,966666667;4,133333333;3,866666667;3,2;2016;;;;;;;
6;28;1;4,9;4,966666667;4,133333333;3,866666667;3,2;2,9;2016;;;;;;;
12;29;1;4,966666667;4,133333333;3,866666667;3,2;2,9;1,925;2016;;;;;;;
11;30;1;4,133333333;3,866666667;3,2;2,9;1,925;2,475;2016;;;;;;;
9;31;1;3,866666667;3,2;2,9;1,925;2,475;3;2016;;;;;;;
4;1;2;3,2;2,9;1,925;2,475;3;2,55;2016;;;;;;;
2;2;2;2,9;1,925;2,475;3;2,55;2,325;2016;;;;;;;
2;3;2;1,925;2,475;3;2,55;2,325;3,075;2016;;;;;;;
5;4;2;2,475;3;2,55;2,325;3,075;1,775;2016;;;;;;;
1;5;2;3;2,55;2,325;3,075;1,775;2,275;2016;;;;;;;
5;6;2;2,55;2,325;3,075;1,775;2,275;1,8;2016;;;;;;;
6;7;2;2,325;3,075;1,775;2,275;1,8;1,7;2016;;;;;;;
4;8;2;3,075;1,775;2,275;1,8;1,7;1,433333333;2016;;;;;;;
2;9;2;1,775;2,275;1,8;1,7;1,433333333;1,75;2016;;;;;;;
6;10;2;2,275;1,8;1,7;1,433333333;1,75;1,5;2016;;;;;;;
7;11;2;1,8;1,7;1,433333333;1,75;1,5;1,7;2016;;;;;;;
2;12;2;1,7;1,433333333;1,75;1,5;1,7;2,55;2016;;;;;;;
2;13;2;1,433333333;1,75;1,5;1,7;2,55;2,45;2016;;;;;;;
3;14;2;1,75;1,5;1,7;2,55;2,45;1,4;2016;;;;;;;
4;15;2;1,5;1,7;2,55;2,45;1,4;1,466666667;2016;;;;;;;
7;16;2;1,7;2,55;2,45;1,4;1,466666667;2,5;2016;;;;;;;
3;17;2;2,55;2,45;1,4;1,466666667;2,5;2,225;2016;;;;;;;
4;18;2;2,45;1,4;1,466666667;2,5;2,225;2,45;2016;;;;;;;
2;19;2;1,4;1,466666667;2,5;2,225;2,45;1,275;2016;;;;;;;
4;20;2;1,466666667;2,5;2,225;2,45;1,275;2,733333333;2016;;;;;;;
2;21;2;2,5;2,225;2,45;1,275;2,733333333;1,475;2016;;;;;;;
6;22;2;2,225;2,45;1,275;2,733333333;1,475;1,5;2016;;;;;;;
1;23;2;2,45;1,275;2,733333333;1,475;1,5;1,45;2016;;;;;;;
2;24;2;1,275;2,733333333;1,475;1,5;1,45;3,025;2016;;;;;;;
6;25;2;2,733333333;1,475;1,5;1,45;3,025;2,075;2016;;;;;;;
4;26;2;1,475;1,5;1,45;3,025;2,075;1,225;2016;;;;;;;
2;27;2;1,5;1,45;3,025;2,075;1,225;1,675;2016;;;;;;;
5;28;2;1,45;3,025;2,075;1,225;1,675;1,15;2016;;;;;;;
2;29;2;3,025;2,075;1,225;1,675;1,15;1,55;2016;;;;;;;
2;1;3;2,075;1,225;1,675;1,15;1,55;1,675;2016;;;;;;;
6;2;3;1,225;1,675;1,15;1,55;1,675;1,975;2016;;;;;;;
3;3;3;1,675;1,15;1,55;1,675;1,975;1,175;2016;;;;;;;
6;4;3;1,15;1,55;1,675;1,975;1,175;1,725;2016;;;;;;;
5;5;3;1,55;1,675;1,975;1,175;1,725;1,775;2016;;;;;;;
3;6;3;1,675;1,975;1,175;1,725;1,775;1,525;2016;;;;;;;
5;7;3;1,975;1,175;1,725;1,775;1,525;1,3;2016;;;;;;;
3;8;3;1,175;1,725;1,775;1,525;1,3;1,5;2016;;;;;;;
5;9;3;1,725;1,775;1,525;1,3;1,5;2;2016;;;;;;;
7;10;3;1,775;1,525;1,3;1,5;2;1,2;2016;;;;;;;
10;11;3;1,525;1,3;1,5;2;1,2;1,425;2016;;;;;;;
3;12;3;1,3;1,5;2;1,2;1,425;2,375;2016;;;;;;;
4;13;3;1,5;2;1,2;1,425;2,375;2,475;2016;;;;;;;
7;14;3;2;1,2;1,425;2,375;2,475;1;2016;;;;;;;
3;15;3;1,2;1,425;2,375;2,475;1;1,425;2016;;;;;;;
1;16;3;1,425;2,375;2,475;1;1,425;1,425;2016;;;;;;;
1;17;3;2,375;2,475;1;1,425;1,425;0,975;2016;;;;;;;
6;18;3;2,475;1;1,425;1,425;0,975;1,25;2016;;;;;;;
4;19;3;1;1,425;1,425;0,975;1,25;1;2016;;;;;;;
4;20;3;1,425;1,425;0,975;1,25;1;1,25;2016;;;;;;;
1;21;3;1,425;0,975;1,25;1;1,25;0,825;2016;;;;;;;
2;22;3;0,975;1,25;1;1,25;0,825;0,775;2016;;;;;;;
6;23;3;1,25;1;1,25;0,825;0,775;0,875;2016;;;;;;;
2;24;3;1;1,25;0,825;0,775;0,875;1,225;2016;;;;;;;
2;25;3;1,25;0,825;0,775;0,875;1,225;1,7;2016;;;;;;;
1;26;3;0,825;0,775;0,875;1,225;1,7;1,15;2016;;;;;;;
5;27;3;0,775;0,875;1,225;1,7;1,15;1,3;2016;;;;;;;
5;28;3;0,875;1,225;1,7;1,15;1,3;1,25;2016;;;;;;;
6;29;3;1,225;1,7;1,15;1,3;1,25;1,05;2016;;;;;;;
1;30;3;1,7;1,15;1,3;1,25;1,05;1,05;2016;;;;;;;
4;31;3;1,15;1,3;1,25;1,05;1,05;1,575;2016;;;;;;;
7;1;4;1,3;1,25;1,05;1,05;1,575;1,325;2016;;;;;;;
6;2;4;1,25;1,05;1,05;1,575;1,325;1,075;2016;;;;;;;
8;3;4;1,05;1,05;1,575;1,325;1,075;0,7;2016;;;;;;;
5;4;4;1,05;1,575;1,325;1,075;0,7;0,575;2016;;;;;;;
5;5;4;1,575;1,325;1,075;0,7;0,575;0,633333333;2016;;;;;;;
3;6;4;1,325;1,075;0,7;0,575;0,633333333;0,666666667;2016;;;;;;;
3;7;4;1,075;0,7;0,575;0,633333333;0,666666667;0,866666667;2016;;;;;;;
4;8;4;0,7;0,575;0,633333333;0,666666667;0,866666667;0,866666667;2016;;;;;;;
4;9;4;0,575;0,633333333;0,666666667;0,866666667;0,866666667;0,766666667;2016;;;;;;;
3;10;4;0,633333333;0,666666667;0,866666667;0,866666667;0,766666667;0,825;2016;;;;;;;
6;11;4;0,666666667;0,866666667;0,866666667;0,766666667;0,825;0,675;2016;;;;;;;
5;12;4;0,866666667;0,866666667;0,766666667;0,825;0,675;0,65;2016;;;;;;;
4;13;4;0,866666667;0,766666667;0,825;0,675;0,65;0,833333333;2016;;;;;;;
0;14;4;0,766666667;0,825;0,675;0,65;0,833333333;1,1;2016;;;;;;;
2;15;4;0,825;0,675;0,65;0,833333333;1,1;0,85;2016;;;;;;;
0;16;4;0,675;0,65;0,833333333;1,1;0,85;1,066666667;2016;;;;;;;
6;17;4;0,65;0,833333333;1,1;0,85;1,066666667;0,5;2016;;;;;;;
5;18;4;0,833333333;1,1;0,85;1,066666667;0,5;0,6;2016;;;;;;;
4;19;4;1,1;0,85;1,066666667;0,5;0,6;0,4;2016;;;;;;;
5;20;4;0,85;1,066666667;0,5;0,6;0,4;0,766666667;2016;;;;;;;
4;21;4;1,066666667;0,5;0,6;0,4;0,766666667;0,75;2016;;;;;;;
4;22;4;0,5;0,6;0,4;0,766666667;0,75;0,85;2016;;;;;;;
4;23;4;0,6;0,4;0,766666667;0,75;0,85;0,95;2016;;;;;;;
5;24;4;0,4;0,766666667;0,75;0,85;0,95;0,85;2016;;;;;;;
2;25;4;0,766666667;0,75;0,85;0,95;0,85;0,6;2016;;;;;;;
4;26;4;0,75;0,85;0,95;0,85;0,6;1,05;2016;;;;;;;
9;27;4;0,85;0,95;0,85;0,6;1,05;1,1;2016;;;;;;;
5;28;4;0,95;0,85;0,6;1,05;1,1;0,65;2016;;;;;;;
5;29;4;0,85;0,6;1,05;1,1;0,65;0,95;2016;;;;;;;
4;30;4;0,6;1,05;1,1;0,65;0,95;1,6;2016;;;;;;;
0;1;5;1,05;1,1;0,65;0,95;1,6;1,2;2016;;;;;;;
1;2;5;1,1;0,65;0,95;1,6;1,2;0,75;2016;;;;;;;
2;3;5;0,65;0,95;1,6;1,2;0,75;0,95;2016;;;;;;;
4;4;5;0,95;1,6;1,2;0,75;0,95;1,4;2016;;;;;;;
7;5;5;1,6;1,2;0,75;0,95;1,4;1,3;2016;;;;;;;
3;6;5;1,2;0,75;0,95;1,4;1,3;1,25;2016;;;;;;;
5;7;5;0,75;0,95;1,4;1,3;1,25;1,3;2016;;;;;;;
6;8;5;0,95;1,4;1,3;1,25;1,3;1,25;2016;;;;;;;
4;9;5;1,4;1,3;1,25;1,3;1,25;0,633333333;2016;;;;;;;
4;10;5;1,3;1,25;1,3;1,25;0,633333333;0,8;2016;;;;;;;
6;11;5;1,25;1,3;1,25;0,633333333;0,8;0,966666667;2016;;;;;;;
5;12;5;1,3;1,25;0,633333333;0,8;0,966666667;1,066666667;2016;;;;;;;
3;13;5;1,25;0,633333333;0,8;0,966666667;1,066666667;1,033333333;2016;;;;;;;
7;14;5;0,633333333;0,8;0,966666667;1,066666667;1,033333333;1,8;2016;;;;;;;
3;15;5;0,8;0,966666667;1,066666667;1,033333333;1,8;1,133333333;2016;;;;;;;
6;16;5;0,966666667;1,066666667;1,033333333;1,8;1,133333333;0,875;2016;;;;;;;
6;17;5;1,066666667;1,033333333;1,8;1,133333333;0,875;0,725;2016;;;;;;;
9;18;5;1,033333333;1,8;1,133333333;0,875;0,725;0,925;2016;;;;;;;
2;19;5;1,8;1,133333333;0,875;0,725;0,925;0,675;2016;;;;;;;
3;20;5;1,133333333;0,875;0,725;0,925;0,675;0,875;2016;;;;;;;
8;21;5;0,875;0,725;0,925;0,675;0,875;1,375;2016;;;;;;;
5;22;5;0,725;0,925;0,675;0,875;1,375;0,95;2016;;;;;;;
4;23;5;0,925;0,675;0,875;1,375;0,95;0,75;2016;;;;;;;
12;24;5;0,675;0,875;1,375;0,95;0,75;1,075;2016;;;;;;;
2;25;5;0,875;1,375;0,95;0,75;1,075;1,225;2016;;;;;;;
3;26;5;1,375;0,95;0,75;1,075;1,225;1,325;2016;;;;;;;
4;27;5;0,95;0,75;1,075;1,225;1,325;0,65;2016;;;;;;;
9;28;5;0,75;1,075;1,225;1,325;0,65;0,975;2016;;;;;;;
2;29;5;1,075;1,225;1,325;0,65;0,975;0,7;2016;;;;;;;
0;30;5;1,225;1,325;0,65;0,975;0,7;0,7;2016;;;;;;;
2;31;5;1,325;0,65;0,975;0,7;0,7;1,2;2016;;;;;;;
9;1;6;0,65;0,975;0,7;0,7;1,2;1,2;2016;;;;;;;
2;2;6;0,975;0,7;0,7;1,2;1,2;0,95;2016;;;;;;;
6;3;6;0,7;0,7;1,2;1,2;0,95;0,875;2016;;;;;;;
5;4;6;0,7;1,2;1,2;0,95;0,875;1,025;2016;;;;;;;
5;5;6;1,2;1,2;0,95;0,875;1,025;0,85;2016;;;;;;;
5;6;6;1,2;0,95;0,875;1,025;0,85;0,65;2016;;;;;;;
6;7;6;0,95;0,875;1,025;0,85;0,65;0,725;2016;;;;;;;
1;8;6;0,875;1,025;0,85;0,65;0,725;0,7;2016;;;;;;;
4;9;6;1,025;0,85;0,65;0,725;0,7;0,75;2016;;;;;;;
6;10;6;0,85;0,65;0,725;0,7;0,75;0,8;2016;;;;;;;
5;11;6;0,65;0,725;0,7;0,75;0,8;0,575;2016;;;;;;;
5;12;6;0,725;0,7;0,75;0,8;0,575;0,6;2016;;;;;;;
3;13;6;0,7;0,75;0,8;0,575;0,6;0,75;2016;;;;;;;
1;14;6;0,75;0,8;0,575;0,6;0,75;1,025;2016;;;;;;;
4;15;6;0,8;0,575;0,6;0,75;1,025;0,95;2016;;;;;;;
3;16;6;0,575;0,6;0,75;1,025;0,95;1,15;2016;;;;;;;
5;17;6;0,6;0,75;1,025;0,95;1,15;1,225;2016;;;;;;;
3;18;6;0,75;1,025;0,95;1,15;1,225;1,1;2016;;;;;;;
3;19;6;1,025;0,95;1,15;1,225;1,1;0,75;2016;;;;;;;
4;20;6;0,95;1,15;1,225;1,1;0,75;0,475;2016;;;;;;;
4;21;6;1,15;1,225;1,1;0,75;0,475;0,725;2016;;;;;;;
6;22;6;1,225;1,1;0,75;0,475;0,725;0,775;2016;;;;;;;
7;23;6;1,1;0,75;0,475;0,725;0,775;0,9;2016;;;;;;;
4;24;6;0,75;0,475;0,725;0,775;0,9;0,775;2016;;;;;;;
8;25;6;0,475;0,725;0,775;0,9;0,775;0,7;2016;;;;;;;
2;26;6;0,725;0,775;0,9;0,775;0,7;0,575;2016;;;;;;;
4;27;6;0,775;0,9;0,775;0,7;0,575;0,625;2016;;;;;;;
6;28;6;0,9;0,775;0,7;0,575;0,625;0,625;2016;;;;;;;
1;29;6;0,775;0,7;0,575;0,625;0,625;0,95;2016;;;;;;;
4;30;6;0,7;0,575;0,625;0,625;0,95;0,95;2016;;;;;;;
5;1;7;0,575;0,625;0,625;0,95;0,95;1;2016;;;;;;;
2;2;7;0,625;0,625;0,95;0,95;1;0,725;2016;;;;;;;
3;3;7;0,625;0,95;0,95;1;0,725;0,575;2016;;;;;;;
2;4;7;0,95;0,95;1;0,725;0,575;0,5;2016;;;;;;;
4;5;7;0,95;1;0,725;0,575;0,5;0,65;2016;;;;;;;
2;6;7;1;0,725;0,575;0,5;0,65;0,725;2016;;;;;;;
2;7;7;0,725;0,575;0,5;0,65;0,725;0,85;2016;;;;;;;
4;8;7;0,575;0,5;0,65;0,725;0,85;0,575;2016;;;;;;;
4;9;7;0,5;0,65;0,725;0,85;0,575;0,625;2016;;;;;;;
6;10;7;0,65;0,725;0,85;0,575;0,625;0,625;2016;;;;;;;
5;11;7;0,725;0,85;0,575;0,625;0,625;0,55;2016;;;;;;;
4;12;7;0,85;0,575;0,625;0,625;0,55;0,65;2016;;;;;;;
9;13;7;0,575;0,625;0,625;0,55;0,65;0,9;2016;;;;;;;
5;14;7;0,625;0,625;0,55;0,65;0,9;0,925;2016;;;;;;;
11;15;7;0,625;0,55;0,65;0,9;0,925;0,75;2016;;;;;;;
5;16;7;0,55;0,65;0,9;0,925;0,75;0,8;2016;;;;;;;
2;17;7;0,65;0,9;0,925;0,75;0,8;0,6;2016;;;;;;;
3;18;7;0,9;0,925;0,75;0,8;0,6;0,575;2016;;;;;;;
2;19;7;0,925;0,75;0,8;0,6;0,575;0,875;2016;;;;;;;
3;20;7;0,75;0,8;0,6;0,575;0,875;0,8;2016;;;;;;;
3;21;7;0,8;0,6;0,575;0,875;0,8;0,85;2016;;;;;;;
5;22;7;0,6;0,575;0,875;0,8;0,85;0,8;2016;;;;;;;
4;23;7;0,575;0,875;0,8;0,85;0,8;0,9;2016;;;;;;;
4;24;7;0,875;0,8;0,85;0,8;0,9;0,533333333;2016;;;;;;;
4;25;7;0,8;0,85;0,8;0,9;0,533333333;0,5;2016;;;;;;;
2;26;7;0,85;0,8;0,9;0,533333333;0,5;0,625;2016;;;;;;;
2;27;7;0,8;0,9;0,533333333;0,5;0,625;0,575;2016;;;;;;;
2;28;7;0,9;0,533333333;0,5;0,625;0,575;0,75;2016;;;;;;;
7;29;7;0,533333333;0,5;0,625;0,575;0,75;0,75;2016;;;;;;;
6;30;7;0,5;0,625;0,575;0,75;0,75;0,45;2016;;;;;;;
2;31;7;0,625;0,575;0,75;0,75;0,45;0,675;2016;;;;;;;
4;1;8;0,575;0,75;0,75;0,45;0,675;0,55;2016;;;;;;;
4;2;8;0,75;0,75;0,45;0,675;0,55;0,6;2016;;;;;;;
3;3;8;0,75;0,45;0,675;0,55;0,6;0,675;2016;;;;;;;
3;4;8;0,45;0,675;0,55;0,6;0,675;0,4;2016;;;;;;;
4;5;8;0,675;0,55;0,6;0,675;0,4;0,35;2016;;;;;;;
6;6;8;0,55;0,6;0,675;0,4;0,35;0,475;2016;;;;;;;
4;7;8;0,6;0,675;0,4;0,35;0,475;0,5;2016;;;;;;;
4;8;8;0,675;0,4;0,35;0,475;0,5;0,5;2016;;;;;;;
2;9;8;0,4;0,35;0,475;0,5;0,5;0,4;2016;;;;;;;
2;10;8;0,35;0,475;0,5;0,5;0,4;0,4;2016;;;;;;;
2;11;8;0,475;0,5;0,5;0,4;0,4;0,366666667;2016;;;;;;;
2;12;8;0,5;0,5;0,4;0,4;0,366666667;0,4;2016;;;;;;;
1;13;8;0,5;0,4;0,4;0,366666667;0,4;0,433333333;2016;;;;;;;
3;14;8;0,4;0,4;0,366666667;0,4;0,433333333;0,475;2016;;;;;;;
3;15;8;0,4;0,366666667;0,4;0,433333333;0,475;0,475;2016;;;;;;;
2;16;8;0,366666667;0,4;0,433333333;0,475;0,475;0,375;2016;;;;;;;
3;17;8;0,4;0,433333333;0,475;0,475;0,375;0,725;2016;;;;;;;
1;18;8;0,433333333;0,475;0,475;0,375;0,725;0,75;2016;;;;;;;
1;19;8;0,475;0,475;0,375;0,725;0,75;0,75;2016;;;;;;;
3;20;8;0,475;0,375;0,725;0,75;0,75;0,85;2016;;;;;;;
2;21;8;0,375;0,725;0,75;0,75;0,85;0,85;2016;;;;;;;
4;22;8;0,725;0,75;0,75;0,85;0,85;0,75;2016;;;;;;;
3;23;8;0,75;0,75;0,85;0,85;0,75;0,533333333;2016;;;;;;;
1;24;8;0,75;0,85;0,85;0,75;0,533333333;0,633333333;2016;;;;;;;
4;25;8;0,85;0,85;0,75;0,533333333;0,633333333;0,975;2016;;;;;;;
2;26;8;0,85;0,75;0,533333333;0,633333333;0,975;1,3;2016;;;;;;;
1;27;8;0,75;0,533333333;0,633333333;0,975;1,3;1,125;2016;;;;;;;
3;28;8;0,533333333;0,633333333;0,975;1,3;1,125;1,025;2016;;;;;;;
3;29;8;0,633333333;0,975;1,3;1,125;1,025;0,7;2016;;;;;;;
2;30;8;0,975;1,3;1,125;1,025;0,7;0,775;2016;;;;;;;
5;31;8;1,3;1,125;1,025;0,7;0,775;0,75;2016;;;;;;;
8;1;9;1,125;1,025;0,7;0,775;0,75;0,85;2016;;;;;;;
6;2;9;1,025;0,7;0,775;0,75;0,85;1,25;2016;;;;;;;
3;3;9;0,7;0,775;0,75;0,85;1,25;1,525;2016;;;;;;;
4;4;9;0,775;0,75;0,85;1,25;1,525;1,3;2016;;;;;;;
5;5;9;0,75;0,85;1,25;1,525;1,3;0,75;2016;;;;;;;
3;6;9;0,85;1,25;1,525;1,3;0,75;1,15;2016;;;;;;;
6;7;9;1,25;1,525;1,3;0,75;1,15;1,45;2016;;;;;;;
4;8;9;1,525;1,3;0,75;1,15;1,45;1,325;2016;;;;;;;
4;9;9;1,3;0,75;1,15;1,45;1,325;1;2016;;;;;;;
5;10;9;0,75;1,15;1,45;1,325;1;0,966666667;2016;;;;;;;
3;11;9;1,15;1,45;1,325;1;0,966666667;0,666666667;2016;;;;;;;
5;12;9;1,45;1,325;1;0,966666667;0,666666667;0,733333333;2016;;;;;;;
4;13;9;1,325;1;0,966666667;0,666666667;0,733333333;1,2;2016;;;;;;;
6;14;9;1;0,966666667;0,666666667;0,733333333;1,2;1,3;2016;;;;;;;
3;15;9;0,966666667;0,666666667;0,733333333;1,2;1,3;1,05;2016;;;;;;;
6;16;9;0,666666667;0,733333333;1,2;1,3;1,05;2,05;2016;;;;;;;
1;17;9;0,733333333;1,2;1,3;1,05;2,05;1,675;2016;;;;;;;
5;18;9;1,2;1,3;1,05;2,05;1,675;1,175;2016;;;;;;;
3;19;9;1,3;1,05;2,05;1,675;1,175;1,65;2016;;;;;;;
4;20;9;1,05;2,05;1,675;1,175;1,65;1,5;2016;;;;;;;
3;21;9;2,05;1,675;1,175;1,65;1,5;1,625;2016;;;;;;;
4;22;9;1,675;1,175;1,65;1,5;1,625;1,8;2016;;;;;;;
3;23;9;1,175;1,65;1,5;1,625;1,8;1,55;2016;;;;;;;
6;24;9;1,65;1,5;1,625;1,8;1,55;1,175;2016;;;;;;;
7;25;9;1,5;1,625;1,8;1,55;1,175;1;2016;;;;;;;
5;26;9;1,625;1,8;1,55;1,175;1;0,925;2016;;;;;;;
2;27;9;1,8;1,55;1,175;1;0,925;1,225;2016;;;;;;;
4;28;9;1,55;1,175;1;0,925;1,225;1,175;2016;;;;;;;
5;29;9;1,175;1;0,925;1,225;1,175;1,6;2016;;;;;;;
2;30;9;1;0,925;1,225;1,175;1,6;0,975;2016;;;;;;;
3;1;10;0,925;1,225;1,175;1,6;0,975;1,675;2016;;;;;;;
2;2;10;1,225;1,175;1,6;0,975;1,675;1,15;2016;;;;;;;
6;3;10;1,175;1,6;0,975;1,675;1,15;0,8;2016;;;;;;;
3;4;10;1,6;0,975;1,675;1,15;0,8;1,025;2016;;;;;;;
4;5;10;0,975;1,675;1,15;0,8;1,025;1,325;2016;;;;;;;
1;6;10;1,675;1,15;0,8;1,025;1,325;2,375;2016;;;;;;;
3;7;10;1,15;0,8;1,025;1,325;2,375;1,8;2016;;;;;;;
3;8;10;0,8;1,025;1,325;2,375;1,8;1,4;2016;;;;;;;
6;9;10;1,025;1,325;2,375;1,8;1,4;1,575;2016;;;;;;;
6;10;10;1,325;2,375;1,8;1,4;1,575;1,55;2016;;;;;;;
7;11;10;2,375;1,8;1,4;1,575;1,55;2,925;2016;;;;;;;
3;12;10;1,8;1,4;1,575;1,55;2,925;2,725;2016;;;;;;;
13;13;10;1,4;1,575;1,55;2,925;2,725;2,225;2016;;;;;;;
6;14;10;1,575;1,55;2,925;2,725;2,225;1,575;2016;;;;;;;
6;15;10;1,55;2,925;2,725;2,225;1,575;1,525;2016;;;;;;;
7;16;10;2,925;2,725;2,225;1,575;1,525;1,5;2016;;;;;;;
7;17;10;2,725;2,225;1,575;1,525;1,5;1,25;2016;;;;;;;
4;18;10;2,225;1,575;1,525;1,5;1,25;1,9;2016;;;;;;;
8;19;10;1,575;1,525;1,5;1,25;1,9;2;2016;;;;;;;
6;20;10;1,525;1,5;1,25;1,9;2;1,95;2016;;;;;;;
3;21;10;1,5;1,25;1,9;2;1,95;1,65;2016;;;;;;;
6;22;10;1,25;1,9;2;1,95;1,65;2,1;2016;;;;;;;
3;23;10;1,9;2;1,95;1,65;2,1;2,5;2016;;;;;;;
8;24;10;2;1,95;1,65;2,1;2,5;2,475;2016;;;;;;;
2;25;10;1,95;1,65;2,1;2,5;2,475;2,075;2016;;;;;;;
3;26;10;1,65;2,1;2,5;2,475;2,075;1,425;2016;;;;;;;
6;27;10;2,1;2,5;2,475;2,075;1,425;2,075;2016;;;;;;;
3;28;10;2,5;2,475;2,075;1,425;2,075;2,325;2016;;;;;;;
3;29;10;2,475;2,075;1,425;2,075;2,325;1,3;2016;;;;;;;
8;30;10;2,075;1,425;2,075;2,325;1,3;1,275;2016;;;;;;;
8;31;10;1,425;2,075;2,325;1,3;1,275;1,6;2016;;;;;;;
4;1;11;2,075;2,325;1,3;1,275;1,6;2,1;2016;;;;;;;
6;2;11;2,325;1,3;1,275;1,6;2,1;2,1;2016;;;;;;;
6;3;11;1,3;1,275;1,6;2,1;2,1;2,625;2016;;;;;;;
4;4;11;1,275;1,6;2,1;2,1;2,625;2,575;2016;;;;;;;
6;5;11;1,6;2,1;2,1;2,625;2,575;1,8;2016;;;;;;;
5;6;11;2,1;2,1;2,625;2,575;1,8;2,85;2016;;;;;;;
6;7;11;2,1;2,625;2,575;1,8;2,85;2,375;2016;;;;;;;
5;8;11;2,625;2,575;1,8;2,85;2,375;1,75;2016;;;;;;;
5;9;11;2,575;1,8;2,85;2,375;1,75;2,425;2016;;;;;;;
3;10;11;1,8;2,85;2,375;1,75;2,425;3,625;2016;;;;;;;
5;11;11;2,85;2,375;1,75;2,425;3,625;3,35;2016;;;;;;;
5;12;11;2,375;1,75;2,425;3,625;3,35;2,75;2016;;;;;;;
8;13;11;1,75;2,425;3,625;3,35;2,75;2,75;2016;;;;;;;
7;14;11;2,425;3,625;3,35;2,75;2,75;2,45;2016;;;;;;;
6;15;11;3,625;3,35;2,75;2,75;2,45;2,65;2016;;;;;;;
7;16;11;3,35;2,75;2,75;2,45;2,65;2,6;2016;;;;;;;
6;17;11;2,75;2,75;2,45;2,65;2,6;1,85;2016;;;;;;;
2;18;11;2,75;2,45;2,65;2,6;1,85;1,333333333;2016;;;;;;;
3;19;11;2,45;2,65;2,6;1,85;1,333333333;1,3;2016;;;;;;;
6;20;11;2,65;2,6;1,85;1,333333333;1,3;1,166666667;2016;;;;;;;
7;21;11;2,6;1,85;1,333333333;1,3;1,166666667;2,066666667;2016;;;;;;;
2;22;11;1,85;1,333333333;1,3;1,166666667;2,066666667;1,6;2016;;;;;;;
6;23;11;1,333333333;1,3;1,166666667;2,066666667;1,6;1,266666667;2016;;;;;;;
6;24;11;1,3;1,166666667;2,066666667;1,6;1,266666667;2,8;2016;;;;;;;
5;25;11;1,166666667;2,066666667;1,6;1,266666667;2,8;3;2016;;;;;;;
6;26;11;2,066666667;1,6;1,266666667;2,8;3;2,466666667;2016;;;;;;;
5;27;11;1,6;1,266666667;2,8;3;2,466666667;2,666666667;2016;;;;;;;
5;28;11;1,266666667;2,8;3;2,466666667;2,666666667;2,633333333;2016;;;;;;;
7;29;11;2,8;3;2,466666667;2,666666667;2,633333333;4,6;2016;;;;;;;
0;30;11;3;2,466666667;2,666666667;2,633333333;4,6;5,466666667;2016;;;;;;;
6;1;12;2,466666667;2,666666667;2,633333333;4,6;5,466666667;5,466666667;2016;;;;;;;
4;2;12;2,666666667;2,633333333;4,6;5,466666667;5,466666667;5,4;2016;;;;;;;
5;3;12;2,633333333;4,6;5,466666667;5,466666667;5,4;6,166666667;2016;;;;;;;
3;4;12;4,6;5,466666667;5,466666667;5,4;6,166666667;6,133333333;2016;;;;;;;
8;5;12;5,466666667;5,466666667;5,4;6,166666667;6,133333333;4,966666667;2016;;;;;;;
5;6;12;5,466666667;5,4;6,166666667;6,133333333;4,966666667;4,333333333;2016;;;;;;;
4;7;12;5,4;6,166666667;6,133333333;4,966666667;4,333333333;4,3;2016;;;;;;;
2;8;12;6,166666667;6,133333333;4,966666667;4,333333333;4,3;3,833333333;2016;;;;;;;
5;9;12;6,133333333;4,966666667;4,333333333;4,3;3,833333333;4,933333333;2016;;;;;;;
6;10;12;4,966666667;4,333333333;4,3;3,833333333;4,933333333;4,525;2016;;;;;;;
3;11;12;4,333333333;4,3;3,833333333;4,933333333;4,525;6,675;2016;;;;;;;
7;12;12;4,3;3,833333333;4,933333333;4,525;6,675;4,425;2016;;;;;;;
9;13;12;3,833333333;4,933333333;4,525;6,675;4,425;4,425;2016;;;;;;;
5;14;12;4,933333333;4,525;6,675;4,425;4,425;3,725;2016;;;;;;;
2;15;12;4,525;6,675;4,425;4,425;3,725;3,25;2016;;;;;;;
5;16;12;6,675;4,425;4,425;3,725;3,25;5,175;2016;;;;;;;
5;17;12;4,425;4,425;3,725;3,25;5,175;7,025;2016;;;;;;;
7;18;12;4,425;3,725;3,25;5,175;7,025;4,525;2016;;;;;;;
11;19;12;3,725;3,25;5,175;7,025;4,525;5,625;2016;;;;;;;
13;20;12;3,25;5,175;7,025;4,525;5,625;5,05;2016;;;;;;;
6;21;12;5,175;7,025;4,525;5,625;5,05;2,7;2016;;;;;;;
1;22;12;7,025;4,525;5,625;5,05;2,7;3,125;2016;;;;;;;
10;23;12;4,525;5,625;5,05;2,7;3,125;2,125;2016;;;;;;;
5;24;12;5,625;5,05;2,7;3,125;2,125;3,375;2016;;;;;;;
5;25;12;5,05;2,7;3,125;2,125;3,375;5,8;2016;;;;;;;
6;26;12;2,7;3,125;2,125;3,375;5,8;;2016;;;;;;;
8;27;12;3,125;2,125;3,375;5,8;;4,866666667;2016;;;;;;;
5;28;12;2,125;3,375;5,8;;4,866666667;4,766666667;2016;;;;;;;
6;29;12;3,375;5,8;;4,866666667;4,766666667;3,5;2016;;;;;;;
9;30;12;5,8;;4,866666667;4,766666667;3,5;0,866666667;2016;;;;;;;
5;31;12;;4,866666667;4,766666667;3,5;0,866666667;1,533333333;2016;;;;;;;
6;1;1;4,866666667;4,766666667;3,5;0,866666667;1,533333333;2,3;2017;;;;;;;
2;2;1;4,766666667;3,5;0,866666667;1,533333333;2,3;2,333333333;2017;;;;;;;
13;3;1;3,5;0,866666667;1,533333333;2,3;2,333333333;3,833333333;2017;;;;;;;
4;4;1;0,866666667;1,533333333;2,3;2,333333333;3,833333333;3,4;2017;;;;;;;
6;5;1;1,533333333;2,3;2,333333333;3,833333333;3,4;2,9;2017;;;;;;;
6;6;1;2,3;2,333333333;3,833333333;3,4;2,9;3,266666667;2017;;;;;;;
7;7;1;2,333333333;3,833333333;3,4;2,9;3,266666667;2,466666667;2017;;;;;;;
3;8;1;3,833333333;3,4;2,9;3,266666667;2,466666667;1,733333333;2017;;;;;;;
5;9;1;3,4;2,9;3,266666667;2,466666667;1,733333333;2,133333333;2017;;;;;;;
6;10;1;2,9;3,266666667;2,466666667;1,733333333;2,133333333;3,45;2017;;;;;;;
7;11;1;3,266666667;2,466666667;1,733333333;2,133333333;3,45;3,066666667;2017;;;;;;;
7;12;1;2,466666667;1,733333333;2,133333333;3,45;3,066666667;4,733333333;2017;;;;;;;
7;13;1;1,733333333;2,133333333;3,45;3,066666667;4,733333333;4,966666667;2017;;;;;;;
8;14;1;2,133333333;3,45;3,066666667;4,733333333;4,966666667;5,4;2017;;;;;;;
3;15;1;3,45;3,066666667;4,733333333;4,966666667;5,4;5,3;2017;;;;;;;
7;16;1;3,066666667;4,733333333;4,966666667;5,4;5,3;4,8;2017;;;;;;;
8;17;1;4,733333333;4,966666667;5,4;5,3;4,8;4,766666667;2017;;;;;;;
4;18;1;4,966666667;5,4;5,3;4,8;4,766666667;6,166666667;2017;;;;;;;
5;19;1;5,4;5,3;4,8;4,766666667;6,166666667;5,2;2017;;;;;;;
2;20;1;5,3;4,8;4,766666667;6,166666667;5,2;5;2017;;;;;;;
9;21;1;4,8;4,766666667;6,166666667;5,2;5;4,05;2017;;;;;;;
3;22;1;4,766666667;6,166666667;5,2;5;4,05;3,95;2017;;;;;;;
6;23;1;6,166666667;5,2;5;4,05;3,95;5,2;2017;;;;;;;
7;24;1;5,2;5;4,05;3,95;5,2;5,6;2017;;;;;;;
4;25;1;5;4,05;3,95;5,2;5,6;5,2;2017;;;;;;;
5;26;1;4,05;3,95;5,2;5,6;5,2;5,55;2017;;;;;;;
4;27;1;3,95;5,2;5,6;5,2;5,55;6,9;2017;;;;;;;
7;28;1;5,2;5,6;5,2;5,55;6,9;5,15;2017;;;;;;;
2;29;1;5,6;5,2;5,55;6,9;5,15;4,4;2017;;;;;;;
4;30;1;5,2;5,55;6,9;5,15;4,4;2,85;2017;;;;;;;
5;31;1;5,55;6,9;5,15;4,4;2,85;3,6;2017;;;;;;;
4;1;2;6,9;5,15;4,4;2,85;3,6;3,766666667;2017;;;;;;;
7;2;2;5,15;4,4;2,85;3,6;3,766666667;3,066666667;2017;;;;;;;
12;3;2;4,4;2,85;3,6;3,766666667;3,066666667;2,666666667;2017;;;;;;;
2;4;2;2,85;3,6;3,766666667;3,066666667;2,666666667;3,2;2017;;;;;;;
10;5;2;3,6;3,766666667;3,066666667;2,666666667;3,2;3,466666667;2017;;;;;;;
7;6;2;3,766666667;3,066666667;2,666666667;3,2;3,466666667;3,733333333;2017;;;;;;;
3;7;2;3,066666667;2,666666667;3,2;3,466666667;3,733333333;3,566666667;2017;;;;;;;
2;8;2;2,666666667;3,2;3,466666667;3,733333333;3,566666667;3;2017;;;;;;;
4;9;2;3,2;3,466666667;3,733333333;3,566666667;3;4,033333333;2017;;;;;;;
5;10;2;3,466666667;3,733333333;3,566666667;3;4,033333333;4,9;2017;;;;;;;
4;11;2;3,733333333;3,566666667;3;4,033333333;4,9;3,4;2017;;;;;;;
6;12;2;3,566666667;3;4,033333333;4,9;3,4;3,05;2017;;;;;;;
2;13;2;3;4,033333333;4,9;3,4;3,05;2,8;2017;;;;;;;
3;14;2;4,033333333;4,9;3,4;3,05;2,8;3,2;2017;;;;;;;
4;15;2;4,9;3,4;3,05;2,8;3,2;3,1;2017;;;;;;;
4;16;2;3,4;3,05;2,8;3,2;3,1;3,466666667;2017;;;;;;;
6;17;2;3,05;2,8;3,2;3,1;3,466666667;5,066666667;2017;;;;;;;
11;18;2;2,8;3,2;3,1;3,466666667;5,066666667;4,833333333;2017;;;;;;;
11;19;2;3,2;3,1;3,466666667;5,066666667;4,833333333;1,733333333;2017;;;;;;;
7;20;2;3,1;3,466666667;5,066666667;4,833333333;1,733333333;2,233333333;2017;;;;;;;
11;21;2;3,466666667;5,066666667;4,833333333;1,733333333;2,233333333;2,133333333;2017;;;;;;;
4;22;2;5,066666667;4,833333333;1,733333333;2,233333333;2,133333333;2,533333333;2017;;;;;;;
2;23;2;4,833333333;1,733333333;2,233333333;2,133333333;2,533333333;2,233333333;2017;;;;;;;
3;24;2;1,733333333;2,233333333;2,133333333;2,533333333;2,233333333;2,666666667;2017;;;;;;;
5;25;2;2,233333333;2,133333333;2,533333333;2,233333333;2,666666667;2,666666667;2017;;;;;;;
1;26;2;2,133333333;2,533333333;2,233333333;2,666666667;2,666666667;1,6;2017;;;;;;;
1;27;2;2,533333333;2,233333333;2,666666667;2,666666667;1,6;1,2;2017;;;;;;;
2;28;2;2,233333333;2,666666667;2,666666667;1,6;1,2;2,1;2017;;;;;;;
5;1;3;2,666666667;2,666666667;1,6;1,2;2,1;1,266666667;2017;;;;;;;
6;2;3;2,666666667;1,6;1,2;2,1;1,266666667;1,9;2017;;;;;;;
9;3;3;1,6;1,2;2,1;1,266666667;1,9;3,733333333;2017;;;;;;;
6;4;3;1,2;2,1;1,266666667;1,9;3,733333333;2,2;2017;;;;;;;
6;5;3;2,1;1,266666667;1,9;3,733333333;2,2;1,45;2017;;;;;;;
4;6;3;1,266666667;1,9;3,733333333;2,2;1,45;1,55;2017;;;;;;;
7;7;3;1,9;3,733333333;2,2;1,45;1,55;0,8;2017;;;;;;;
3;8;3;3,733333333;2,2;1,45;1,55;0,8;3,4;2017;;;;;;;
6;9;3;2,2;1,45;1,55;0,8;3,4;2,9;2017;;;;;;;
6;10;3;1,45;1,55;0,8;3,4;2,9;3,366666667;2017;;;;;;;
6;11;3;1,55;0,8;3,4;2,9;3,366666667;3,166666667;2017;;;;;;;
4;12;3;0,8;3,4;2,9;3,366666667;3,166666667;1,033333333;2017;;;;;;;
4;13;3;3,4;2,9;3,366666667;3,166666667;1,033333333;1,1;2017;;;;;;;
5;14;3;2,9;3,366666667;3,166666667;1,033333333;1,1;2,066666667;2017;;;;;;;
3;15;3;3,366666667;3,166666667;1,033333333;1,1;2,066666667;2,4;2017;;;;;;;
3;16;3;3,166666667;1,033333333;1,1;2,066666667;2,4;1,733333333;2017;;;;;;;
8;17;3;1,033333333;1,1;2,066666667;2,4;1,733333333;1,8;2017;;;;;;;
4;18;3;1,1;2,066666667;2,4;1,733333333;1,8;2,166666667;2017;;;;;;;
5;19;3;2,066666667;2,4;1,733333333;1,8;2,166666667;1,666666667;2017;;;;;;;
7;20;3;2,4;1,733333333;1,8;2,166666667;1,666666667;0,866666667;2017;;;;;;;
3;21;3;1,733333333;1,8;2,166666667;1,666666667;0,866666667;1,8;2017;;;;;;;
4;22;3;1,8;2,166666667;1,666666667;0,866666667;1,8;2,3;2017;;;;;;;
2;23;3;2,166666667;1,666666667;0,866666667;1,8;2,3;2,8;2017;;;;;;;
2;24;3;1,666666667;0,866666667;1,8;2,3;2,8;2,65;2017;;;;;;;
7;25;3;0,866666667;1,8;2,3;2,8;2,65;1,7;2017;;;;;;;
5;26;3;1,8;2,3;2,8;2,65;1,7;0,9;2017;;;;;;;
4;27;3;2,3;2,8;2,65;1,7;0,9;0,85;2017;;;;;;;
5;28;3;2,8;2,65;1,7;0,9;0,85;1,45;2017;;;;;;;
10;29;3;2,65;1,7;0,9;0,85;1,45;1,75;2017;;;;;;;
5;30;3;1,7;0,9;0,85;1,45;1,75;0,85;2017;;;;;;;
7;31;3;0,9;0,85;1,45;1,75;0,85;1,3;2017;;;;;;;
2;1;4;0,85;1,45;1,75;0,85;1,3;1,3;2017;;;;;;;
1;2;4;1,45;1,75;0,85;1,3;1,3;1,35;2017;;;;;;;
8;3;4;1,75;0,85;1,3;1,3;1,35;1,05;2017;;;;;;;
7;4;4;0,85;1,3;1,3;1,35;1,05;1,25;2017;;;;;;;
5;5;4;1,3;1,3;1,35;1,05;1,25;1,05;2017;;;;;;;
6;6;4;1,3;1,35;1,05;1,25;1,05;1,1;2017;;;;;;;
10;7;4;1,35;1,05;1,25;1,05;1,1;0,8;2017;;;;;;;
8;8;4;1,05;1,25;1,05;1,1;0,8;0,75;2017;;;;;;;
4;9;4;1,25;1,05;1,1;0,8;0,75;0,5;2017;;;;;;;
3;10;4;1,05;1,1;0,8;0,75;0,5;0,6;2017;;;;;;;
6;11;4;1,1;0,8;0,75;0,5;0,6;0,45;2017;;;;;;;
6;12;4;0,8;0,75;0,5;0,6;0,45;0,75;2017;;;;;;;
2;13;4;0,75;0,5;0,6;0,45;0,75;0,6;2017;;;;;;;
1;14;4;0,5;0,6;0,45;0,75;0,6;1;2017;;;;;;;
1;15;4;0,6;0,45;0,75;0,6;1;1,05;2017;;;;;;;
2;16;4;0,45;0,75;0,6;1;1,05;1;2017;;;;;;;
4;17;4;0,75;0,6;1;1,05;1;0,45;2017;;;;;;;
2;18;4;0,6;1;1,05;1;0,45;0,7;2017;;;;;;;
5;19;4;1;1,05;1;0,45;0,7;0,85;2017;;;;;;;
8;20;4;1,05;1;0,45;0,7;0,85;0,9;2017;;;;;;;
5;21;4;1;0,45;0,7;0,85;0,9;1,05;2017;;;;;;;
2;22;4;0,45;0,7;0,85;0,9;1,05;0,9;2017;;;;;;;
6;23;4;0,7;0,85;0,9;1,05;0,9;0,9;2017;;;;;;;
5;24;4;0,85;0,9;1,05;0,9;0,9;0,65;2017;;;;;;;
5;25;4;0,9;1,05;0,9;0,9;0,65;0,75;2017;;;;;;;
6;26;4;1,05;0,9;0,9;0,65;0,75;1,1;2017;;;;;;;
7;27;4;0,9;0,9;0,65;0,75;1,1;0,85;2017;;;;;;;
8;28;4;0,9;0,65;0,75;1,1;0,85;0,9;2017;;;;;;;
3;29;4;0,65;0,75;1,1;0,85;0,9;1,5;2017;;;;;;;
4;30;4;0,75;1,1;0,85;0,9;1,5;1,25;2017;;;;;;;
3;1;5;1,1;0,85;0,9;1,5;1,25;1;2017;;;;;;;
7;2;5;0,85;0,9;1,5;1,25;1;1,6;2017;;;;;;;
8;3;5;0,9;1,5;1,25;1;1,6;0,9;2017;;;;;;;
5;4;5;1,5;1,25;1;1,6;0,9;0,9;2017;;;;;;;
11;5;5;1,25;1;1,6;0,9;0,9;0,9;2017;;;;;;;
9;6;5;1;1,6;0,9;0,9;0,9;0,95;2017;;;;;;;
6;7;5;1,6;0,9;0,9;0,9;0,95;0,6;2017;;;;;;;
7;8;5;0,9;0,9;0,9;0,95;0,6;0,35;2017;;;;;;;
4;9;5;0,9;0,9;0,95;0,6;0,35;0,7;2017;;;;;;;
2;10;5;0,9;0,95;0,6;0,35;0,7;0,85;2017;;;;;;;
2;11;5;0,95;0,6;0,35;0,7;0,85;0,9;2017;;;;;;;
10;12;5;0,6;0,35;0,7;0,85;0,9;0,4;2017;;;;;;;
5;13;5;0,35;0,7;0,85;0,9;0,4;0,6;2017;;;;;;;
3;14;5;0,7;0,85;0,9;0,4;0,6;0,9;2017;;;;;;;
5;15;5;0,85;0,9;0,4;0,6;0,9;1,1;2017;;;;;;;
6;16;5;0,9;0,4;0,6;0,9;1,1;1,25;2017;;;;;;;
5;17;5;0,4;0,6;0,9;1,1;1,25;1,15;2017;;;;;;;
4;18;5;0,6;0,9;1,1;1,25;1,15;1,55;2017;;;;;;;
4;19;5;0,9;1,1;1,25;1,15;1,55;1,1;2017;;;;;;;
2;20;5;1,1;1,25;1,15;1,55;1,1;1,1;2017;;;;;;;
0;21;5;1,25;1,15;1,55;1,1;1,1;1,2;2017;;;;;;;
5;22;5;1,15;1,55;1,1;1,1;1,2;0,9;2017;;;;;;;
4;23;5;1,55;1,1;1,1;1,2;0,9;1;2017;;;;;;;
3;24;5;1,1;1,1;1,2;0,9;1;0,9;2017;;;;;;;
4;25;5;1,1;1,2;0,9;1;0,9;0,65;2017;;;;;;;
5;26;5;1,2;0,9;1;0,9;0,65;0,8;2017;;;;;;;
6;27;5;0,9;1;0,9;0,65;0,8;0,55;2017;;;;;;;
5;28;5;1;0,9;0,65;0,8;0,55;0,45;2017;;;;;;;
6;29;5;0,9;0,65;0,8;0,55;0,45;0,45;2017;;;;;;;
8;30;5;0,65;0,8;0,55;0,45;0,45;0,95;2017;;;;;;;
5;31;5;0,8;0,55;0,45;0,45;0,95;1,05;2017;;;;;;;
2;1;6;0,55;0,45;0,45;0,95;1,05;1,1;2017;;;;;;;
1;2;6;0,45;0,45;0,95;1,05;1,1;1,05;2017;;;;;;;
2;3;6;0,45;0,95;1,05;1,1;1,05;1,25;2017;;;;;;;
3;4;6;0,95;1,05;1,1;1,05;1,25;1,4;2017;;;;;;;
3;5;6;1,05;1,1;1,05;1,25;1,4;0,85;2017;;;;;;;
7;6;6;1,1;1,05;1,25;1,4;0,85;1;2017;;;;;;;
6;7;6;1,05;1,25;1,4;0,85;1;1,15;2017;;;;;;;
6;8;6;1,25;1,4;0,85;1;1,15;0,95;2017;;;;;;;
2;9;6;1,4;0,85;1;1,15;0,95;1,05;2017;;;;;;;
3;10;6;0,85;1;1,15;0,95;1,05;1,05;2017;;;;;;;
7;11;6;1;1,15;0,95;1,05;1,05;0,7;2017;;;;;;;
4;12;6;1,15;0,95;1,05;1,05;0,7;0,65;2017;;;;;;;
3;13;6;0,95;1,05;1,05;0,7;0,65;0,85;2017;;;;;;;
3;14;6;1,05;1,05;0,7;0,65;0,85;0,95;2017;;;;;;;
5;15;6;1,05;0,7;0,65;0,85;0,95;0,65;2017;;;;;;;
2;16;6;0,7;0,65;0,85;0,95;0,65;0,95;2017;;;;;;;
1;17;6;0,65;0,85;0,95;0,65;0,95;0,55;2017;;;;;;;
3;18;6;0,85;0,95;0,65;0,95;0,55;0,55;2017;;;;;;;
0;19;6;0,95;0,65;0,95;0,55;0,55;0,65;2017;;;;;;;
3;20;6;0,65;0,95;0,55;0,55;0,65;1,1;2017;;;;;;;
7;21;6;0,95;0,55;0,55;0,65;1,1;1;2017;;;;;;;
7;22;6;0,55;0,55;0,65;1,1;1;1,1;2017;;;;;;;
8;23;6;0,55;0,65;1,1;1;1,1;1,3;2017;;;;;;;
5;24;6;0,65;1,1;1;1,1;1,3;0,9;2017;;;;;;;
5;25;6;1,1;1;1,1;1,3;0,9;0,7;2017;;;;;;;
1;26;6;1;1,1;1,3;0,9;0,7;0,7;2017;;;;;;;
4;27;6;1,1;1,3;0,9;0,7;0,7;1,25;2017;;;;;;;
2;28;6;1,3;0,9;0,7;0,7;1,25;1,2;2017;;;;;;;
3;29;6;0,9;0,7;0,7;1,25;1,2;1,3;2017;;;;;;;
2;30;6;0,7;0,7;1,25;1,2;1,3;1,15;2017;;;;;;;
4;1;7;0,7;1,25;1,2;1,3;1,15;0,8;2017;;;;;;;
4;2;7;1,25;1,2;1,3;1,15;0,8;1,25;2017;;;;;;;
6;3;7;1,2;1,3;1,15;0,8;1,25;0,8;2017;;;;;;;
8;4;7;1,3;1,15;0,8;1,25;0,8;0,85;2017;;;;;;;
2;5;7;1,15;0,8;1,25;0,8;0,85;0,75;2017;;;;;;;
2;6;7;0,8;1,25;0,8;0,85;0,75;1,1;2017;;;;;;;
6;7;7;1,25;0,8;0,85;0,75;1,1;1,2;2017;;;;;;;
3;8;7;0,8;0,85;0,75;1,1;1,2;0,95;2017;;;;;;;
5;9;7;0,85;0,75;1,1;1,2;0,95;0,8;2017;;;;;;;
3;10;7;0,75;1,1;1,2;0,95;0,8;0,2;2017;;;;;;;
4;11;7;1,1;1,2;0,95;0,8;0,2;0,5;2017;;;;;;;
5;12;7;1,2;0,95;0,8;0,2;0,5;0,65;2017;;;;;;;
2;13;7;0,95;0,8;0,2;0,5;0,65;0,7;2017;;;;;;;
4;14;7;0,8;0,2;0,5;0,65;0,7;0,4;2017;;;;;;;
5;15;7;0,2;0,5;0,65;0,7;0,4;0,7;2017;;;;;;;
4;16;7;0,5;0,65;0,7;0,4;0,7;0,35;2017;;;;;;;
3;17;7;0,65;0,7;0,4;0,7;0,35;0,4;2017;;;;;;;
5;18;7;0,7;0,4;0,7;0,35;0,4;0,5;2017;;;;;;;
6;19;7;0,4;0,7;0,35;0,4;0,5;1,1;2017;;;;;;;
3;20;7;0,7;0,35;0,4;0,5;1,1;0,5;2017;;;;;;;
4;21;7;0,35;0,4;0,5;1,1;0,5;0,6;2017;;;;;;;
6;22;7;0,4;0,5;1,1;0,5;0,6;0,5;2017;;;;;;;
2;23;7;0,5;1,1;0,5;0,6;0,5;0,6;2017;;;;;;;
2;24;7;1,1;0,5;0,6;0,5;0,6;0,3;2017;;;;;;;
4;25;7;0,5;0,6;0,5;0,6;0,3;0,65;2017;;;;;;;
3;26;7;0,6;0,5;0,6;0,3;0,65;0,85;2017;;;;;;;
6;27;7;0,5;0,6;0,3;0,65;0,85;1,45;2017;;;;;;;
4;28;7;0,6;0,3;0,65;0,85;1,45;1,2;2017;;;;;;;
5;29;7;0,3;0,65;0,85;1,45;1,2;0,95;2017;;;;;;;
7;30;7;0,65;0,85;1,45;1,2;0,95;0,85;2017;;;;;;;
2;31;7;0,85;1,45;1,2;0,95;0,85;0,8;2017;;;;;;;
3;1;8;1,45;1,2;0,95;0,85;0,8;0,7;2017;;;;;;;
3;2;8;1,2;0,95;0,85;0,8;0,7;0,75;2017;;;;;;;
4;3;8;0,95;0,85;0,8;0,7;0,75;0,65;2017;;;;;;;
2;4;8;0,85;0,8;0,7;0,75;0,65;0,8;2017;;;;;;;
3;5;8;0,8;0,7;0,75;0,65;0,8;0,55;2017;;;;;;;
1;6;8;0,7;0,75;0,65;0,8;0,55;0,45;2017;;;;;;;
1;7;8;0,75;0,65;0,8;0,55;0,45;0,7;2017;;;;;;;
4;8;8;0,65;0,8;0,55;0,45;0,7;0,65;2017;;;;;;;
4;9;8;0,8;0,55;0,45;0,7;0,65;0,6;2017;;;;;;;
1;10;8;0,55;0,45;0,7;0,65;0,6;0,8;2017;;;;;;;
2;11;8;0,45;0,7;0,65;0,6;0,8;0,65;2017;;;;;;;
2;12;8;0,7;0,65;0,6;0,8;0,65;0,65;2017;;;;;;;
1;13;8;0,65;0,6;0,8;0,65;0,65;0,45;2017;;;;;;;
1;14;8;0,6;0,8;0,65;0,65;0,45;0,5;2017;;;;;;;
4;15;8;0,8;0,65;0,65;0,45;0,5;0,65;2017;;;;;;;
2;16;8;0,65;0,65;0,45;0,5;0,65;0,7;2017;;;;;;;
0;17;8;0,65;0,45;0,5;0,65;0,7;0,7;2017;;;;;;;
1;18;8;0,45;0,5;0,65;0,7;0,7;0,8;2017;;;;;;;
1;19;8;0,5;0,65;0,7;0,7;0,8;0,8;2017;;;;;;;
2;20;8;0,65;0,7;0,7;0,8;0,8;1,1;2017;;;;;;;
5;21;8;0,7;0,7;0,8;0,8;1,1;0,85;2017;;;;;;;
1;22;8;0,7;0,8;0,8;1,1;0,85;1,2;2017;;;;;;;
5;23;8;0,8;0,8;1,1;0,85;1,2;0,9;2017;;;;;;;
4;24;8;0,8;1,1;0,85;1,2;0,9;1,05;2017;;;;;;;
3;25;8;1,1;0,85;1,2;0,9;1,05;0,95;2017;;;;;;;
4;26;8;0,85;1,2;0,9;1,05;0,95;1,1;2017;;;;;;;
2;27;8;1,2;0,9;1,05;0,95;1,1;0,8;2017;;;;;;;
2;28;8;0,9;1,05;0,95;1,1;0,8;1;2017;;;;;;;
4;29;8;1,05;0,95;1,1;0,8;1;1,15;2017;;;;;;;
0;30;8;0,95;1,1;0,8;1;1,15;1,35;2017;;;;;;;
5;31;8;1,1;0,8;1;1,15;1,35;1,5;2017;;;;;;;
3;1;9;0,8;1;1,15;1,35;1,5;1,25;2017;;;;;;;
4;2;9;1;1,15;1,35;1,5;1,25;1,1;2017;;;;;;;
3;3;9;1,15;1,35;1,5;1,25;1,1;0,75;2017;;;;;;;
2;4;9;1,35;1,5;1,25;1,1;0,75;0,6;2017;;;;;;;
7;5;9;1,5;1,25;1,1;0,75;0,6;1,05;2017;;;;;;;
2;6;9;1,25;1,1;0,75;0,6;1,05;1,35;2017;;;;;;;
3;7;9;1,1;0,75;0,6;1,05;1,35;0,95;2017;;;;;;;
2;8;9;0,75;0,6;1,05;1,35;0,95;1,3;2017;;;;;;;
5;9;9;0,6;1,05;1,35;0,95;1,3;1,45;2017;;;;;;;
4;10;9;1,05;1,35;0,95;1,3;1,45;0,75;2017;;;;;;;
4;11;9;1,35;0,95;1,3;1,45;0,75;0,7;2017;;;;;;;
7;12;9;0,95;1,3;1,45;0,75;0,7;1,3;2017;;;;;;;
0;13;9;1,3;1,45;0,75;0,7;1,3;1,25;2017;;;;;;;
5;14;9;1,45;0,75;0,7;1,3;1,25;1,5;2017;;;;;;;
7;15;9;0,75;0,7;1,3;1,25;1,5;1,85;2017;;;;;;;
3;16;9;0,7;1,3;1,25;1,5;1,85;1,5;2017;;;;;;;
8;17;9;1,3;1,25;1,5;1,85;1,5;1,5;2017;;;;;;;
4;18;9;1,25;1,5;1,85;1,5;1,5;1,05;2017;;;;;;;
11;19;9;1,5;1,85;1,5;1,5;1,05;1,25;2017;;;;;;;
7;20;9;1,85;1,5;1,5;1,05;1,25;1,55;2017;;;;;;;
5;21;9;1,5;1,5;1,05;1,25;1,55;1,85;2017;;;;;;;
4;22;9;1,5;1,05;1,25;1,55;1,85;2,2;2017;;;;;;;
4;23;9;1,05;1,25;1,55;1,85;2,2;2;2017;;;;;;;
2;24;9;1,25;1,55;1,85;2,2;2;1,7;2017;;;;;;;
2;25;9;1,55;1,85;2,2;2;1,7;1,5;2017;;;;;;;
4;26;9;1,85;2,2;2;1,7;1,5;1,7;2017;;;;;;;
1;27;9;2,2;2;1,7;1,5;1,7;2,85;2017;;;;;;;
7;28;9;2;1,7;1,5;1,7;2,85;2,85;2017;;;;;;;
6;29;9;1,7;1,5;1,7;2,85;2,85;2,05;2017;;;;;;;
1;30;9;1,5;1,7;2,85;2,85;2,05;1,45;2017;;;;;;;
3;1;10;1,7;2,85;2,85;2,05;1,45;1,55;2017;;;;;;;
4;2;10;2,85;2,85;2,05;1,45;1,55;1,2;2017;;;;;;;
7;3;10;2,85;2,05;1,45;1,55;1,2;2,4;2017;;;;;;;
3;4;10;2,05;1,45;1,55;1,2;2,4;3;2017;;;;;;;
3;5;10;1,45;1,55;1,2;2,4;3;2,45;2017;;;;;;;
3;6;10;1,55;1,2;2,4;3;2,45;3,35;2017;;;;;;;
5;7;10;1,2;2,4;3;2,45;3,35;3,6;2017;;;;;;;
3;8;10;2,4;3;2,45;3,35;3,6;2,9;2017;;;;;;;
4;9;10;3;2,45;3,35;3,6;2,9;3,1;2017;;;;;;;
5;10;10;2,45;3,35;3,6;2,9;3,1;3,75;2017;;;;;;;
3;11;10;3,35;3,6;2,9;3,1;3,75;4,35;2017;;;;;;;
9;12;10;3,6;2,9;3,1;3,75;4,35;4,05;2017;;;;;;;
3;13;10;2,9;3,1;3,75;4,35;4,05;2,8;2017;;;;;;;
1;14;10;3,1;3,75;4,35;4,05;2,8;2,05;2017;;;;;;;
3;15;10;3,75;4,35;4,05;2,8;2,05;2;2017;;;;;;;
3;16;10;4,35;4,05;2,8;2,05;2;1,65;2017;;;;;;;
9;17;10;4,05;2,8;2,05;2;1,65;0,9;2017;;;;;;;
8;18;10;2,8;2,05;2;1,65;0,9;2,65;2017;;;;;;;
8;19;10;2,05;2;1,65;0,9;2,65;3,1;2017;;;;;;;
3;20;10;2;1,65;0,9;2,65;3,1;4,7;2017;;;;;;;
2;21;10;1,65;0,9;2,65;3,1;4,7;2,9;2017;;;;;;;
3;22;10;0,9;2,65;3,1;4,7;2,9;2,2;2017;;;;;;;
4;23;10;2,65;3,1;4,7;2,9;2,2;1,55;2017;;;;;;;
2;24;10;3,1;4,7;2,9;2,2;1,55;2,1;2017;;;;;;;
5;25;10;4,7;2,9;2,2;1,55;2,1;2,2;2017;;;;;;;
3;26;10;2,9;2,2;1,55;2,1;2,2;2,95;2017;;;;;;;
9;27;10;2,2;1,55;2,1;2,2;2,95;3,25;2017;;;;;;;
5;28;10;1,55;2,1;2,2;2,95;3,25;3,3;2017;;;;;;;
1;29;10;2,1;2,2;2,95;3,25;3,3;2,55;2017;;;;;;;
3;30;10;2,2;2,95;3,25;3,3;2,55;;2017;;;;;;;
3;31;10;2,95;3,25;3,3;2,55;;;2017;;;;;;;
5;1;11;3,25;3,3;2,55;;;;2017;;;;;;;
6;2;11;3,3;2,55;;;;;2017;;;;;;;
4;3;11;2,55;;;;;;2017;;;;;;;
8;4;11;;;;;;3,05;2017;;;;;;;
2;5;11;;;;;3,05;3,25;2017;;;;;;;
5;6;11;;;;3,05;3,25;2,5;2017;;;;;;;
2;7;11;;;3,05;3,25;2,5;1,55;2017;;;;;;;
6;8;11;;3,05;3,25;2,5;1,55;2,55;2017;;;;;;;
4;9;11;3,05;3,25;2,5;1,55;2,55;3,65;2017;;;;;;;
3;10;11;3,25;2,5;1,55;2,55;3,65;4,15;2017;;;;;;;
3;11;11;2,5;1,55;2,55;3,65;4,15;5,65;2017;;;;;;;
6;12;11;1,55;2,55;3,65;4,15;5,65;4,066666667;2017;;;;;;;
4;13;11;2,55;3,65;4,15;5,65;4,066666667;3,133333333;2017;;;;;;;
2;14;11;3,65;4,15;5,65;4,066666667;3,133333333;3,1;2017;;;;;;;
5;15;11;4,15;5,65;4,066666667;3,133333333;3,1;3,3;2017;;;;;;;
4;16;11;5,65;4,066666667;3,133333333;3,1;3,3;3,4;2017;;;;;;;
4;17;11;4,066666667;3,133333333;3,1;3,3;3,4;3,133333333;2017;;;;;;;
3;18;11;3,133333333;3,1;3,3;3,4;3,133333333;4,9;2017;;;;;;;
2;19;11;3,1;3,3;3,4;3,133333333;4,9;3,066666667;2017;;;;;;;
5;20;11;3,3;3,4;3,133333333;4,9;3,066666667;1,1;2017;;;;;;;
7;21;11;3,4;3,133333333;4,9;3,066666667;1,1;3,033333333;2017;;;;;;;
4;22;11;3,133333333;4,9;3,066666667;1,1;3,033333333;3,766666667;2017;;;;;;;
5;23;11;4,9;3,066666667;1,1;3,033333333;3,766666667;2,266666667;2017;;;;;;;
6;24;11;3,066666667;1,1;3,033333333;3,766666667;2,266666667;2,633333333;2017;;;;;;;
5;25;11;1,1;3,033333333;3,766666667;2,266666667;2,633333333;2,266666667;2017;;;;;;;
6;26;11;3,033333333;3,766666667;2,266666667;2,633333333;2,266666667;1,633333333;2017;;;;;;;
4;27;11;3,766666667;2,266666667;2,633333333;2,266666667;1,633333333;3,1;2017;;;;;;;
7;28;11;2,266666667;2,633333333;2,266666667;1,633333333;3,1;3,8;2017;;;;;;;
5;29;11;2,633333333;2,266666667;1,633333333;3,1;3,8;5;2017;;;;;;;
7;30;11;2,266666667;1,633333333;3,1;3,8;5;5,1;2017;;;;;;;
2;1;12;1,633333333;3,1;3,8;5;5,1;4;2017;;;;;;;
3;2;12;3,1;3,8;5;5,1;4;3,35;2017;;;;;;;
5;3;12;3,8;5;5,1;4;3,35;0,75;2017;;;;;;;
5;4;12;5;5,1;4;3,35;0,75;1,766666667;2017;;;;;;;
5;5;12;5,1;4;3,35;0,75;1,766666667;2,666666667;2017;;;;;;;
5;6;12;4;3,35;0,75;1,766666667;2,666666667;3,666666667;2017;;;;;;;
2;7;12;3,35;0,75;1,766666667;2,666666667;3,666666667;3,8;2017;;;;;;;
4;8;12;0,75;1,766666667;2,666666667;3,666666667;3,8;3,8;2017;;;;;;;
3;9;12;1,766666667;2,666666667;3,666666667;3,8;3,8;3,533333333;2017;;;;;;;
1;10;12;2,666666667;3,666666667;3,8;3,8;3,533333333;2,366666667;2017;;;;;;;
8;11;12;3,666666667;3,8;3,8;3,533333333;2,366666667;1,8;2017;;;;;;;
5;12;12;3,8;3,8;3,533333333;2,366666667;1,8;2,866666667;2017;;;;;;;
8;13;12;3,8;3,533333333;2,366666667;1,8;2,866666667;3,766666667;2017;;;;;;;
1;14;12;3,533333333;2,366666667;1,8;2,866666667;3,766666667;4,85;2017;;;;;;;
6;15;12;2,366666667;1,8;2,866666667;3,766666667;4,85;5,1;2017;;;;;;;
6;16;12;1,8;2,866666667;3,766666667;4,85;5,1;5,2;2017;;;;;;;
2;17;12;2,866666667;3,766666667;4,85;5,1;5,2;5,5;2017;;;;;;;
8;18;12;3,766666667;4,85;5,1;5,2;5,5;4,533333333;2017;;;;;;;
4;19;12;4,85;5,1;5,2;5,5;4,533333333;3,5;2017;;;;;;;
4;20;12;5,1;5,2;5,5;4,533333333;3,5;2,7;2017;;;;;;;
7;21;12;5,2;5,5;4,533333333;3,5;2,7;2,2;2017;;;;;;;
5;22;12;5,5;4,533333333;3,5;2,7;2,2;1,333333333;2017;;;;;;;
3;23;12;4,533333333;3,5;2,7;2,2;1,333333333;1,533333333;2017;;;;;;;
4;24;12;3,5;2,7;2,2;1,333333333;1,533333333;1,5;2017;;;;;;;
2;25;12;2,7;2,2;1,333333333;1,533333333;1,5;2,7;2017;;;;;;;
7;26;12;2,2;1,333333333;1,533333333;1,5;2,7;1,533333333;2017;;;;;;;
3;27;12;1,333333333;1,533333333;1,5;2,7;1,533333333;;2017;;;;;;;
6;28;12;1,533333333;1,5;2,7;1,533333333;;;2017;;;;;;;
7;29;12;1,5;2,7;1,533333333;;;;2017;;;;;;;
3;30;12;2,7;1,533333333;;;;;2017;;;;;;;
6;31;12;1,533333333;;;;;;2017;;;;;;;
